Date,Futures_Price,USD_Spot_Price,USD_INR,Spot_INR_oz,Spot_INR_10g,Basis,RF,F_theoretical,Arbitrage,Cash_Carry,Reverse_Carry,Spot_Return,Futures_Return,RollingVol
2015-04-02,26548,1202.59,62.067,74641.15353,23997.670207532912,2550.329792467088,9.999999776482581e-05,24037.348439934784,2510.6515600652165,True,False,-0.002462477749171909,0.0014323949827444572,
2015-04-06,26941,1214.7,62.207,75562.8429,24294.0,2647.0,3.0000000260770322e-05,24334.028185667696,2606.9718143323043,True,False,0.012272655328314487,0.014694874534497034,
2015-04-07,26829,1208.6,62.296,75290.94559999999,24206.58305335412,2622.4169466458807,0.00014999999664723872,24246.706350264667,2582.293649735333,True,False,-0.003604783109969645,-0.004165897786021676,
2015-04-08,26682,1202.8,62.192,74804.5376,24050.19936663076,2631.800633369239,0.00017999999225139617,24090.122852080887,2591.8771479191128,True,False,-0.006481336977901717,-0.005494211275539324,
2015-04-09,26452,1195.01,62.306,74456.29306,23938.236230649283,2513.7637693507168,0.00019999999552965163,23978.013272460707,2473.9867275392935,True,False,-0.004666263350538836,-0.008657410944198475,
2015-04-10,26703,1208.05,62.276,75232.5218,24187.799379491054,2515.2006205089456,0.00014999999664723872,24227.89154177505,2475.1084582249496,True,False,0.010371325320390368,0.009444148832488201,
2015-04-13,26616,1198.85,62.407,74816.63195,24054.087787548026,2561.9122124519745,4.999999888241291e-05,24093.76028626121,2522.239713738789,True,False,-0.005543395675399516,-0.003263379928728551,
2015-04-14,26454,1193.58,62.268,74321.83944,23895.008420274244,2558.9915797257563,9.999999776482581e-05,23934.516909604456,2519.4830903955444,True,False,-0.006635368068149356,-0.006105163112320061,
2015-04-15,26644,1202.05,62.36,74959.838,24100.129567412027,2543.8704325879735,0.00014999999664723872,24140.076413775456,2503.923586224544,True,False,0.008547632306810025,0.007156608947077432,
2015-04-16,26533,1197.65,62.317,74633.95505,23995.3558441976,2537.6441558024017,9.999999776482581e-05,24035.030249984407,2497.9697500155926,True,False,-0.004356911591938234,-0.004174743261688571,
2015-04-17,26702,1204.65,62.55,75350.8575,24225.84516212002,2476.1548378799816,0.00013000000268220902,24265.96049740959,2436.039502590411,True,False,0.00955974005008548,0.0063492276786587445,
2015-04-20,26719,1196.5,63.137,75543.42050000001,24287.75555805617,2431.244441943829,0.00013000000268220902,24327.97341015266,2391.026589847341,True,False,0.0025522916718249086,0.0006364538505028519,
2015-04-21,26803,1202.68,62.854,75593.24872,24303.775690838655,2499.2243091613454,0.00019999999552965163,24344.16013238712,2458.839867612882,True,False,0.0006593796470774144,0.003138898732064809,
2015-04-22,26489,1187.3,62.98,74776.154,24041.07383413442,2447.9261658655814,0.00019999999552965163,24081.02175635717,2407.9782436428286,True,False,-0.010867939189778186,-0.011784269073420376,
2015-04-23,26777,1194.0,63.277,75552.738,24290.751201633255,2486.248798366745,0.00019999999552965163,24331.114001000285,2445.8859989997145,True,False,0.010331891599641221,0.010813757612398802,
2015-04-24,26574,1179.38,63.662,75081.68956,24139.305724436155,2434.6942755638447,0.00014999999664723872,24179.317506712956,2394.682493287044,True,False,-0.006254214034047441,-0.007610015920333105,
2015-04-27,26944,1202.0,63.346,76141.89199999999,24480.168469786357,2463.8315302136434,0.00013000000268220902,24520.70493650357,2423.295063496429,True,False,0.014021884679976757,0.013827343890800137,
2015-04-28,27036,1212.1,63.053,76426.5413,24571.68527657659,2464.3147234234093,0.00013000000268220902,24612.373285061054,2423.626714938946,True,False,0.003731435449940551,0.003408673178191414,
2015-04-29,27096,1204.8,63.46,76456.608,24581.351937884803,2514.648062115197,3.0000000260770322e-05,24621.853581061416,2474.1464189385842,True,False,0.0003933291605425126,0.0022168042773628967,
2015-04-30,26593,1184.37,63.529,75241.84173,24190.7958043307,2402.204195669299,4.999999888241291e-05,24230.693776097272,2362.3062239027277,True,False,-0.01601588201511966,-0.018738092254668767,
2015-05-01,26483,1178.5,63.719,75092.8415,24142.891153728677,2340.1088462713233,3.0000000260770322e-05,24182.670363807563,2300.3296361924367,True,False,-0.0019822475504337575,-0.0041450055578079485,
2015-05-04,26747,1188.25,63.516,75472.887,24265.07852813992,2481.9214718600815,3.0000000260770322e-05,24305.059061134303,2441.940938865697,True,False,0.0050482445228442405,0.00991929981708233,
2015-05-05,26852,1193.33,63.369,75620.12877,24312.41782114553,2539.582178854471,8.000000379979611e-05,24352.576431952766,2499.423568047234,True,False,0.0019490221418916648,0.003917988556428892,
2015-05-06,26928,1191.8,63.621,75823.5078,24377.80564888196,2550.19435111804,9.999999776482581e-05,24418.11240489698,2509.8875951030204,True,False,0.0026858725380539054,0.002826331371945018,
2015-05-07,26951,1184.8,64.073,75913.69039999999,24406.80000643014,2544.1999935698586,4.999999888241291e-05,24447.05423475092,2503.9457652490782,True,False,0.0011886684568884257,0.0008537649695461069,
2015-05-08,26903,1188.15,63.711,75698.22465,24337.52621087659,2565.473789123411,3.0000000260770322e-05,24377.62611282198,2525.373887178019,True,False,-0.0028423345881333794,-0.0017825978649912762,
2015-05-11,26853,1184.2,64.007,75797.08940000001,24369.311942385906,2483.688057614094,4.999999888241291e-05,24409.504341499705,2443.4956585002947,True,False,0.0013051857696684951,-0.0018602579960933885,
2015-05-12,27180,1193.5,64.147,76559.44450000001,24614.41461571849,2565.5853842815086,0.00013000000268220902,24655.173379289306,2524.8266207106935,True,False,0.01000759787704817,0.012103862166086037,
2015-05-13,27539,1215.73,64.013,77822.52449000001,25020.50395936149,2518.4960406385107,9.999999776482581e-05,25061.873365738273,2477.1266342617273,True,False,0.016363415777210347,0.013121773097632787,
2015-05-14,27444,1221.52,63.383,77423.60216,24892.247547703635,2551.752452296365,9.999999776482581e-05,24933.40489234006,2510.5951076599413,True,False,-0.0051392355690582855,-0.0034556169919859932,0.007755842378172826
2015-05-15,27473,1223.85,63.44,77641.044,24962.156670471166,2510.843329528834,9.999999776482581e-05,25003.429604262543,2469.570395737457,True,False,0.002804533307972558,0.0010561393628792666,0.0077311055724308885
2015-05-18,27629,1225.74,63.708,78089.44392,25106.320484832897,2522.679515167103,8.000000379979611e-05,25147.790443130307,2481.209556869693,True,False,0.005758681747640496,0.005662241544499604,0.007500739315105822
2015-05-19,27309,1207.51,63.763,76994.46012999999,24754.27528413201,2554.7247158679893,9.999999776482581e-05,24795.20450264237,2513.7954973576307,True,False,-0.014121413733231091,-0.01164962754476189,0.00795973585528793
2015-05-20,27299,1209.28,63.598,76907.78944,24726.410031025443,2572.5899689745565,0.00013000000268220902,24767.354246687028,2531.6457533129724,True,False,-0.0011263084120536496,-0.00036624670787363344,0.007851382486407687
2015-05-21,27130,1206.45,63.58,76706.091,24661.56252511775,2468.4374748822484,0.00013000000268220902,24702.399360441323,2427.6006395586774,True,False,-0.002626045971022784,-0.006209944812547425,0.007810015368841001
2015-05-22,27105,1206.38,63.49,76593.06620000002,24625.22423521469,2479.7757647853105,9.999999776482581e-05,24665.9400781154,2439.0599218846,True,False,-0.0014745654515515788,-0.0009219139585388707,0.007616532691313931
2015-05-26,26917,1187.3,63.972,75953.9556,24419.745559181443,2497.2544408185568,9.999999776482581e-05,24460.121659490862,2456.878340509138,True,False,-0.00837924374892186,-0.006960155453396311,0.007712368948614402
2015-05-27,26900,1188.15,63.826,75834.8619,24381.456074075268,2518.5439259247323,0.00013000000268220902,24421.82908392133,2478.1709160786704,True,False,-0.0015692028754094272,-0.0006317706511117304,0.007605400942723292
2015-05-28,26899,1188.45,63.763,75779.13735,24363.540228591635,2535.4597714083648,3.0000000260770322e-05,24403.682992722384,2495.3170072776156,True,False,-0.0007350845276148061,-3.71754121866541e-05,0.007461393555512345
2015-05-29,26866,1190.5,63.743,75886.0415,24397.910685292652,2468.0893147073475,3.0000000260770322e-05,24438.110080156188,2427.889919843812,True,False,0.0014097391176458882,-0.0012275645547852368,0.007409724554438842
2015-06-01,26690,1189.15,63.594,75622.80510000001,24313.278280579358,2376.7217194206423,8.000000379979611e-05,24353.4383126708,2336.5616873291983,True,False,-0.0034748685741133266,-0.006572583224388744,0.007243776222028183
2015-06-02,26856,1193.38,63.689,76005.17882,24436.214194544023,2419.7858054559765,9.999999776482581e-05,24476.61752442763,2379.382475572369,True,False,0.005043587874424425,0.0062002962613009385,0.007286773290297353
2015-06-03,26806,1185.5,63.997,75868.4435,24392.252801131704,2413.7471988682955,9.999999776482581e-05,24432.583444359923,2373.4165556400767,True,False,-0.0018006465488386687,-0.0018635166214289137,0.007295298708745195
2015-06-04,26564,1176.26,63.964,75238.29464,24189.65538926487,2374.34461073513,4.999999888241291e-05,24229.551480140526,2334.448519859474,True,False,-0.008340495211769397,-0.009068827377837633,0.007177663265375049
2015-06-05,26439,1172.0,63.77,74738.44,24028.948510617778,2410.051489382222,9.999999776482581e-05,24068.678459197436,2370.3215408025644,True,False,-0.006665787090557207,-0.004716722892834095,0.007019879490932433
2015-06-08,26693,1173.95,63.947,75070.58065,24135.734129599565,2557.2658704004352,9.999999776482581e-05,24175.640639677506,2517.3593603224945,True,False,0.004434194853867847,0.009561165962765192,0.006981608674521619
2015-06-09,26754,1176.7,64.01,75320.56700000001,24216.10654749466,2537.893452505341,0.00013000000268220902,24256.205756709438,2497.794243290562,True,False,0.003324485305789346,0.0022826361249963377,0.006496847722867177
2015-06-10,26850,1186.48,63.766,75657.08368,24324.299091742083,2525.700908257917,0.00013000000268220902,24364.577455911385,2485.422544088615,True,False,0.004457841750294036,0.003581826081479181,0.00651395913019972
2015-06-11,26772,1182.3,63.959,75618.7257,24311.966724002123,2460.0332759978774,8.000000379979611e-05,24352.12458969899,2419.8754103010106,True,False,-0.0005071264332249446,-0.002909255716477909,0.0065125508534735685
2015-06-12,26773,1180.8,64.1,75689.27999999998,24334.650441268663,2438.3495587313373,4.999999888241291e-05,24374.785673036495,2398.2143269635053,True,False,0.0009325918319675797,3.735176020600338e-05,0.005804942262864372
2015-06-15,26915,1186.4,64.085,76030.444,24444.337132477052,2470.6628675229476,3.0000000260770322e-05,24484.613022213718,2430.386977786282,True,False,0.004497300232677493,0.005289835014318821,0.005841466015996637
2015-06-16,26831,1181.86,64.166,75835.22875999998,24381.574022216144,2449.425977783856,8.000000379979611e-05,24421.84686341314,2409.1531365868614,True,False,-0.002570894975475531,-0.003125816559189274,0.005798488434917921
2015-06-17,26763,1185.45,64.011,75881.83995,24396.559856607775,2366.440143392225,3.0000000260770322e-05,24436.757025768613,2326.242974231387,True,False,0.0006144488799159712,-0.0025375988539751916,0.005789399327050859
2015-06-18,27031,1201.42,63.577,76382.67934,24557.58333949556,2473.416660504441,3.0000000260770322e-05,24598.04582016829,2432.9541798317114,True,False,0.006578567332593496,0.009964018934715246,0.005891721654789387
2015-06-19,26959,1200.51,63.5,76232.385,24509.262623177456,2449.7373768225443,3.0000000260770322e-05,24549.64548787075,2409.354512129252,True,False,-0.0019695878547256124,-0.0026671621664204294,0.00590248350009086
2015-06-22,26589,1185.45,63.523,75303.34035000001,24210.56805504204,2378.43194495796,3.0000000260770322e-05,24250.458773459246,2338.541226540754,True,False,-0.01226187802596442,-0.013819596943680281,0.006303496560911021
2015-06-23,26478,1178.44,63.607,74957.03308000001,24099.22776536403,2378.7722346359697,8.000000379979611e-05,24139.034234457467,2338.9657655425326,True,False,-0.004609437275549624,-0.004183396908905471,0.006347964625728104
2015-06-24,26418,1175.2,63.526,74655.7552,24002.364749947756,2415.6352500522444,4.999999888241291e-05,24041.951941657793,2376.048058342207,True,False,-0.0040274403103862716,-0.0022686035137934307,0.006067656751389636
2015-06-25,26365,1173.33,63.518,74527.57493999999,23961.153870143226,2403.8461298567745,4.999999888241291e-05,24000.673092592053,2364.326907407947,True,False,-0.0017184264679256562,-0.0020082230192387178,0.005124711060424393
2015-06-26,26399,1175.07,63.452,74560.54164,23971.752902406482,2427.2470975935175,4.999999888241291e-05,24011.289605879636,2387.710394120364,True,False,0.00044224451007318443,0.0012887576645391075,0.005087036515591342
2015-06-29,26508,1180.36,63.707,75197.19451999999,24176.441403700548,2331.558596299452,4.999999888241291e-05,24216.315700699422,2291.6842993005775,True,False,0.008502488509052173,0.004120443579008223,0.005343763070541607
2015-06-30,26301,1172.6,63.604,74582.0504,23978.668124166088,2322.331875833912,9.999999776482581e-05,24018.314938139694,2282.6850618603057,True,False,-0.008214056346852147,-0.007839612951422202,0.005337333372977801
2015-07-01,26182,1168.8,63.55,74277.23999999999,23880.66937804427,2301.3306219557307,3.0000000260770322e-05,23920.016536508632,2261.9834634913677,True,False,-0.00409528790831247,-0.004534809516650943,0.004809651586172663
2015-07-02,26024,1166.15,63.299,73816.12885000001,23732.418811387786,2291.5811886122137,3.0000000260770322e-05,23771.52170372852,2252.4782962714817,True,False,-0.0062273232585654875,-0.006052962586856905,0.00489642757725354
2015-07-06,26335,1170.15,63.264,74028.3696,23800.655746137894,2534.3442538621057,4.999999888241291e-05,23839.91025841877,2495.0897415812287,True,False,0.002871136877251138,0.011879663764302347,0.004950275821130115
2015-07-07,26032,1155.55,63.476,73349.6918,23582.455929397016,2449.544070602984,9.999999776482581e-05,23621.447638128797,2410.552361871203,True,False,-0.009210089900662329,-0.01157230245867063,0.005162812008639731
2015-07-08,26222,1158.28,63.459,73503.29052,23631.839027762147,2590.1609722378525,9.999999776482581e-05,23670.912387505745,2551.087612494255,True,False,0.002091871388442908,0.007272202600528189,0.00502990386658392
2015-07-09,26071,1159.65,63.318,73426.7187,23607.220634333753,2463.779365666247,8.000000379979611e-05,23646.21441901897,2424.7855809810317,True,False,-0.0010422898268175086,-0.0057751676012528196,0.0050291044404267475
2015-07-10,26071,1163.96,63.358,73746.17768,23709.929004774378,2361.070995225622,8.000000379979611e-05,23749.09244043818,2321.9075595618197,True,False,0.004341281439547227,0.0,0.005125437829601336
2015-07-13,26033,1158.0,63.45,73475.1,23622.77557188098,2410.2244281190215,8.000000379979611e-05,23661.79504980196,2371.20495019804,True,False,-0.0036825924978114636,-0.0014586214777109082,0.00513040629884004
2015-07-14,25934,1155.53,63.281,73123.09393,23509.60307682415,2424.396923175849,9.999999776482581e-05,23548.474329178687,2385.525670821313,True,False,-0.004802334013431377,-0.0038101148715538047,0.005157460960697375
2015-07-15,25852,1149.65,63.507,73010.82255,23473.507016895204,2378.4929831047957,0.00013000000268220902,23512.376562956582,2339.6234370434177,True,False,-0.0015365550283430334,-0.003166881726043496,0.0050244819274569835
2015-07-16,25774,1145.15,63.463,72674.65445,23365.42654363657,2408.5734563634287,9.999999776482581e-05,23404.059411600403,2369.940588399597,True,False,-0.004614992565751921,-0.00302173553444965,0.005059534077937367
2015-07-17,25505,1134.1,63.492,72006.2772,23150.538428151172,2354.4615718488276,0.00013000000268220902,23188.87317374888,2316.1268262511185,True,False,-0.009239393154531067,-0.010491720491309548,0.005104311667471844
2015-07-20,25042,1096.95,63.6,69766.02,22430.2795505329,2611.7204494670987,0.00023000000044703483,22467.606291135737,2574.3937088642633,True,False,-0.03160622680013321,-0.018320096128133952,0.007465665182660091
2015-07-21,24908,1101.41,63.583,70030.95203,22515.457112543605,2392.542887456395,0.00029999999329447744,22553.05535599146,2354.944644008541,True,False,0.0037902444283244106,-0.005365378236550393,0.007446552000362912
2015-07-22,24688,1093.45,63.571,69511.70995,22348.51703184529,2339.482968154709,0.00029999999329447744,22385.836504413037,2302.163495586963,True,False,-0.007442089309970117,-0.008871741389400485,0.007424731519700176
2015-07-23,24742,1090.8,63.921,69725.02679999999,22417.09994052116,2324.9000594788413,0.00029999999329447744,22454.53393871829,2287.4660612817097,True,False,0.003064091013271545,0.0021849088198347363,0.007382800947601406
2015-07-24,24729,1099.1,64.106,70458.9046,22653.046956130336,2075.953043869664,0.00029999999329447744,22690.874958912376,2038.1250410876237,True,False,0.010470308502299299,-0.0005255604414396762,0.007758810892896755
2015-07-27,24910,1094.42,64.202,70263.95284,22590.36855659331,2319.6314434066917,0.00028000000864267347,22628.054696798008,2281.945303201992,True,False,-0.0027707209513106964,0.007292685274888789,0.007734108637843573
2015-07-28,24768,1095.35,63.799,69882.23465,22467.643400260422,2300.356599739578,0.00043000001460313797,22505.40226770274,2262.5977322972612,True,False,-0.005447442285537518,-0.005716831866772469,0.007637290283424281
2015-07-29,24729,1096.69,63.821,69991.85249,22502.88632790522,2226.1136720947798,0.00045000001788139346,22540.741477462507,2188.2585225374933,True,False,0.0015673791290817442,-0.0015758534081164286,0.007679029863222688
2015-07-30,24739,1088.99,64.138,69845.64062,22455.87815519154,2283.1218448084583,0.0005999999865889549,22493.931546618023,2245.0684533819767,True,False,-0.002091169113949552,0.0004043017763489284,0.00765494149217183
2015-07-31,24789,1095.65,63.988,70108.4522,22540.373977205138,2248.6260227948624,0.0005799999833106995,22578.53343853939,2210.4665614606092,True,False,0.00375568707740624,0.0020190606116078963,0.007552822217819375
2015-08-03,24696,1086.5,64.177,69728.3105,22418.15567379877,2277.8443262012297,0.0006300000101327896,22456.200512707426,2239.7994872925738,True,False,-0.00543694846889073,-0.0037587191872988047,0.007565292482324413
2015-08-04,24638,1087.45,63.798,69377.1351,22305.250245149262,2332.749754850738,0.0007500000298023224,22343.323848815748,2294.6761511842524,True,False,-0.005049063960497059,-0.002351320660075827,0.007372043329810016
2015-08-05,24545,1085.05,63.692,69109.0046,22219.04435192181,2325.9556480781903,0.0007500000298023224,22256.970807765414,2288.029192234586,True,False,-0.003872312935112133,-0.003781799029766547,0.007366797472814732
2015-08-06,24692,1089.41,63.722,69419.38402000001,22318.83357821467,2373.1664217853286,0.00028000000864267347,22356.066733102198,2335.9332668978022,True,False,0.0044811022847692505,0.005971137021633642,0.007477194932650988
2015-08-07,24796,1094.2,63.739,69743.2138,22422.94719243815,2373.0528075618495,0.0005499999970197678,22460.852474509706,2335.1475254902944,True,False,0.004653985619327353,0.004203045308023519,0.0075876305076828165
2015-08-10,25026,1104.51,63.773,70437.91623,22646.299043516003,2379.7009564839973,0.0006499999761581421,22684.768344163676,2341.2316558363236,True,False,0.009911578214607194,0.009232934603190121,0.007892668478184574
2015-08-11,25323,1109.01,64.332,71344.83132,22937.878798205988,2385.1212017940124,0.0009799999743700027,22977.46662178281,2345.533378217191,True,False,0.012793199100700068,0.011797789226829478,0.008123109887434856
2015-08-12,25898,1125.3,64.855,72981.3315,23464.025431221566,2433.9745687784343,0.0009000000357627869,23504.36676644981,2393.63323355019,True,False,0.022678775472921946,0.022452671976955732,0.009166871894927332
2015-08-13,25763,1115.05,65.203,72704.60515,23375.05591010658,2387.944089893419,0.0008299999684095383,23415.109563830323,2347.890436169677,True,False,-0.0037989484664467357,-0.005226391564062182,0.009163271886132
2015-08-14,25636,1114.11,65.129,72560.87019,23328.84408185574,2307.155918144261,0.0007999999821186065,23368.76092898534,2267.239071014661,True,False,-0.001978928669334467,-0.004941740440605761,0.009107777983872457
2015-08-17,25924,1117.66,65.436,73135.19976000002,23513.495188644367,2410.504811355633,0.0005999999865889549,23553.340801896917,2370.6591981030833,True,False,0.007883981291812668,0.011171566923489208,0.009218431550341414
2015-08-18,25890,1118.01,65.454,73178.22653999999,23527.32860932049,2362.6713906795085,0.0008500000089406968,23567.681926983296,2322.318073016704,True,False,0.0005881453579257697,-0.0013123868020233204,0.009068045522024814
2015-08-19,26084,1134.46,65.109,73863.55614,23747.66702782645,2336.33297217355,0.00039999999105930326,23787.518434229816,2296.481565770184,True,False,0.009321630219908672,0.007465305767509508,0.009222455004188933
2015-08-20,26723,1153.16,65.433,75454.71828000002,24259.237153375027,2463.7628466249735,0.00014999999664723872,24299.447726382496,2423.5522736175044,True,False,0.021313163147164735,0.02420251828417443,0.009992713443351212
2015-08-21,27090,1161.05,66.034,76668.7757,24649.56538653206,2440.43461346794,0.00019999999552965163,24690.52441056233,2399.4755894376685,True,False,0.015961810559669713,0.013640038281873412,0.010349246448640598
2015-08-24,27290,1155.05,66.814,77173.51069999998,24811.841336184025,2478.158663815975,0.00014999999664723872,24852.967870839282,2437.032129160718,True,False,0.006561743494836109,0.007355678623243457,0.010348335886825929
2015-08-25,26595,1140.65,66.28,75602.282,24306.679955632004,2288.320044367996,0.0005299999937415123,24347.72960457547,2247.27039542453,True,False,-0.020569804586878303,-0.02579710652596622,0.011062429957101617
2015-08-26,26341,1125.55,66.004,74290.8022,23885.029723343036,2455.9702766569644,0.0005499999970197678,23925.406609627466,2415.5933903725345,True,False,-0.01749931658651493,-0.00959656752766738,0.011566594335126289
2015-08-27,26197,1125.71,65.968,74260.83728,23875.39578504027,2321.6042149597306,0.0005000000074505806,23915.658101749224,2281.3418982507756,True,False,-0.0004034276634214532,-0.005481760272418778,0.011526866271996415
2015-08-28,26490,1133.96,66.15,75011.45400000001,24116.72448438279,2373.2755156172097,0.0005000000074505806,24157.39376617879,2332.6062338212105,True,False,0.010057098210625835,0.01112240288978355,0.01149029927281815
2015-08-31,26540,1134.5,66.412,75344.414,24223.773530310093,2316.2264696899074,3.0000000260770322e-05,24263.686006824602,2276.3139931753976,True,False,0.004428966407500603,0.0018857256200831844,0.009663179356579406
2015-09-01,26623,1140.11,66.383,75683.92212999999,24332.927847348365,2290.0721526516354,0.0003799999877810478,24373.721324502883,2249.2786754971166,True,False,0.004495960302434254,0.0031224749331848207,0.009667125396088916
2015-09-02,26417,1134.05,66.202,75076.3781,24137.59805166621,2279.4019483337906,0.0002500000037252903,24177.805724301208,2239.194275698792,True,False,-0.008059778574458333,-0.007767761531045969,0.009689854971951547
2015-09-03,26196,1125.25,66.1,74379.025,23913.39399102995,2282.6060089700513,0.00014999999664723872,23953.031316344564,2242.9686836554356,True,False,-0.009331989962729615,-0.008401014950393115,0.009929271902020202
2015-09-04,26256,1123.0,66.685,74887.255,24076.79360843635,2179.20639156365,0.0002500000037252903,24116.899994889398,2139.100005110602,True,False,0.006809735782118425,0.0022878069919279173,0.009845688187714242
2015-09-08,26436,1121.8,66.294,74368.60919999999,23910.04523606668,2525.9547639333214,0.0002500000037252903,23949.873858180694,2486.126141819306,True,False,-0.006949782379471599,0.006832183260471397,0.0099450424115514
2015-09-09,26069,1106.1,66.619,73687.2759,23690.991656887487,2378.008343112513,0.00035000000149011613,23730.650431884605,2338.3495681153945,True,False,-0.009203796379601285,-0.013979848664699443,0.010063582169173479
2015-09-10,26179,1111.55,66.299,73694.65345,23693.36359252174,2485.6364074782614,0.00014999999664723872,23732.636209401906,2446.363790598094,True,False,0.00010011471608073367,0.004210693711698681,0.010068151630785234
2015-09-11,25981,1107.9,66.241,73388.4039,23594.902149275807,2386.0978507241925,0.00023000000044703483,23634.166964950135,2346.8330350498654,True,False,-0.004164313661772617,-0.007592061006481047,0.010102257852542084
2015-09-14,26078,1108.8,66.261,73470.19679999999,23621.199157651063,2456.8008423489373,0.0002500000037252903,23660.546628801425,2417.453371198575,True,False,0.0011139001470436552,0.0037265453525560555,0.010094774715733432
2015-09-15,25982,1105.4,66.447,73450.51380000002,23614.87093092418,2367.1290690758215,0.0005799999833106995,23654.8494492537,2327.1505507463007,True,False,-0.00026794044266923106,-0.003688056427739401,0.010015007199285667
2015-09-16,26285,1119.55,66.219,74135.48144999999,23835.09297988972,2449.9070201102804,0.0005299999937415123,23875.346202507753,2409.6537974922467,True,False,0.009282351852121059,0.01159444369787024,0.010022123659750781
2015-09-17,26176,1131.4,66.071,74752.7294,24033.542655971192,2142.4573440288077,3.0000000260770322e-05,24073.14169720301,2102.8583027969908,True,False,0.008291475634166233,-0.004155473851074811,0.010013566457250878
2015-09-18,26476,1139.4,65.868,75049.9992,24129.11704470558,2346.882955294419,9.999999776482581e-05,24169.012613961768,2306.987386038232,True,False,0.003968822103349565,0.011395701836339887,0.010010713851447016
2015-09-21,26345,1133.3,65.691,74447.6103,23935.444660568744,2409.5553394312556,0.00013000000268220902,23975.07912456528,2369.92087543472,True,False,-0.008058886857430418,-0.004960158595427217,0.010188251033659211
2015-09-22,26242,1124.8,65.91,74135.568,23835.12080634012,2406.879193659879,3.0000000260770322e-05,23874.39291636927,2367.60708363073,True,False,-0.004200243423588346,-0.003917322977725077,0.010144453741187408
2015-09-23,26476,1130.4,66.184,74814.39360000001,24053.36814184899,2422.6318581510095,3.0000000260770322e-05,24092.999848686704,2383.0001513132956,True,False,0.009114877137170557,0.00887748157315239,0.010027374241409759
2015-09-24,26965,1154.01,66.11,76291.6011,24528.301027215584,2436.6989727844157,4.999999888241291e-05,24568.755647633265,2396.2443523667353,True,False,0.019552560629051908,0.018301066532514048,0.009814565923342181
2015-09-25,26744,1146.24,66.17,75846.7008,24385.262365971677,2358.7376340283226,0.00019999999552965163,24425.78221009753,2318.217789902468,True,False,-0.005848646430990946,-0.008229579671392886,0.00985960334444576
2015-09-28,26508,1132.05,66.267,75017.55734999999,24118.68675550983,2389.313244490171,0.00013000000268220902,24158.62464826307,2349.3753517369296,True,False,-0.0109920243344742,-0.008863574891817107,0.010100810430506651
2015-09-29,26253,1127.46,65.837,74228.58402000001,23865.02612889225,2387.9738711077516,3.0000000260770322e-05,23904.34751264345,2348.6524873565504,True,False,-0.01057287876804731,-0.009666306004176726,0.010235179304279475
2015-09-30,25803,1115.0,65.517,73051.455,23486.570643175208,2316.429356824792,4.999999888241291e-05,23525.307133698072,2277.692866301928,True,False,-0.015985249508774925,-0.017289503984351536,0.01066808069735826
2015-10-01,25782,1113.55,65.631,73083.40005,23496.84120758114,2285.1587924188607,0.00017999999225139617,23535.8461149324,2246.1538850676006,True,False,0.0004371996057737158,-0.0008141902165390559,0.010521031014179658
2015-10-05,26094,1135.75,65.134,73975.9405,23783.799411641776,2310.200588358224,8.000000379979611e-05,23823.08486449619,2270.9151355038084,True,False,0.012138656491500449,0.012028828822643391,0.009989419476088687
2015-10-06,26512,1147.11,65.129,74710.12719,24019.845737617954,2492.154262382046,4.999999888241291e-05,24059.461760787613,2452.5382392123865,True,False,0.009875742475630918,0.015892057840650838,0.009697763820384604
2015-10-07,26449,1145.4,64.907,74344.47780000001,23902.286816596203,2546.7131834037973,4.999999888241291e-05,23941.708949389136,2507.2910506108637,True,False,-0.004906257320898536,-0.002379110277973154,0.009620735248923257
2015-10-08,26351,1138.96,64.819,73826.24824,23735.67226839423,2615.3277316057683,3.0000000260770322e-05,23774.780521317047,2576.219478682953,True,False,-0.006995061534323108,-0.003712125474834223,0.008978264381478354
2015-10-09,26515,1157.53,64.78,74984.7934,24108.152908836622,2406.8470911633776,3.0000000260770322e-05,24147.874882193835,2367.125117806165,True,False,0.015571002731627055,0.006204385657693698,0.008885969218023777
2015-10-12,26678,1164.0,64.795,75421.38,24248.51865545678,2429.481344543219,9.999999776482581e-05,24288.611645746743,2389.3883542532567,True,False,0.005805450884486505,0.0061286451297588905,0.008940916726607368
2015-10-13,26872,1168.8,65.098,76086.54239999999,24462.37317343707,2409.6268265629296,4.999999888241291e-05,24502.71905879411,2369.2809412058887,True,False,0.008780619034117188,0.007245596591139215,0.008896878817494326
2015-10-14,27088,1185.19,64.736,76724.45984000001,24667.468239908696,2420.531760091304,9.999999776482581e-05,24708.25392989962,2379.74607010038,True,False,0.008349152041739685,0.008005973080787912,0.008985314378536526
2015-10-15,27142,1183.11,64.779,76640.68268999999,24640.53328082048,2501.4667191795197,4.999999888241291e-05,24681.173006322006,2460.8269936779943,True,False,-0.0010925188990277021,0.001991518268399493,0.008959759866792958
2015-10-16,27029,1177.2,64.703,76168.37160000001,24488.681852524638,2540.318147475362,4.999999888241291e-05,24529.071128886422,2499.9288711135778,True,False,-0.006181735712750089,-0.0041719799856367425,0.008904870871453856
2015-10-19,26882,1170.45,64.919,75984.44355,24429.54765540855,2452.452344591449,4.999999888241291e-05,24469.839401513535,2412.1605984864655,True,False,-0.0024176764578350586,-0.00545344602458569,0.00872988175805002
2015-10-20,26993,1176.11,65.024,76475.37663999999,24587.386191264643,2405.6138087353575,9.999999776482581e-05,24628.039471979588,2364.9605280204123,True,False,0.006440185830143878,0.004120655482621561,0.008721237014731873
2015-10-21,26821,1167.1,65.146,76031.8966,24444.804153873356,2376.195846126644,4.999999888241291e-05,24485.121062579437,2335.8789374205626,True,False,-0.0058158706875152235,-0.006392410365381344,0.00868934136069588
2015-10-22,26737,1166.05,64.86,75630.003,24315.59245744048,2421.4075425595183,4.999999888241291e-05,24355.696256802912,2381.303743197088,True,False,-0.005299874810760224,-0.0031367888597818995,0.008563654160239778
2015-10-23,26676,1164.26,64.892,75551.15991999999,24290.243837510247,2385.7561624897535,3.0000000260770322e-05,24330.265834309517,2345.7341656904828,True,False,-0.0010430279225932216,-0.002284089136355165,0.008569727241349872
2015-10-26,26689,1163.2,64.921,75516.10720000001,24278.974134743683,2410.025865256317,8.000000379979611e-05,24319.0775041514,2369.922495848601,True,False,-0.0004640677136392973,0.00048721072827343214,0.008521871573908808
2015-10-27,26790,1166.95,65.112,75982.4484,24428.906200266847,2361.093799733153,9.999999776482581e-05,24469.297446965178,2320.702553034822,True,False,0.006156397611329658,0.0037771880581840907,0.008574725906288827
2015-10-28,26930,1156.1,64.954,75093.3194,24143.044802031924,2786.9551979680764,0.00035000000149011613,24183.460315042783,2746.539684957217,True,False,-0.011770772755157777,0.005212223266990248,0.008890336142204453
2015-10-29,26470,1145.91,65.449,74998.66359,24112.612275145882,2357.3877248541176,0.0005299999937415123,24153.334178376248,2316.665821623752,True,False,-0.0012613041771219274,-0.01722889058449765,0.008748153701486003
2015-10-30,26355,1142.38,65.423,74737.92674000001,24028.783493819028,2326.216506180972,0.0006800000369548797,24069.660572679255,2285.339427320745,True,False,-0.003482610535686124,-0.004354005931839672,0.008644753501894066
2015-11-02,26228,1133.75,65.561,74329.78375,23897.562573343836,2330.4374266561645,0.0005299999937415123,23937.921295967863,2290.0787040321375,True,False,-0.0054759546321855885,-0.004830467905797197,0.008666935788899105
2015-11-03,25863,1117.6,65.569,73279.9144,23560.021991094247,2302.978008905753,0.0005799999833106995,23599.907653555416,2263.092346444584,True,False,-0.014225177166760238,-0.014014166505475344,0.008926010124595226
2015-11-04,25646,1107.44,65.609,72658.03096,23360.08197148231,2285.9180285176917,0.0005499999970197678,23399.571450217838,2246.428549782162,True,False,-0.008522625183974685,-0.008425761858973596,0.009021718700906052
2015-11-05,25791,1103.95,65.86,72706.147,23375.551626022792,2415.4483739772077,0.00039999999105930326,23414.778578576068,2376.221421423932,True,False,0.000662006863485864,0.005637979823492593,0.008835628925878376
2015-11-06,25538,1088.64,66.14,72002.6496,23149.37212853859,2388.627871461409,0.000729999989271164,23188.848474300736,2349.1515256992643,True,False,-0.009723015583480791,-0.00985805485792728,0.008076913321075407
2015-11-09,25699,1092.1,66.475,72597.34749999999,23340.571800601214,2358.428199398786,0.0007500000298023224,23380.412630464958,2318.587369535042,True,False,0.008225467011676927,0.0062845416358147145,0.008248295071484908
2015-11-10,25604,1089.91,66.2,72152.042,23197.402864629385,2406.5971353706154,0.00125,23237.954279223814,2366.0457207761865,True,False,-0.006152798382945049,-0.003703491358547158,0.008101456802764185
2015-11-11,25490,1086.14,66.07,71761.2698,23071.766778658348,2418.233221341652,0.0012300000339746475,23112.060576228214,2377.939423771786,True,False,-0.00543067427893929,-0.004462370891732915,0.0079514712165447
2015-11-12,25341,1085.05,66.055,71672.97775,23043.380246596043,2297.6197534039566,0.0012300000339746475,23083.62446837106,2257.375531628939,True,False,-0.00123111547848197,-0.005862580974554727,0.007440644525860776
2015-11-13,25388,1083.64,66.059,71584.17476000001,23014.82944363175,2373.1705563682517,0.0011299999803304672,23054.834310050974,2333.1656899490263,True,False,-0.0012397705778524003,0.0018529840307544506,0.007438610603072762
2015-11-16,25360,1082.85,65.886,71344.65509999999,22937.82214220264,2422.17785779736,0.0009799999743700027,22977.4098679985,2382.5901320015,True,False,-0.003351596517636618,-0.0011034918751985391,0.007044533680966023
2015-11-17,25038,1070.37,65.981,70624.08296999999,22706.152995643573,2331.8470043564266,0.0013500000536441803,22746.032608632977,2291.967391367023,True,False,-0.010151225228043258,-0.012778458731554634,0.006905597102890496
2015-11-18,25108,1071.14,66.033,70730.58762,22740.395010207856,2367.604989792144,0.0012300000339746475,22780.110081965937,2327.889918034063,True,False,0.001506914058228402,0.0027918496178147996,0.00690778261457608
2015-11-19,25308,1082.4,66.09,71535.816,22999.281752857398,2308.718247142602,0.0008799999952316285,23038.786189397848,2269.213810602152,True,False,0.011320128411843976,0.007934030829352616,0.0072222927453485485
2015-11-20,25252,1078.1,66.058,71217.1298,22896.82183677078,2355.1781632292186,0.0009300000220537186,22936.24454267878,2315.7554573212183,True,False,-0.004464870796651182,-0.0022151907792586603,0.006524977939443685
2015-11-23,25180,1069.34,66.395,70998.82929999998,22826.636648608674,2353.3633513913264,0.0010499999672174453,22866.164040927422,2313.8359590725777,True,False,-0.0030699883871713888,-0.0028553318891780793,0.006371481387650043
2015-11-24,25305,1075.49,66.262,71264.11838,22911.92900477438,2393.0709952256184,0.0015299999713897705,22952.509598094624,2352.4904019053756,True,False,0.0037295640478805796,0.004951976049840263,0.006138879135743428
2015-11-25,25230,1071.39,66.368,71106.01152,22861.09650682399,2368.9034931760107,0.0017499999701976775,22902.001182507724,2327.9988174922764,True,False,-0.0022210687748627283,-0.0029682420130749264,0.005807985919386405
2015-11-27,25071,1058.81,66.907,70841.80067,22776.150809394443,2294.849190605557,0.001599999964237213,22816.622191717655,2254.3778082823446,True,False,-0.003722652023249278,-0.0063219629655575675,0.005805311847303195
2015-11-30,25114,1064.42,66.462,70743.48204,22744.540659411323,2369.459340588677,0.0017000000178813935,22785.143147528437,2328.856852471563,True,False,-0.001388825786430969,0.001713659879363244,0.00576982938081076
2015-12-01,25018,1069.49,66.434,71050.49866,22843.248721205007,2174.7512787949927,0.002029999941587448,22884.648116661214,2133.351883338786,True,False,0.004330467319882714,-0.003829893774222474,0.005901684114207244
2015-12-02,24895,1053.69,66.591,70166.27079,22558.963071680035,2336.036928319965,0.0020000000298023225,22599.79152366957,2295.20847633043,True,False,-0.012523150465533352,-0.004928585698403572,0.005955454457552139
2015-12-03,25043,1062.57,66.79,70969.0503,22817.06248492935,2225.937515070651,0.0019799999892711638,22858.320484002692,2184.679515997308,True,False,0.011376148246106641,0.005927367268018932,0.00646736995575272
2015-12-04,25631,1086.99,66.643,72440.27457,23290.071718616873,2340.928281383127,0.0020499999821186068,23332.319257197756,2298.680742802244,True,False,0.020518552580477026,0.023208209029894317,0.007661570541374076
2015-12-07,25443,1070.39,66.773,71473.15147,22979.13465365634,2463.8653463436603,0.0023499999940395353,23021.385804732603,2421.614195267397,True,False,-0.013440548052622256,-0.007361900344386582,0.007967851127092255
2015-12-08,25424,1074.69,66.857,71850.54933000001,23100.470792676068,2323.5292073239325,0.0026800000667572023,23143.5727628356,2280.4272371644,True,False,0.005266382742660981,-0.0007470462533124846,0.008070243059339344
2015-12-09,25499,1073.21,66.855,71749.45455000001,23067.968090407834,2431.031909592166,0.002450000047683716,23110.572526499796,2388.4274735002036,True,False,-0.0014080054870473045,0.002945625914790596,0.007934684404733404
2015-12-10,25328,1071.54,66.756,71531.72424,22997.96622245085,2330.03377754915,0.0023000000417232516,23040.157312971958,2287.842687028042,True,False,-0.003039205559759297,-0.0067287325704944966,0.0077177115616579835
2015-12-11,25581,1074.89,67.148,72176.71372,23205.335000884144,2375.6649991158556,0.0021299999952316285,23247.581689763094,2333.418310236906,True,False,0.008976422262295987,0.009939385289365908,0.007956746070370547
2015-12-14,25256,1062.9,67.093,71313.14970000001,22927.69292844857,2328.3070715514295,0.0019799999892711638,22969.150970395058,2286.849029604942,True,False,-0.012036731037252902,-0.012786137172331739,0.008188360126998305
2015-12-15,25173,1060.74,66.863,70924.25862,22802.661636150267,2370.3383638497326,0.0025,22844.869958129424,2328.130041870576,True,False,-0.005468210558991182,-0.0032917596996484178,0.008188232658072888
2015-12-16,25372,1072.94,66.476,71324.75944000001,22931.425543749097,2440.5744562509026,0.0023499999940395353,22973.58897329708,2398.411026702921,True,False,0.005630996736882121,0.007874212215608705,0.00792782148696085
2015-12-17,24766,1051.74,66.421,69857.62254000001,22459.730429051397,2306.2695709486034,0.0021299999952316285,22500.619700579045,2265.3802994209545,True,False,-0.02078431734166635,-0.024174458978743877,0.008620135018410751
2015-12-18,25011,1066.19,66.255,70640.41845,22711.40497050171,2299.5950294982904,0.0017499999701976775,22752.041807600184,2258.9581923998157,True,False,0.011143272954030576,0.009843983303679141,0.008910342113290155
2015-12-21,25302,1078.44,66.251,71447.72844,22970.960965807706,2331.039034192294,0.0015299999713897705,23011.646113921353,2290.3538860786466,True,False,0.011363631592399986,0.011567715895891702,0.009026253984735569
2015-12-22,25176,1072.36,66.244,71037.41583999999,22839.042500040185,2336.9574999598153,0.0019300000369548798,22880.24621504405,2295.7537849559485,True,False,-0.005759389672020109,-0.0049922842303720995,0.008933672092445749
2015-12-23,25004,1070.35,66.037,70682.70295,22724.99974279422,2279.0002572057783,0.001899999976158142,22765.941578884864,2238.0584211151363,True,False,-0.005005833098908215,-0.0068553476925398375,0.008912066468878264
2015-12-24,25147,1075.88,65.947,70951.05836000001,22811.277946211845,2335.722053788155,0.0018299999833106995,22852.243743895633,2294.756256104367,True,False,0.0037894316813332574,0.005702793067010499,0.008901769585772146
2015-12-28,25077,1069.05,66.137,70703.75985,22731.769688298747,2345.2303117012525,0.001899999976158142,22772.723721265178,2304.276278734822,True,False,-0.003491568650620566,-0.0027875137514476486,0.008918785935028557
2015-12-29,25106,1068.99,66.235,70804.55265,22764.175301814907,2341.8246981850934,0.002150000035762787,22805.656322087973,2300.3436779120275,True,False,0.001424549770462979,0.0011557700108878195,0.008923953715909053
2015-12-30,25017,1061.45,66.475,70559.88875,22685.514090054174,2331.4859099458263,0.0019499999284744263,22726.478184169515,2290.521815830485,True,False,-0.0034614665734712838,-0.003551267623058712,0.00892524410286638
2015-12-31,24952,1061.3,66.208,70266.5504,22591.203690902952,2360.796309097048,0.0014800000190734863,22631.123225041676,2320.876774958324,True,False,-0.004165961676185039,-0.0026016144674558734,0.008764478875377308
2016-01-04,25423,1074.7,66.579,71552.4513,23004.630122011993,2418.369877988007,0.001550000011920929,23045.41278635904,2377.58721364096,True,False,0.018134892024900026,0.018700296801516393,0.009378405078268705
2016-01-05,25430,1077.66,66.481,71643.91446,23034.036188853344,2395.9638111466556,0.0020499999821186068,23075.819286145575,2354.1807138544245,True,False,0.0012774510296074063,0.0002753033270096569,0.009151105707055454
2016-01-06,25756,1094.45,66.698,72997.6261,23469.264262864304,2286.7357371356957,0.0020499999821186068,23511.836851707718,2244.163148292282,True,False,0.018718705038269168,0.012738030241908864,0.00971799694876868
2016-01-07,26106,1109.25,66.891,74198.84175,23855.463774173328,2250.5362258266723,0.001899999976158142,23898.44227796927,2207.5577220307314,True,False,0.016321618771676226,0.013497563290660899,0.010087987458237597
2016-01-08,25989,1104.24,66.847,73815.13128,23732.09808542447,2256.90191457553,0.001899999976158142,23774.854331008522,2214.1456689914776,True,False,-0.005184798728450659,-0.004491801390485154,0.010150217031939345
2016-01-11,25877,1094.26,66.76,73052.7976,23487.002298776664,2389.9977012233358,0.0017499999701976775,23529.026888958848,2347.973111041152,True,False,-0.01038130696456917,-0.0043188282916697416,0.010351632345255895
2016-01-12,25689,1087.05,66.946,72773.64929999999,23397.254103235966,2291.745896764034,0.0020999999344348905,23439.792395288376,2249.2076047116243,True,False,-0.0038285050057925494,-0.007291658572278436,0.010353280377957226
2016-01-13,25750,1093.49,66.917,73173.07033,23525.67085054737,2224.329149452631,0.002150000035762787,23568.539472693818,2181.4605273061825,True,False,0.005473532097445414,0.0023717423975805133,0.010376821590285011
2016-01-14,25652,1078.0,67.316,72566.648,23330.701689520472,2321.2983104795276,0.0023999999463558195,23373.695313966742,2278.304686033258,True,False,-0.008322039274225937,-0.0038130858231286576,0.010498479500380232
2016-01-15,26126,1089.1,67.775,73813.7525,23731.65479769158,2394.345202308421,0.0022300000488758086,23775.05509369471,2350.944906305289,True,False,0.017039640146600553,0.018309445777755066,0.0106010710287569
2016-01-19,26064,1087.12,67.734,73634.98607999999,23674.180101917787,2389.8198980822126,0.0023000000417232516,23717.6117456567,2346.388254343299,True,False,-0.0024247953466632367,-0.0023759352046821805,0.01046478307249784
2016-01-20,26563,1101.02,67.958,74823.11716,24056.17282942434,2506.8271705756597,0.002529999911785126,24100.760859632268,2462.239140367732,True,False,0.016006623037015336,0.01896421817719754,0.01020725486103963
2016-01-21,26190,1101.6,67.799,74687.3784,24012.531837253042,2177.468162746958,0.0027300000190734865,24057.434440675734,2132.5655593242664,True,False,-0.0018157761672354755,-0.014141611517266369,0.00985151088174803
2016-01-22,26168,1098.3,67.549,74189.06670000001,23852.32102496504,2315.67897503496,0.0028799998760223387,23897.21866086054,2270.7813391394593,True,False,-0.006694323747557171,-0.000840368283537702,0.009934097424859704
2016-01-25,26391,1108.05,67.755,75075.92774999999,24137.453260887032,2253.5467391129678,0.002750000059604645,24182.629215363275,2208.370784636725,True,False,0.01188318117560397,0.00848575270256444,0.010114621779183786
2016-01-27,26736,1125.59,68.144,76702.20496,24660.313135177712,2075.686864822288,0.0030000001192092896,24706.975353108162,2029.0246468918376,True,False,0.02143048437336413,0.01298792891439075,0.010704496379715054
2016-01-28,26701,1115.14,68.053,75888.62242,24398.74046972206,2302.259530277941,0.0031799998879432677,24445.269393037346,2255.730606962654,True,False,-0.010663684883428979,-0.0013099539646663763,0.010882854852415065
2016-01-29,26709,1118.04,67.878,75890.31912,24399.285971032197,2309.7140289678027,0.0030000001192092896,24445.45427364404,2263.5457263559583,True,False,2.2357515250117877e-05,0.0002995693712722775,0.01057748518064508
2016-02-01,26973,1128.85,67.835,76575.53974999998,24619.589354895747,2353.4106451042535,0.0029499998688697817,24666.073147193343,2306.926852806657,True,False,0.008988572898534778,0.009835778411101703,0.010551325358187957
2016-02-02,27008,1129.12,67.975,76751.93199999999,24676.300737859077,2331.6992621409227,0.0033000001311302186,24723.602823105783,2284.3971768942174,True,False,0.0023008574498009,0.001296752742801052,0.010535359309960373
2016-02-03,27285,1142.93,67.934,77643.80662,24963.044872763516,2321.9551272364843,0.003330000042915344,25010.95828942141,2274.041710578589,True,False,0.011553227418711688,0.010203982224648711,0.009697766783602055
2016-02-04,27656,1155.74,67.544,78063.30256,25097.915848698696,2558.084151301304,0.0028299999237060545,25145.05475329235,2510.9452467076517,True,False,0.005388282618112664,0.01350560198112818,0.00959822860010515
2016-02-05,27568,1173.69,67.81,79587.9189,25588.091018695646,1979.9089813043538,0.0027799999713897707,25636.045216548482,1931.9547834515179,True,False,0.019342239892902083,-0.003187022833749621,0.009933182061334905
2016-02-08,28367,1191.14,68.034,81038.01876000002,26054.308601925833,2312.6913980741665,0.0025999999046325685,26102.75034939403,2264.249650605969,True,False,0.018056103242777243,0.028570817937920007,0.010109767725234522
2016-02-09,28325,1188.85,67.901,80724.10384999998,25953.382690050952,2371.617309949048,0.0030000001192092896,26002.4916527992,2322.508347200801,True,False,-0.0038811966484446057,-0.0014816908094237302,0.010075752180277368
2016-02-10,28211,1197.49,67.861,81262.86889000001,26126.599543459746,2084.400456540254,0.0029800000786781313,26175.99323779874,2035.0067622012612,True,False,0.00665197969354076,-0.00403283410590042,0.010083049203210417
2016-02-11,29706,1246.89,68.471,85375.80519000001,27448.938283472922,2257.061716527078,0.0027300000190734865,27500.2668480104,2205.7331519895997,True,False,0.04937355405519073,0.05163707279917131,0.012868725513672824
2016-02-12,29287,1238.05,68.118,84333.48989999999,27113.826386098022,2173.1736139019777,0.0027000001072883606,27164.461322237024,2122.5386777629756,True,False,-0.01228369248228131,-0.014205314048905664,0.01328395465423644
2016-02-16,28800,1200.35,68.474,82192.7659,26425.568151494204,2374.4318485057956,0.0027300000190734865,26474.983049305396,2325.016950694604,True,False,-0.02571176447277946,-0.016768344416535103,0.014395190151189698
2016-02-17,28781,1209.14,68.329,82619.32706,26562.71064671178,2218.289353288219,0.002930000126361847,26612.81946388623,2168.1805361137704,True,False,0.0051763448275905935,-0.0006599399346858942,0.014288779909334089
2016-02-18,29210,1232.35,68.542,84467.7337,27156.98673782693,2053.01326217307,0.0028799998760223387,27208.104803079266,2001.8951969207337,True,False,0.022125974801586182,0.014795669192435214,0.014429342000436194
2016-02-19,29432,1228.19,68.545,84186.28355000001,27066.49848087836,2365.5015191216407,0.0028299999237060545,27117.334777296994,2314.6652227030063,True,False,-0.0033376069643616503,0.007571401402823639,0.014500682124424479
2016-02-22,28916,1208.74,68.533,82838.57842,26633.20154323469,2282.798456765311,0.002930000126361847,26683.443336877288,2232.556663122712,True,False,-0.01613812894178076,-0.01768744266442252,0.014788457100447369
2016-02-23,29234,1227.46,68.561,84155.88506000002,27056.725146687677,2177.274853312323,0.0031799998879432677,27108.322904001227,2125.6770959987734,True,False,0.01577697771530684,0.010937340329050247,0.01477340956765375
2016-02-24,29523,1229.35,68.431,84125.64984999999,27047.00430819682,2475.9956918031785,0.0031499999761581423,27098.51670951583,2424.4832904841714,True,False,-0.0003593407956677461,0.009837205117857208,0.014693790903214673
2016-02-25,29735,1234.64,68.768,84903.72352000001,27297.160615364835,2437.8393846351646,0.003100000023841858,27349.037058722577,2385.962941277423,True,False,0.009206437321219212,0.007155182573598916,0.014449409896633214
2016-02-26,29290,1222.6,68.737,84037.85619999998,27018.778015335887,2271.221984664113,0.003030000030994415,27069.969665561985,2220.0303344380154,True,False,-0.010250583700401661,-0.015078642318914837,0.014631313402235006
2016-02-29,29437,1238.14,68.208,84451.05312000001,27151.62381082515,2285.376189174851,0.0030799999833106993,27203.178953456274,2233.821046543726,True,False,0.004904747143395401,0.005006225654741054,0.01463077517517727
2016-03-01,29097,1232.26,67.753,83489.31178,26842.417020592537,2254.5829794074634,0.003199999928474426,26893.65029648961,2203.34970351039,True,False,-0.011453492484490123,-0.011617310414867707,0.01473823587951438
2016-03-02,29219,1240.3,67.395,83590.01849999999,26874.794958766695,2344.2050412333047,0.003030000030994415,26925.71380871048,2293.2861912895205,True,False,0.001205496000336968,0.004184106522574091,0.014562598829308819
2016-03-03,29381,1263.69,67.122,84821.40018,27270.693066696673,2110.3069333033272,0.002630000114440918,27321.463758163354,2059.536241836646,True,False,0.014623754544101898,0.005529024324104863,0.014629834754646888
2016-03-04,29519,1259.44,66.938,84304.39472000001,27104.4720754899,2414.527924510101,0.0026499998569488527,27154.977945912466,2364.0220540875343,True,False,-0.0061138760146467325,0.004685916893541647,0.01459847667114036
2016-03-07,29597,1267.39,66.989,84901.18871000002,27296.345655633617,2300.654344366383,0.0026499998569488527,27347.209059017878,2249.7909409821223,True,False,0.007054098956091649,0.0026388810225319017,0.014566898726633032
2016-03-08,29819,1261.1,67.313,84888.4243,27292.24180558458,2526.758194415419,0.003050000071525574,27343.99652835835,2475.0034716416485,True,False,-0.00015035560536101817,0.007472769391452261,0.014445502498729605
2016-03-09,29597,1252.94,67.128,84107.35632,27041.12280611507,2555.8771938849313,0.0028799998760223387,27092.022778687286,2504.9772213127144,True,False,-0.009243704650210852,-0.007472769391452165,0.0145869693560069
2016-03-10,29928,1271.44,67.302,85570.45488000002,27511.519565322236,2416.4804346777637,0.003030000030994415,27563.644797854107,2364.3552021458927,True,False,0.017246036038213897,0.011121492203576893,0.014431617092895442
2016-03-11,29504,1248.44,66.921,83546.85324000001,26860.917015769934,2643.0829842300664,0.0030799999833106993,26911.92016820013,2592.0798317998706,True,False,-0.023932479161132923,-0.014268649671661708,0.01507434280238627
2016-03-14,29204,1235.28,67.138,82934.22864,26663.953780121206,2540.0462198787936,0.0030799999833106993,26714.58294137586,2489.4170586241416,True,False,-0.007359723499399815,-0.010220161180344047,0.015187905424691206
2016-03-15,29050,1232.38,67.372,83027.90536,26694.071522497467,2355.9284775025335,0.0032499998807907103,26745.131567183773,2304.868432816227,True,False,0.0011288928105547458,-0.005287202895919051,0.015148039766990315
2016-03-16,28970,1263.08,67.173,84844.87284,27278.239696497174,1691.760303502826,0.0030000001192092896,27329.855552244815,1640.144447755185,True,False,0.021647803243091835,-0.0027576715166611624,0.015537433630078402
2016-03-17,29357,1257.9,66.619,83800.04010000001,26942.31842075651,2414.68157924349,0.002750000059604645,26992.743995373068,2364.256004626932,True,False,-0.012391077682473096,0.013270206907828389,0.015715043985315716
2016-03-18,29135,1255.3,66.384,83331.8352,26791.787162216468,2343.2128377835324,0.002800000011920929,26842.041310104567,2292.958689895433,True,False,-0.005602834575671804,-0.007590818094049928,0.015774440648183445
2016-03-21,28937,1243.74,66.5,82708.71,26591.44790779173,2345.5520922082687,0.0028799998760223387,26641.50144953505,2295.4985504649485,True,False,-0.007505734513391171,-0.006819147515572316,0.015526662452684194
2016-03-22,29047,1248.38,66.755,83335.6069,26792.999791020302,2254.000208979698,0.0029499998688697817,26843.587159451272,2203.412840548728,True,False,0.007550994702821333,0.003794154661966264,0.01525133478096782
2016-03-23,28568,1220.17,66.93,81665.97810000001,26256.202067291466,2311.797932708534,0.002930000126361847,26305.732676067953,2262.2673239320466,True,False,-0.020238421209466586,-0.01662799744928403,0.015714688587386637
2016-03-24,28560,1216.99,66.916,81436.10283999999,26182.295510151587,2377.704489848413,0.002750000059604645,26231.29861653841,2328.70138346159,True,False,-0.0028187918987055026,-0.0002800728207637032,0.015679574705104705
2016-03-28,28400,1221.05,66.608,81331.69840000001,26148.72872827817,2251.271271721831,0.0025499999523162843,26197.238367357735,2202.761632642265,True,False,-0.00128286373008849,-0.005617992304223261,0.012615229580317933
2016-03-29,28616,1242.55,66.375,82474.25624999999,26516.069333033254,2099.930666966746,0.0022499999403953553,26564.60541580758,2051.3945841924215,True,False,0.013950364406068835,0.007576856789556338,0.01275880998339753
2016-03-30,28301,1224.85,66.375,81299.41875,26138.350587554454,2162.6494124455457,0.0018500000238418578,26185.33437702492,2115.6656229750806,True,False,-0.014347332108063264,-0.011068862242769513,0.012145902587754267
2016-03-31,28441,1232.7,66.255,81672.5385,26258.31128329609,2182.6887167039094,0.0019300000369548798,26305.683670934402,2135.3163290655975,True,False,0.004578952210223126,0.004934626346955913,0.01213699199333403
2016-04-01,28056,1222.49,66.365,81130.54884999999,26084.05769447168,1971.9423055283187,0.0021799999475479127,26131.65265880665,1924.3473411933483,True,False,-0.006658247839436763,-0.013629253223025993,0.011412227268488976
2016-04-04,28086,1215.4,66.106,80345.2324,25831.572781198254,2254.4272188017458,0.0018299999833106995,25877.962597100013,2208.037402899987,True,False,-0.009726816436984542,0.0010687187081115956,0.011509920245009228
2016-04-05,28562,1231.14,66.422,81774.78108,26291.183011558183,2270.8169884418166,0.0021799999475479127,26339.15591256984,2222.8440874301596,True,False,0.017636141303545565,0.016805931484752918,0.011684929029189625
2016-04-06,28571,1222.35,66.517,81307.05494999999,26140.805681032678,2430.194318967322,0.002199999988079071,26188.54724179769,2382.452758202311,True,False,-0.005736106777412673,0.0003150543494807963,0.01131007355281591
2016-04-07,28972,1240.69,66.757,82824.74233000001,26628.753140321835,2343.2468596781655,0.002199999988079071,26677.38585086861,2294.61414913139,True,False,0.018494047622267997,0.013937628952857268,0.011865557844131111
2016-04-08,29047,1240.39,66.551,82549.19489000001,26540.162647290505,2506.8373527094955,0.0021799999475479127,26588.58985556607,2458.4101444339285,True,False,-0.0033324198435220353,0.002585361408351672,0.011731229458222626
2016-04-11,29254,1257.95,66.287,83385.73165000002,26809.11526034048,2444.8847396595193,0.0020999999344348905,26857.85661988546,2396.1433801145395,True,False,0.010082794074551447,0.007101108723465136,0.011761949780093605
2016-04-12,29250,1255.94,66.283,83247.47102000001,26764.663468741463,2485.3365312585374,0.0023000000417232516,26813.764781799062,2436.235218200938,True,False,-0.0016594611339548887,-0.00013674278703110728,0.011723557640332938
2016-04-13,29128,1243.14,66.496,82663.83744,26577.021055508227,2550.9789444917733,0.0022300000488758086,26625.624938824563,2502.3750611754367,True,False,-0.007035517865918656,-0.004179662804733227,0.011608120712345965
2016-04-14,28731,1227.39,66.597,81740.49183,26280.158769913352,2450.8412300866476,0.002150000035762787,26328.046636891217,2402.9533631087834,True,False,-0.011232737271904138,-0.01372323166554043,0.011772308679181808
2016-04-15,28918,1234.05,66.66,82261.77299999999,26447.754432780872,2470.245567219128,0.0020999999344348905,26495.838806153406,2422.161193846594,True,False,0.006357021057338127,0.0064875593983425885,0.011493594696080188
2016-04-18,28935,1231.55,66.416,81794.62479999999,26297.56291092642,2637.437089073581,0.0019799999892711638,26345.114379347335,2589.8856206526652,True,False,-0.005694986222341326,0.0005876964198674547,0.011487447544222235
2016-04-19,29255,1250.5,66.15,82720.57500000001,26595.262591026738,2659.737408973262,0.002150000035762787,26643.724642125857,2611.275357874143,True,False,0.011256831938337486,0.010998564214397231,0.011614077465617786
2016-04-20,29249,1244.05,66.166,82313.81229999999,26464.485443760346,2784.5145562396538,0.0021799999475479127,26512.774565629068,2736.225434370932,True,False,-0.004929439619557037,-0.00020511418094609006,0.011636658010703509
2016-04-21,29287,1248.85,66.489,83034.78765,26696.284228463035,2590.715771536965,0.0022499999403953553,26745.15018385052,2541.849816149479,True,False,0.008720726023169844,0.0012983464991821927,0.011661424256327046
2016-04-22,28941,1232.3,66.66,82145.11799999999,26410.249007346436,2530.750992653564,0.0022499999403953553,26458.59139232859,2482.4086076714084,True,False,-0.010772233458580407,-0.011884456701909145,0.011313937559216575
2016-04-25,29183,1237.9,66.685,82549.36150000001,26540.216213609405,2642.783786390595,0.0023800000548362733,26589.080597045147,2593.9194029548526,True,False,0.004909020788451725,0.008327073097446814,0.01052797197409418
2016-04-26,29158,1243.44,66.404,82569.38976,26546.655443921103,2611.344556078897,0.002450000047683716,26595.684698725134,2562.315301274866,True,False,0.00024259219434956685,-0.0008570302713430258,0.010445857029465103
2016-04-27,29319,1246.1,66.362,82693.68819999999,26586.618290546074,2732.3817094539263,0.002450000047683716,26635.72135308811,2683.278646911891,True,False,0.0015042496481671942,0.005506452342178228,0.010447662567820051
2016-04-28,29627,1266.48,66.401,84095.53848,27037.323285160834,2589.6767148391664,0.0020999999344348905,27086.479547222396,2540.520452777604,True,False,0.016810237920830525,0.010450337700275649,0.010132453443467426
2016-04-29,30138,1293.74,66.425,85936.6795,27629.26342694552,2508.7365730544807,0.0019300000369548798,27679.10913724658,2458.8908627534183,True,False,0.02165722478561508,0.017100726270878674,0.01062580094997974
2016-05-02,30213,1291.6,66.346,85692.4936,27550.755895638755,2662.2441043612453,0.0018500000238418578,27600.278489285854,2612.7215107141456,True,False,-0.002845507676254792,0.002485461338154611,0.010579983265880175
2016-05-03,30154,1286.0,66.558,85593.588,27518.95703055926,2635.0429694407394,0.002029999941587448,27568.830330042838,2585.169669957162,True,False,-0.0011548587026877755,-0.0019547109773904838,0.010468295739262239
2016-05-04,29934,1279.49,66.627,85248.58022999999,27408.03453952127,2525.9654604787283,0.0019799999892711638,27457.59397182684,2476.4060281731618,True,False,-0.00403891196861014,-0.007322626249771472,0.010437465719760109
2016-05-05,29868,1278.05,66.558,85064.4519,27348.835950937995,2519.164049062005,0.0018299999833106995,27397.950554823627,2470.0494451763734,True,False,-0.0021622350261108407,-0.0022072849335000467,0.009677774121579455
2016-05-06,30366,1288.7,66.6,85827.42,27594.13570820004,2771.8642917999605,0.0018000000715255738,27643.62267317941,2722.3773268205914,True,False,0.008929309053267543,0.016535888286540765,0.009740377611977978
2016-05-09,29805,1263.85,66.752,84364.5152,27123.801244232964,2681.1987557670363,0.002029999941587448,27172.95839292448,2632.04160707552,True,False,-0.017191658683601507,-0.018647396788106126,0.010326642158734588
2016-05-10,29785,1266.4,66.631,84381.49840000001,27129.26146575145,2655.7385342485504,0.0024300000071525575,27179.322062350646,2605.677937649354,True,False,0.0002012871260783679,-0.0006712535912390607,0.010043407671372158
2016-05-11,29933,1277.69,66.561,85044.32409000001,27342.364714581963,2590.635285418037,0.0024799999594688417,27392.93111586958,2540.068884130422,True,False,0.007824416158683043,0.004956639639928416,0.00970323049385778
2016-05-12,29904,1263.49,66.757,84346.80193,27118.106299934094,2785.893700065906,0.0025799998641014097,27168.481263823545,2735.5187361764547,True,False,-0.008235686472213366,-0.000969300007372042,0.00984410622265037
2016-05-13,30023,1273.6,66.855,85146.528,27375.22401015963,2647.775989840371,0.0025799998641014097,27426.076599412176,2596.9234005878243,True,False,0.009436737187112012,0.003971503876849688,0.009846757124835329
2016-05-16,29963,1273.86,66.844,85149.89783999999,27376.307438069667,2586.692561930333,0.0025799998641014097,27427.162039912666,2535.837960087334,True,False,3.9576168246793845e-05,-0.0020004674427148944,0.009617789562772986
2016-05-17,30045,1280.0,66.825,85536.0,27500.442072435577,2544.557927564423,0.0026800000667572023,27551.75372076596,2493.246279234041,True,False,0.004524132613651407,0.0027329706385494177,0.009167084990144642
2016-05-18,30049,1258.3,67.14,84482.262,27161.65769125661,2887.342308743391,0.0027000001072883606,27212.381952120482,2836.6180478795177,True,False,-0.012395744788834526,0.00013312477138842802,0.009425325534809724
2016-05-19,29800,1255.1,67.436,84638.92360000001,27212.025527673733,2587.9744723262666,0.0028999999165534975,27263.292009815366,2536.7079901846337,True,False,0.001852655470144156,-0.008320989045920948,0.008849192850863446
2016-05-20,29693,1252.3,67.408,84415.0384,27140.04481810729,2552.9551818927102,0.0029800000786781313,27191.354483410738,2501.645516589262,True,False,-0.002648684813307645,-0.0035970657177036244,0.00883926483922604
2016-05-23,29682,1249.24,67.409,84210.01916000001,27074.12965100391,2607.87034899609,0.0031299999356269835,27125.64912368874,2556.3508763112586,True,False,-0.0024316592562134746,-0.0003705263200285462,0.008677205221743239
2016-05-24,29306,1227.0,67.63,82982.01,26679.31583262334,2626.684167376661,0.0034299999475479125,26730.743118583145,2575.2568814168553,True,False,-0.014690069252674165,-0.012748528257793124,0.009096138747200755
2016-05-25,28945,1224.18,67.273,82354.26114,26477.490038098607,2467.5099619013927,0.0031499999761581423,26527.917770398304,2417.082229601696,True,False,-0.007593637768366752,-0.012394795684865383,0.009111357186659834
2016-05-26,28729,1220.15,66.927,81660.97905000001,26254.594836593955,2474.405163406045,0.002750000059604645,26303.733259289613,2425.2667407103872,True,False,-0.008453924381629029,-0.0074904119676784345,0.009008081048246505
2016-05-27,28590,1212.4,67.031,81268.38440000001,26128.372819779124,2461.6271802208757,0.0029800000786781313,26177.769866589162,2412.230133410838,True,False,-0.004819210012409972,-0.004850059229069121,0.00896572887965813
2016-05-31,28610,1215.24,67.209,81675.06516,26259.12362274342,2350.87637725658,0.0028299999237060545,26308.443507734173,2301.556492265827,True,False,0.00499169012974157,0.0006993007277983927,0.008960598848378003
2016-06-01,28626,1213.35,67.434,81821.04389999999,26306.05684247753,2319.94315752247,0.0029499998688697817,26355.724822914064,2270.275177085936,True,False,0.0017857156311602252,0.0005590887000060146,0.00871193485683751
2016-06-02,28554,1210.95,67.268,81458.18460000001,26189.39495555163,2364.60504444837,0.0027000001072883606,26238.303520584464,2315.6964794155356,True,False,-0.004444654726618301,-0.0025183643949965007,0.008703621082896348
2016-06-03,29216,1244.49,67.0,83380.83,26807.539344446766,2408.4606555532337,0.0027000001072883606,26857.602291056388,2358.397708943612,True,False,0.02332861064112683,0.02291947304552951,0.009591795230789651
2016-06-06,29329,1245.24,66.79,83169.57960000001,26739.620814377806,2589.379185622194,0.0025,26789.11655057487,2539.8834494251314,True,False,-0.0025367756680325275,0.0038602832120632814,0.009384366490967262
2016-06-07,29239,1243.85,66.658,82912.5533,26656.985001687914,2582.0149983120864,0.0026499998569488527,26706.65703464992,2532.342965350079,True,False,-0.003095173462753031,-0.003073353054269578,0.009365901960509642
2016-06-08,29491,1262.14,66.5,83932.31000000001,26984.84414937226,2506.1558506277397,0.0023499999940395353,27034.460496728625,2456.539503271375,True,False,0.012224162953925007,0.008581697481841134,0.009622106134648376
2016-06-09,29757,1269.15,66.753,84719.56995,27237.953911939174,2519.046088060826,0.0023999999463558195,27288.147788521153,2468.8522114788466,True,False,0.009335984495355998,0.008979266379773698,0.00975434173171043
2016-06-10,29851,1274.2,66.952,85310.2384,27427.8580867105,2423.141913289499,0.0023999999463558195,27478.401917137828,2372.5980828621723,True,False,0.006947850283700627,0.0031539416830251204,0.009354379607427521
2016-06-13,30181,1284.05,67.187,86271.46734999999,27736.90013985564,2444.0998601443607,0.002450000047683716,27788.127668208646,2392.8723317913536,True,False,0.011204446322566678,0.010994247201951333,0.008710841155190403
2016-06-14,30357,1285.85,67.292,86527.4182,27819.190187599466,2537.8098124005337,0.002630000114440918,27870.98203309504,2486.017966904961,True,False,0.002962415369389526,0.005814546098789792,0.008706978895713055
2016-06-15,30262,1291.49,67.079,86631.85771,27852.7682447313,2409.231755268702,0.0025499999523162843,27904.4391213142,2357.5608786857993,True,False,0.0012062827372712546,-0.0031343333863535546,0.008703828510334728
2016-06-16,30392,1279.14,67.315,86105.3091,27683.479061841914,2708.520938158086,0.002450000047683716,27734.60792632928,2657.3920736707187,True,False,-0.00609654830648444,0.004286615855945319,0.008748024832590854
2016-06-17,30373,1298.6,67.074,87102.29639999999,28004.01768289742,2368.9823171025782,0.0024799999594688417,28055.807731439334,2317.192268560666,True,False,0.01151217705492626,-0.0006253600137974786,0.008967020556425865
2016-06-20,30478,1290.15,67.551,87150.92265000001,28019.651373639626,2458.3486263603736,0.0024799999594688417,28071.47033480442,2406.5296651955796,True,False,0.000558110220601053,0.003451055996142088,0.00883424234446256
2016-06-21,30072,1268.44,67.624,85776.98656,27577.920992814314,2494.0790071856864,0.0026499998569488527,27629.30907741923,2442.6909225807685,True,False,-0.015890610224529693,-0.013410605605792159,0.008747109715185324
2016-06-22,29898,1266.31,67.449,85411.34319,27460.364007266064,2437.6359927339363,0.0026800000667572023,27511.600876013617,2386.3991239863826,True,False,-0.004271832391522452,-0.005802917734554407,0.008791332732134744
2016-06-23,29686,1255.65,67.279,84478.87635,27160.569180317332,2525.430819682668,0.002750000059604645,27211.403235740534,2474.596764259466,True,False,-0.010977397124796508,-0.007116034324749336,0.008913457281352155
2016-06-24,31131,1315.98,67.885,89335.30230000001,28721.94521516871,2409.054784831289,0.0023800000548362733,28774.826477804945,2356.173522195055,True,False,0.05589521318325148,0.04752855308867784,0.013457364638117012
2016-06-27,31218,1324.8,67.914,89972.4672,28926.79833459257,2291.2016654074287,0.0023499999940395353,28979.985303771715,2238.014696228285,True,False,0.007106971255699579,0.002790744244970413,0.013419131817574115
2016-06-28,30999,1312.51,67.715,88876.61465,28574.473821274132,2424.526178725868,0.0025999999046325685,28627.60121244906,2371.398787550941,True,False,-0.01225464791762574,-0.007039905635893844,0.013661475987717442
2016-06-29,30986,1318.89,67.422,88922.20158000001,28589.13034867459,2396.869651325411,0.0025499999523162843,28642.16728248595,2343.832717514051,True,False,0.0005127922892352506,-0.0004194563262275034,0.01364975174050438
2016-06-30,30851,1322.18,67.504,89252.43872,28695.303975436847,2155.6960245631526,0.0024799999594688417,28748.372474487267,2102.627525512733,True,False,0.003706896981470015,-0.004366324837196152,0.013407307459148046
2016-07-01,31077,1342.3,67.19,90189.13699999999,28996.459240921435,2080.5407590785653,0.0024300000071525575,29049.965306713064,2027.034693286936,True,False,0.010440242563235686,0.007298831007170806,0.01349914799922312
2016-07-05,30841,1356.14,67.434,91449.94476,29401.818046200588,1439.1819537994124,0.0023800000548362733,29455.951053224875,1385.048946775125,True,False,0.013882783347253779,-0.007623022153108104,0.013634628761013947
2016-07-06,32018,1363.89,67.411,91941.18879000001,29559.756551513503,2458.243448486497,0.002630000114440918,29614.788863161637,2403.211136838363,True,False,0.005357349566808664,0.037453271064936115,0.013608301862671124
2016-07-07,31817,1360.6,67.495,91833.697,29525.197164306268,2291.802835693732,0.0027000001072883606,29580.335323399617,2236.6646766003832,True,False,-0.0011698203679605928,-0.006297506517769786,0.013223147614153379
2016-07-08,31657,1366.8,67.139,91765.58519999999,29503.298728438916,2153.7012715610836,0.0027300000190734865,29558.46887590371,2098.531124096291,True,False,-0.0007419615404648925,-0.0050414449658785125,0.01308555756628942
2016-07-11,31524,1355.25,67.138,90988.77450000001,29253.548475251984,2270.451524748016,0.002750000059604645,29308.29977647265,2215.7002235273503,True,False,-0.008501196684273883,-0.00421013268085133,0.013087062754016627
2016-07-12,31001,1331.65,66.975,89187.25875,28674.348144099535,2326.6518559004653,0.0029499998688697817,28728.487651634994,2272.512348365006,True,False,-0.019997951506951314,-0.016729698462020885,0.013702916021820862
2016-07-13,31225,1342.85,67.016,89992.4356,28933.218319481726,2291.781680518274,0.0029800000786781313,28987.9180724878,2237.081927512201,True,False,0.008987427651146787,0.007199593982259238,0.013741308803041115
2016-07-14,30895,1335.1,66.843,89242.08929999999,28691.976562123233,2203.0234378767673,0.003030000030994415,28746.33837033047,2148.6616296695283,True,False,-0.008372836471779235,-0.010624697498698524,0.013902412962669591
2016-07-15,30922,1337.85,67.141,89824.58685,28879.253733502665,2042.7462664973355,0.0029800000786781313,28933.85146365419,1988.1485363458087,True,False,0.006505952052687994,0.0008735461674599582,0.013846734812686622
2016-07-18,30950,1328.79,67.137,89210.97422999999,28681.972842284627,2268.0271577153726,0.0028799998760223387,28735.96141522433,2214.0385847756697,True,False,-0.006854671987216748,0.0009050944502023277,0.013428427271200829
2016-07-19,31021,1332.13,67.204,89524.46452,28782.762235761245,2238.2377642387546,0.003100000023841858,28837.46196647105,2183.5380335289483,True,False,0.003507873017852975,0.0022913953644579923,0.01339940001088622
2016-07-20,30666,1315.95,67.163,88383.14985,28415.82132235922,2250.178677640779,0.0031499999761581423,28469.94070560356,2196.0592943964402,True,False,-0.01283059560246072,-0.01150984548086556,0.013653907648610663
2016-07-21,30940,1331.09,67.153,89386.68677,28738.465693571463,2201.534306428537,0.003030000030994415,28792.915583310554,2147.084416689446,True,False,0.011290414610471622,0.008895296130722586,0.01363114880625295
2016-07-22,30794,1322.38,67.154,88803.10652,28550.840426318584,2243.159573681416,0.003030000030994415,28604.934828216985,2189.065171783015,True,False,-0.006550120809070898,-0.004729979337193003,0.013648859964487654
2016-07-25,30814,1315.56,67.412,88684.53072000001,28512.717449804688,2301.282550195312,0.0029800000786781313,28566.622224061553,2247.3777759384466,True,False,-0.0013361586134696558,0.0006492663518561208,0.013620057673484065
2016-07-26,30822,1320.32,67.321,88885.26272,28577.254238269004,2244.7457617309956,0.0030799999833106993,28631.516349018806,2190.483650981194,True,False,0.0022608809935080734,0.0002595885536025047,0.013492919644356005
2016-07-27,30878,1339.86,67.072,89867.08992,28892.918777629526,1985.0812223704743,0.0028299999237060545,28947.18545658014,1930.8145434198595,True,False,0.010985445051642364,0.00181523550654912,0.01361224289678331
2016-07-28,30795,1335.79,67.014,89516.63105999999,28780.24372176764,2014.7562782323585,0.002199999988079071,28832.80574955057,1962.194250449429,True,False,-0.003907370233735915,-0.002691617080728272,0.013644946957452882
2016-07-29,31099,1350.91,66.655,90044.90605,28950.08794830164,2148.9120516983603,0.0023999999463558195,29003.436931349795,2095.5630686502045,True,False,0.005884072086666287,0.009823325188384024,0.013602559994617328
2016-08-01,31011,1353.21,66.764,90345.71244,29046.799376275983,1964.2006237240166,0.0023800000548362733,29100.278742490624,1910.7212575093763,True,False,0.003335058899745287,-0.0028336840729331616,0.013476174743838956
2016-08-02,31282,1363.68,66.682,90932.90976000001,29235.587557670362,2046.412442329638,0.002800000011920929,29290.425614266696,1991.5743857333036,True,False,0.00647841832192065,0.008700871997592402,0.013509474938789531
2016-08-03,31199,1357.9,66.767,90662.9093,29148.78045879081,2050.2195412091896,0.0026800000667572023,29203.167656211906,1995.8323437880936,True,False,-0.0029736440007871014,-0.0026568092323177236,0.01313964724600127
2016-08-04,31317,1361.2,66.84,90982.60800000001,29251.565900943624,2065.434099056376,0.0024799999594688417,29305.663139243185,2011.3368607568154,True,False,0.003520032146761149,0.0037750380745388765,0.0130914570274142
2016-08-05,30779,1335.8,66.842,89287.54359999999,28706.590448020313,2072.4095519796865,0.0025,28759.727096359333,2019.2729036406672,True,False,-0.018806378580601354,-0.017328441840284647,0.013434791809534097
2016-08-08,30998,1335.38,66.81,89216.73780000002,28683.82587168647,2314.1741283135307,0.0025,28736.9203822004,2261.0796177996017,True,False,-0.000793323310322754,0.0070900470208725705,0.008735126073118268
2016-08-09,31133,1340.75,66.774,89527.2405,28783.654733390133,2349.3452666098674,0.002930000126361847,28837.953216396287,2295.0467836037133,True,False,0.0034742766193579895,0.004345663596396178,0.008657407516705243
2016-08-10,31219,1346.67,66.765,89910.42255,28906.850531290693,2312.1494687093073,0.0027300000190734865,28960.905341270864,2258.0946587291364,True,False,0.004270927585097124,0.0027585339535158653,0.008383063817805535
2016-08-11,31171,1338.87,66.75,89369.5725,28732.963332100888,2438.036667899112,0.002750000059604645,28786.74029976309,2384.259700236911,True,False,-0.00603359778786876,-0.0015387084298924625,0.008464442940986035
2016-08-12,31080,1336.19,66.908,89401.80052,28743.32487340653,2336.675126593469,0.002630000114440918,28796.837208986166,2283.162791013834,True,False,0.0003605501239343351,-0.0029236498954319182,0.0084381977098898
2016-08-16,31349,1346.08,66.87,90012.3696,28939.62724452232,2409.3727554776815,0.0028799998760223387,28994.100804794132,2354.8991952058677,True,False,0.006806278864850274,0.008617843144098513,0.00830908082206674
2016-08-17,31314,1348.66,66.893,90215.91338000001,29005.068040574217,2308.931959425783,0.0028799998760223387,29059.664781186875,2254.335218813125,True,False,0.002258733903164007,-0.0011170867542140415,0.007897030904068023
2016-08-18,31411,1352.34,66.83,90376.8822,29056.820679344764,2354.1793206552356,0.0028499999642372133,29111.44305332554,2299.55694667446,True,False,0.0017826720286578154,0.003092868149025326,0.007833048703479015
2016-08-19,31365,1341.78,67.137,90083.08386,28962.362390084716,2402.637609915284,0.002930000126361847,29016.99799340273,2348.0020065972712,True,False,-0.003256108332404406,-0.0014655284896499378,0.00784778638715021
2016-08-22,31395,1339.02,67.202,89984.82204,28930.7705049271,2464.229495072901,0.002800000011920929,28985.03680715876,2409.963192841238,True,False,-0.0010913863774043907,0.0009560230173661747,0.00784819982694016
2016-08-23,31373,1338.1,67.122,89815.9482,28876.476345105853,2496.5236548941466,0.003050000071525574,28931.23527764684,2441.7647223531603,True,False,-0.0018784556866122929,-0.0007009941658451882,0.007711794136999787
2016-08-24,31049,1323.75,67.167,88912.31625,28585.952143649432,2463.0478563505676,0.003050000071525574,28640.160150414056,2408.8398495859437,True,False,-0.010111883002705362,-0.010381048658530538,0.007027792399080704
2016-08-25,30945,1321.7,67.016,88575.04720000002,28477.51770701047,2467.482292989531,0.003050000071525574,28531.52008778631,2413.47991221369,True,False,-0.003800489785816516,-0.003355166550372049,0.00684279827612959
2016-08-26,31023,1321.33,67.136,88708.81087999999,28520.52369669008,2502.476303309919,0.003050000071525574,28574.607630424794,2448.3923695752055,True,False,0.0015090342328101677,0.00251742967962278,0.00668830452861627
2016-08-29,31077,1323.41,67.113,88818.01533000001,28555.63371646278,2521.3662835372197,0.003050000071525574,28609.78422989999,2467.2157701000106,True,False,0.0012302868936011511,0.0017391308731268974,0.006574295670216199
2016-08-30,30840,1311.15,67.144,88035.85560000001,28304.163711479418,2535.8362885205825,0.0032499998807907103,28358.303517866716,2481.696482133284,True,False,-0.008845323266547783,-0.0076554470489459524,0.006651536324489755
2016-08-31,30746,1308.95,66.973,87664.30835,28184.70858585047,2561.291414149531,0.003199999928474426,28238.503851379268,2507.496148620732,True,False,-0.004229339295748613,-0.003052644204721052,0.00664309896256869
2016-09-01,30710,1313.79,66.801,87762.48579,28216.273342228367,2493.7266577716327,0.0031499999761581423,28270.012676151244,2439.987323848756,True,False,0.001119298231849311,-0.0011715700376766652,0.006240748440882529
2016-09-02,30900,1325.01,66.795,88504.04295,28454.68932756764,2445.310672432359,0.003030000030994415,28508.60155492753,2391.398445072471,True,False,0.00841409359219572,0.006167849450968747,0.006077538331936469
2016-09-06,31401,1349.88,66.28,89470.0464,28765.26641696272,2635.7335830372795,0.003030000030994415,28819.767085210628,2581.2329147893724,True,False,0.010855658147667195,0.016083555637156736,0.006290428759610433
2016-09-07,31336,1345.24,66.478,89428.86472,28752.026209269054,2583.9737907309463,0.0033000001311302186,28807.141066605822,2528.858933394178,True,False,-0.0004603905129391543,-0.0020721431773262932,0.006284846447143787
2016-09-08,31239,1338.35,66.631,89175.59885,28670.59940199656,2568.4005980034417,0.003330000042915344,28725.629002030575,2513.370997969425,True,False,-0.002836054986459641,-0.0031002821476615837,0.006298289969408433
2016-09-09,31261,1328.15,66.895,88846.59425,28564.822045750476,2696.177954249524,0.003330000042915344,28619.64861948828,2641.351380511722,True,False,-0.0036962242610826513,0.0007040000290760344,0.005986692564051594
2016-09-12,31087,1327.63,66.738,88603.37094000001,28486.623994084268,2600.376005915732,0.003499999940395355,28541.69927532195,2545.3007246780508,True,False,-0.00274131879433922,-0.0055815888796662445,0.005966758233330289
2016-09-13,31141,1319.05,67.14,88561.01699999999,28473.006896329993,2667.9931036700073,0.003449999988079071,28527.93861240004,2613.061387599959,True,False,-0.0004781315398581468,0.0017355535628545786,0.005849761374311461
2016-09-14,31100,1322.97,66.798,88371.75006,28412.156207500764,2687.843792499236,0.0031499999761581423,28466.268610346633,2633.731389653367,True,False,-0.0021394229608970783,-0.0013174597429446192,0.005809512169765667
2016-09-15,30950,1314.25,66.86,87870.755,28251.082675583133,2698.917324416867,0.0027799999713897707,28304.027539941788,2645.972460058212,True,False,-0.005685307404011111,-0.004834820054583293,0.005712265581086881
2016-09-16,30851,1310.43,67.075,87897.09225,28259.550291767806,2591.449708232194,0.0027300000190734865,28312.394672704188,2538.6053272958125,True,False,0.00029968222981822284,-0.003203834393701161,0.005707329321907061
2016-09-19,30936,1313.39,66.98,87970.86220000002,28283.267863745245,2652.7321362547555,0.0023800000548362733,28335.34145781797,2600.658542182031,True,False,0.000838924345908222,0.002751389568092099,0.005654325530074358
2016-09-20,30892,1315.1,66.985,88091.9735,28322.206021830338,2569.7939781696623,0.0028799998760223387,28375.51739946921,2516.4826005307914,True,False,0.0013757738096319585,-0.0014233035979785555,0.004575415927283654
2016-09-21,31207,1336.85,66.744,89226.71639999999,28687.03406369058,2519.9659363094215,0.0022300000488758086,28739.49672507807,2467.5032749219317,True,False,0.012799083857466078,0.010145177918067436,0.005174015940785496
2016-09-22,31335,1337.3,66.633,89108.3109,28648.96583985725,2686.03416014275,0.001599999964237213,28699.8727406489,2635.1272593510985,True,False,-0.0013278997311019735,0.0040932550515540185,0.005137095033004081
2016-09-23,31288,1337.61,66.707,89227.95026999999,28687.430761811367,2600.569238188633,0.0016500000655651093,28738.524115186257,2549.4758848137426,True,False,0.0013417281170225765,-0.0015010462234258026,0.005077537049763563
2016-09-26,31351,1337.97,66.613,89126.19561,28654.715903354925,2696.284096645075,0.0017299999296665192,28705.939740825237,2645.060259174763,True,False,-0.0011410407146758038,0.0020115270436233588,0.00496277566773652
2016-09-27,31003,1327.36,66.425,88169.88799999999,28347.256096580768,2655.743903419232,0.0025499999523162843,28399.844318992287,2603.1556810077127,True,False,-0.010787794798648888,-0.011162190500461973,0.0053315005380701495
2016-09-28,30963,1321.41,66.349,87674.23209,28187.899139968173,2775.1008600318273,0.002630000114440918,28240.377422306985,2722.622577693015,True,False,-0.005637461433999625,-0.0012910307444685232,0.005229575368205897
2016-09-29,31224,1320.27,66.812,88209.87924,28360.113569212466,2863.8864307875338,0.0023499999940395353,28412.258589510788,2811.7414104892123,True,False,0.0060909288731632585,0.008394086626407988,0.005354138891087079
2016-09-30,30814,1315.96,66.556,87585.03376,28159.2212323372,2654.7787676627995,0.0025999999046325685,28211.576560765956,2602.423439234044,True,False,-0.007108830406290069,-0.01321789771873061,0.005454293093260639
2016-10-03,30749,1311.96,66.546,87305.69016000001,28069.41024643529,2679.589753564709,0.0028799998760223387,28122.245782219285,2626.7542177807154,True,False,-0.0031944957547504283,-0.0021116587610568323,0.0054534437180981735
2016-10-04,30068,1268.3,66.609,84480.1947,27160.993039368557,2907.006960631443,0.0031499999761581423,27212.72253804885,2855.277461951151,True,False,-0.03289851546012081,-0.022395990083303986,0.007972913350099186
2016-10-05,30004,1266.7,66.572,84326.75240000001,27111.6602311637,2892.3397688363,0.0031299999356269835,27163.251120943904,2840.7488790560965,True,False,-0.0018179624108655493,-0.0021307772078325393,0.007972980043222468
2016-10-06,29615,1254.74,66.697,83687.39378,26906.10181490829,2708.8981850917116,0.003100000023841858,26957.235076951412,2657.7649230485877,True,False,-0.007610808027049998,-0.0130497163784614,0.007899071761023179
2016-10-07,29591,1256.97,66.602,83716.71594000001,26915.529101226555,2675.470898773445,0.003100000023841858,26966.680279202097,2624.319720797903,True,False,0.000350315895457147,-0.0008107286867737405,0.007903138237769208
2016-10-10,29662,1259.74,66.492,83762.63208000001,26930.291472020835,2731.7085279791645,0.0030799999833106993,26981.426351747046,2680.5736482529537,True,False,0.0005483200369865537,0.0023965042776160346,0.007890867502207516
2016-10-11,29712,1253.25,66.834,83759.7105,26929.35216293986,2782.64783706014,0.003199999928474426,26980.75136920489,2731.2486307951112,True,False,-3.4879884740295826e-05,0.0016842392905791865,0.007876860776217631
2016-10-12,29662,1255.33,66.812,83871.10796,26965.16725127397,2696.8327487260285,0.003400000035762787,27017.078929623975,2644.9210703760255,True,False,0.0013290811012155288,-0.0016842392905792372,0.007788480888306315
2016-10-13,29697,1258.12,66.794,84034.86727999999,27017.81705595833,2679.1829440416695,0.002750000059604645,27068.383934749363,2628.616065250637,True,False,0.0019506080315427824,0.001179265286009292,0.0077986817766540735
2016-10-14,29638,1250.55,66.717,83432.94434999999,26824.294484543538,2813.7055154564623,0.0028999999165534975,26874.830495277292,2763.1695047227076,True,False,-0.007188551831944666,-0.0019887088377933014,0.007853105493003781
2016-10-17,29675,1255.7,66.789,83866.9473,26963.829569019563,2711.1704309804372,0.0029499998688697817,27014.739478001648,2660.2605219983525,True,False,0.005188334783599866,0.0012476187277449418,0.007731177600462009
2016-10-18,29773,1262.84,66.733,84273.10172,27094.411149870597,2678.588850129403,0.003330000042915344,27146.415455320548,2626.584544679452,True,False,0.0048311537000123896,0.003297002044592591,0.007464935131261112
2016-10-19,29883,1269.4,66.645,84599.163,27199.24220746861,2683.757792531389,0.003230000138282776,27251.223739546112,2631.7762604538875,True,False,0.0038616369092047058,0.003687814290814138,0.007536926100411126
2016-10-20,29891,1266.0,66.83,84606.78,27201.691128008104,2689.308871991896,0.003199999928474426,27253.61013907775,2637.3898609222488,True,False,9.003229874913508e-05,0.00026767491042139574,0.007542665194966726
2016-10-21,29936,1266.75,66.926,84778.5105,27256.90372466121,2679.0962753387903,0.0031499999761581423,27308.815890140948,2627.184109859052,True,False,0.002027691523067867,0.0015043377901739444,0.007564182182128165
2016-10-24,29820,1264.44,66.845,84521.4918,27174.27035542624,2645.7296445737593,0.0031299999356269835,27225.980386269457,2594.019613730543,True,False,-0.003036253915645699,-0.003882460195141393,0.007565958843098752
2016-10-25,30034,1274.35,66.806,85134.22609999999,27371.268860417633,2662.731139582367,0.0032499998807907103,27423.624238650435,2610.3757613495654,True,False,0.007223298710507525,0.007150763921496662,0.0077331663938235064
2016-10-26,29913,1266.99,66.863,84714.75237,27236.40502515794,2676.5949748420608,0.0031299999356269835,27288.233292319783,2624.766707680217,True,False,-0.0049393830521792985,-0.004036904743323422,0.007760303067995638
2016-10-27,30054,1268.3,66.881,84825.17229999999,27271.90583053354,2782.0941694664616,0.002750000059604645,27322.948265001014,2731.051734998986,True,False,0.0013025833983069395,0.004702595088769124,0.007732335927599287
2016-10-28,30131,1276.3,66.778,85228.7614,27401.66264246789,2729.3373575321093,0.0027300000190734865,27452.902803192977,2678.0971968070226,True,False,0.004746610077960166,0.0025587785000296265,0.007803890445691461
2016-10-31,30057,1277.38,66.686,85183.36268000002,27387.066625942425,2669.933374057575,0.0029499998688697817,27438.775641000695,2618.224358999305,True,False,-0.0005328109290237722,-0.00245896315832875,0.007796592267504827
2016-11-01,30329,1288.15,66.696,85914.45240000001,27622.11725368528,2706.882746314721,0.003449999988079071,27675.407385906215,2653.5926140937845,True,False,0.008545920578950445,0.009008771555594038,0.007981955215727123
2016-11-02,30759,1297.39,66.762,86616.35118000001,27847.782783288058,2911.2172167119425,0.003449999988079071,27901.508282059636,2857.4917179403637,True,False,0.008136548810685837,0.01407828385523424,0.007749346763892013
2016-11-03,30674,1303.75,66.668,86918.40500000001,27944.895269021177,2729.1047309788228,0.003580000102519989,27999.107289835913,2674.8927101640875,True,False,0.0034811945651816232,-0.0027672441274758,0.0077917347368460736
2016-11-04,30689,1304.25,66.796,87118.683,28009.286093204948,2679.713906795052,0.003580000102519989,28063.623029739254,2625.376970260746,True,False,0.002301556417776192,0.000488893968638197,0.007802919898030341
2016-11-07,30118,1281.41,66.745,85527.71045000001,27497.77692221133,2620.223077788669,0.0038999998569488525,27551.8461918608,2566.153808139199,True,False,-0.018430939166108017,-0.01878128453259854,0.008441561826372424
2016-11-08,29899,1275.64,66.246,84506.04744,27169.304882087225,2729.6951179127755,0.004199999868869781,27223.399526151927,2675.6004738480733,True,False,-0.01201732312485658,-0.007297964643330737,0.008491679504909398
2016-11-09,29961,1278.0,66.515,85006.17,27330.097898950276,2630.9021010497236,0.004180000126361847,27384.467670193433,2576.532329806567,True,False,0.005900742951625448,0.002071500907810303,0.008554888499043591
2016-11-10,29986,1259.76,66.865,84233.85239999999,27081.792209879914,2904.2077901200864,0.004580000042915344,27136.56015440704,2849.4398455929586,True,False,-0.009126954136435304,0.0008340701436040797,0.008569244758678827
2016-11-14,29676,1220.26,67.785,82715.3241,26593.574388734385,3082.425611265615,0.005030000209808349,26648.340608194478,3027.6593918055223,True,False,-0.01819200562988385,-0.010391967745431918,0.009043510058643558
2016-11-15,29391,1228.08,67.786,83246.63088,26764.393357660712,2626.6066423392876,0.004880000054836273,26819.180708117594,2571.819291882406,True,False,0.0064027758068215266,-0.009650133296664547,0.009165318040949264
2016-11-16,29463,1225.3,67.999,83319.17469999999,26787.716719983277,2675.2832800167234,0.00453000009059906,26841.779642106303,2621.220357893697,True,False,0.0008710530271704254,0.002446733813131921,0.007006652696268585
2016-11-17,29185,1216.39,68.023,82742.49697000001,26602.310662787146,2582.6893372128543,0.004199999868869781,26655.276409715432,2529.7235902845678,True,False,-0.006945372069983222,-0.009480360187992533,0.007102764862457643
2016-11-18,29005,1208.69,68.191,82421.77979,26499.197771954925,2505.802228045075,0.004180000126361847,26551.914572542886,2453.085427457114,True,False,-0.0038836192594757426,-0.0061866497377266955,0.007008459028751464
2016-11-21,29197,1214.05,68.228,82832.20339999998,26631.151928239582,2565.848071760418,0.004199999868869781,26684.17509871977,2512.82490128023,True,False,0.004967195899830133,0.006597735352093864,0.007078297489251394
2016-11-22,29182,1212.24,68.396,82912.36704,26656.92511775202,2525.07488224798,0.004749999940395355,26711.20706896898,2470.792931031021,True,False,0.0009673155028602898,-0.000513883428290845,0.007080552421832215
2016-11-23,28885,1187.77,68.784,81699.57168000001,26267.002646004472,2617.997353995528,0.0048500001430511475,26320.706925569426,2564.293074430574,True,False,-0.014735471974760671,-0.010229651608601863,0.007551712951027051
2016-11-25,28671,1183.63,68.519,81101.14397000002,26074.603813075704,2596.3961869242958,0.004799999892711639,26127.807347716924,2543.1926522830763,True,False,-0.007351692563462342,-0.007436270281076514,0.007632010013882216
2016-11-28,28793,1193.44,68.579,81844.92176,26313.73374700596,2479.266252994039,0.0044999998807907105,26366.775063037265,2426.2249369627352,True,False,0.009129191948641244,0.004246143091403819,0.007841251873923098
2016-11-29,28853,1188.46,68.615,81546.1829,26217.687044866332,2635.312955133668,0.004679999947547912,26270.92341990689,2582.0765800931113,True,False,-0.003656737537940002,0.002081671639551106,0.007769457569673563
2016-11-30,28428,1173.11,68.598,80472.99978,25872.650917099363,2555.349082900637,0.004679999947547912,25925.18667836461,2502.813321635389,True,False,-0.013247799401031274,-0.014839398718458395,0.008007995545893369
2016-12-01,28062,1171.3,68.236,79924.8268,25696.40934299998,2365.590657000019,0.004580000042915344,25748.3756054444,2313.6243945556016,True,False,-0.00683519379159833,-0.01295822699284459,0.007979339299267361
2016-12-02,28445,1176.92,68.031,80067.04452000001,25742.13336762744,2702.8666323725593,0.004550000131130219,25794.128496651163,2650.871503348837,True,False,0.0017778122886449221,0.013556050230806485,0.007937622993655042
2016-12-05,28236,1170.26,68.025,79606.93650000001,25594.205314514445,2641.7946854855545,0.00453000009059906,25645.85949404693,2590.14050595307,True,False,-0.005763109187113405,-0.007374638669384922,0.007960567270868966
2016-12-06,27944,1169.74,67.742,79240.52708,25476.402038355813,2467.5979616441873,0.0048500001430511475,25528.489893061425,2415.5101069385746,True,False,-0.004613357514203491,-0.010395252028694851,0.007936126980435651
2016-12-07,28043,1174.0,67.438,79172.212,25454.43824649959,2588.5617535004094,0.004880000054836273,25506.54408765421,2536.455912345791,True,False,-0.0008624948300458505,0.003536538953100535,0.007938640893156945
2016-12-08,27896,1170.55,67.546,79065.9703,25420.280772260354,2475.719227739646,0.004900000095367432,25472.358564672606,2423.641435327394,True,False,-0.0013428075881530748,-0.005255737084281301,0.007740361390776661
2016-12-09,27701,1157.87,67.47,78121.4889,25116.623177455913,2584.376822544087,0.005199999809265137,25168.699465181217,2532.3005348187835,True,False,-0.012017406114453953,-0.0070147957486531905,0.00792407984799894
2016-12-12,27843,1162.21,67.431,78368.98251,25196.19416142878,2646.805838571221,0.005,25248.020391021666,2594.979608978334,True,False,0.0031630528570311205,0.005113074656668561,0.007963673101543788
2016-12-13,27710,1158.35,67.411,78085.53185,25105.06272605977,2604.9372739402315,0.005230000019073486,25157.177076336797,2552.8229236632033,True,False,-0.003623429739740216,-0.004788229406478352,0.007841693345070951
2016-12-14,27746,1144.25,67.475,77208.26874999999,24823.016300416348,2922.983699583652,0.005230000019073486,24874.54516455535,2871.454835444649,True,False,-0.011298228628248357,0.001298326783646837,0.007973993578070075
2016-12-15,27130,1128.43,67.857,76571.87451000001,24618.410953751187,2511.5890462488132,0.004880000054836273,24668.80542713194,2461.1945728680585,True,False,-0.008276723632525386,-0.0224515589876934,0.007700753937607607
2016-12-16,27308,1134.09,67.855,76953.67695,24741.16319706785,2566.83680293215,0.0048500001430511475,24791.74781698068,2516.252183019318,True,False,0.004973806945860804,0.006539572885193392,0.007551376133836288
2016-12-19,27392,1139.05,67.844,77277.7082,24845.34158535213,2546.658414647871,0.004779999852180481,24895.99596525895,2496.0040347410504,True,False,0.004201890898401147,0.003071300403297723,0.0075769118254427345
2016-12-20,27262,1132.2,67.917,76895.62740000001,24722.49984728407,2539.5001527159293,0.005130000114440918,24773.61643491273,2488.3835650872716,True,False,-0.004956519630718168,-0.0047572088106802995,0.007486783986479769
2016-12-21,27103,1131.8,67.837,76777.9166,24684.654974520552,2418.345025479448,0.005030000209808349,24735.49000752025,2367.5099924797505,True,False,-0.001531959502688329,-0.00584936828290036,0.006995710469634435
2016-12-22,27152,1128.69,67.848,76579.35912000001,24620.817309949045,2531.182690050955,0.0049300000071525575,24671.318097871692,2480.681902128308,True,False,-0.002589477284572877,0.0018062856261195277,0.006813824278008888
2016-12-23,27186,1133.49,67.837,76892.56113,24721.514019322585,2464.485980677415,0.005,24772.363875981115,2413.6361240188853,True,False,0.004081560252792333,0.0012514264211857381,0.006736934908022938
2016-12-27,27431,1139.35,67.978,77450.73429999998,24900.97072676708,2530.0292732329217,0.004950000047683716,24952.087166256784,2478.9128337432157,True,False,0.00723291027115639,0.008971625806496833,0.0069125165288944695
2016-12-28,27539,1142.45,68.233,77952.79085,25062.38553538991,2476.614464610091,0.004950000047683716,25113.833325427684,2425.166674572316,True,False,0.00646135016837879,0.0039294211010775185,0.006470699494761334
2016-12-29,27810,1158.32,67.935,78690.46919999999,25299.55445528638,2510.4455447136206,0.004399999976158142,25350.343102614836,2459.6568973851645,True,False,0.00941864722554863,0.009792486425243089,0.006626914414083433
2016-12-30,27700,1151.85,67.955,78273.96674999999,25165.64590801678,2534.3540919832194,0.004799999892711639,25216.994773120703,2483.005226879297,True,False,-0.005306978297480251,-0.003963255052580638,0.006634586949698309
2017-01-03,28102,1158.91,68.26,79107.19660000001,25433.535325606448,2668.464674393552,0.004749999940395355,25485.326067326318,2616.6739326736824,True,False,0.010588784801911512,0.01440833499085573,0.00695593771032441
2017-01-04,28085,1163.8,67.886,79005.72679999999,25400.91205169836,2684.0879483016397,0.005180000066757202,25453.535937179044,2631.4640628209563,True,False,-0.0012835106928410958,-0.0006051221997524171,0.006941366916637081
2017-01-05,28890,1180.48,67.743,79969.25663999999,25710.693857604445,3179.306142395555,0.0050800001621246335,25763.747770504633,3126.252229495367,True,False,0.012121927835881605,0.028259888493747786,0.007282588547070158
2017-01-06,27960,1172.81,68.115,79885.95314999999,25683.911183628847,2276.0888163711534,0.005030000209808349,25736.804062785097,2223.195937214903,True,False,-0.0010422368798638682,-0.03272059711253434,0.007271461404608817
2017-01-09,28124,1181.27,68.1,80444.487,25863.483852299578,2260.516147700422,0.0048500001430511475,25916.36311629656,2207.636883703439,True,False,0.006967312119957774,0.005848386971305296,0.006955175110426283
2017-01-10,28210,1187.74,68.327,81154.71098,26091.82599385921,2118.174006140791,0.005030000209808349,26145.558923761986,2064.441076238014,True,False,0.008790000962559216,0.0030532206769899838,0.007032071126128866
2017-01-11,28353,1191.85,68.312,81417.65719999999,26176.3651036057,2176.6348963942983,0.004979999959468842,26230.16433552593,2122.8356644740707,True,False,0.0032348233864654243,0.005056319667123811,0.006848795475016428
2017-01-12,28463,1195.66,68.141,81473.46806000001,26194.308698377998,2268.6913016220024,0.005030000209808349,26248.25267889791,2214.7473211020915,True,False,0.000685253565470285,0.0038721535286204895,0.0068184801858982855
2017-01-13,28440,1197.66,68.18,81656.45880000001,26253.141543556194,2186.858456443806,0.005130000114440918,26307.422907436398,2132.5770925636025,True,False,0.002243497809089411,-0.0008083932746090821,0.006353683585359465
2017-01-17,28797,1216.54,67.862,82556.83747999999,26542.61979519989,2254.380204800109,0.005130000114440918,26597.4996883756,2199.5003116244006,True,False,0.010966075504048942,0.01247461011446936,0.006476365623695058
2017-01-18,28852,1203.64,68.22,82112.3208,26399.704470557976,2452.2955294420244,0.005149999856948853,26454.332355980972,2397.6676440190276,True,False,-0.005398919438051535,0.0019080995919166304,0.006581397159321799
2017-01-19,28588,1205.14,68.1,82070.034,26386.108958798846,2201.8910412011537,0.005030000209808349,26440.447928536876,2147.552071463124,True,False,-0.0005151199224372461,-0.009192265283693817,0.006468592067908817
2017-01-20,28685,1209.96,68.075,82368.027,26481.915861558988,2203.0841384410123,0.004799999892711639,26535.950489966257,2149.049510033743,True,False,0.0036243838487838706,0.003387288696101922,0.006395834713926148
2017-01-23,28876,1217.48,68.051,82850.73148,26637.108839841178,2238.8911601588225,0.0047299998998641965,26691.30656258813,2184.693437411868,True,False,0.005843233030800833,0.006636462223080248,0.006435060006239671
2017-01-24,28815,1208.81,68.138,82365.89578,26481.230658929064,2333.769341070936,0.0049300000071525575,26535.547418466405,2279.4525815335946,True,False,-0.005869107725752989,-0.0021147153882849494,0.006556267041444263
2017-01-25,28472,1200.31,67.988,81606.67628,26237.13610365393,2234.863896346069,0.004830000102519989,26290.736101718056,2181.2638982819444,True,False,-0.009260389295775254,-0.011974936680738124,0.006379175312278488
2017-01-27,28449,1191.6,68.105,81153.918,26091.571045059238,2357.428954940762,0.004979999959468842,26145.196003156376,2303.803996843624,True,False,-0.00556350202378798,-0.0008081376381914508,0.006496480676092782
2017-01-30,28642,1195.35,67.829,81079.39514999998,26067.61141029144,2574.38858970856,0.004950000047683716,26121.122716975682,2520.877283024318,True,False,-0.0009187121164536662,0.006761161486810695,0.0064463249261143985
2017-01-31,29172,1210.63,67.515,81735.68445000002,26278.61316250583,2893.3868374941703,0.005,26332.665827381206,2839.3341726187937,True,False,0.008061819041848547,0.018335173065475874,0.006106489003747036
2017-02-01,28981,1209.49,67.415,81537.76835000001,26214.981706238854,2766.018293761146,0.005,26268.903487122756,2712.096512877244,True,False,-0.0024243524411751275,-0.006568902268542075,0.005858638982398313
2017-02-02,29064,1215.93,67.21,81722.6553,26274.424196633816,2789.575803366184,0.004880000054836273,26328.208568552025,2735.791431447975,True,False,0.0022649338388872394,0.0028598520654562884,0.005833553894010675
2017-02-03,29166,1219.88,67.184,81956.41792,26349.580568103273,2816.4194318967275,0.004880000054836273,26403.518786903336,2762.481213096664,True,False,0.0028563551141363793,0.0035033523724725814,0.005821234314604187
2017-02-06,29202,1235.59,67.195,83025.47004999999,26693.28855273522,2508.711447264781,0.005030000209808349,26748.260121341278,2453.739878658722,True,False,0.012959811600971635,0.001233552787998879,0.006003434304141782
2017-02-07,29348,1233.72,67.35,83091.042,26714.37040847493,2633.6295915250703,0.005249999761581421,26769.86944513952,2578.1305548604796,True,False,0.0007894694223531192,0.004987200772375647,0.005963747412938212
2017-02-08,29371,1241.99,67.05,83275.4295,26773.652322085934,2597.3476779140656,0.005249999761581421,26829.274516775466,2541.7254832245344,True,False,0.002216643459906548,0.0007833921278040774,0.005882592012240673
2017-02-09,29115,1230.89,66.765,82180.37085,26421.583053354127,2693.4169466458734,0.00527999997138977,26476.539110025256,2638.4608899747436,True,False,-0.013237065576541014,-0.008754287690468696,0.006562400965422696
2017-02-10,29195,1234.12,66.854,82505.85848,26526.22967833202,2668.77032166798,0.005230000019073486,26581.294158356224,2613.705841643776,True,False,0.003952826597970098,0.0027439564464177505,0.006503003579311256
2017-02-13,29057,1225.44,66.975,82073.844,26387.33390132943,2669.6660986705683,0.005230000019073486,26442.11005452276,2614.88994547724,True,False,-0.005249924088380351,-0.004738043609285885,0.006583648111773384
2017-02-14,29027,1228.61,66.835,82114.14934999999,26400.292362595846,2626.7076374041535,0.005350000262260437,26455.35634439804,2571.6436556019617,True,False,0.000490965873779774,-0.001032986800759438,0.006423348620313813
2017-02-15,29138,1232.94,66.875,82452.8625,26509.191087819698,2628.8089121803023,0.005199999809265137,26564.154697087582,2573.8453029124175,True,False,0.00411642193026891,0.0038167329063484756,0.006312517959302809
2017-02-16,29377,1239.14,67.08,83121.51120000001,26724.166476441562,2652.833523558438,0.0050800001621246335,26779.31168599614,2597.688314003859,True,False,0.008076761155047952,0.008168891021216228,0.006206782384908561
2017-02-17,29359,1235.29,67.08,82863.25319999999,26641.134663301553,2717.865336698447,0.0050800001621246335,26696.108537045176,2662.8914629548235,True,False,-0.0031118302855894743,-0.0006129120322627499,0.006245435181904628
2017-02-21,29314,1235.97,66.985,82791.45045,26618.04956033887,2695.95043966113,0.005049999952316284,26672.910028705504,2641.0899712944956,True,False,-0.0008668966581038825,-0.0015339256156486928,0.005932449455514146
2017-02-22,29223,1237.69,66.95,82863.34550000001,26641.164338418508,2581.835661581492,0.0050999999046325685,26696.182156930612,2526.817843069388,True,False,0.00086801054085708,-0.003109147148180593,0.005918275246793216
2017-02-23,29440,1249.41,66.69,83323.1529,26788.995740029255,2651.004259970745,0.004979999959468842,26844.054087092474,2595.945912907526,True,False,0.005533645365281544,0.007398223403747095,0.005875901137786043
2017-02-24,29613,1256.94,66.645,83768.7663,26932.263668075942,2680.7363319240576,0.004979999959468842,26987.616467957847,2625.383532042153,True,False,0.005333764296592431,0.005859160243185233,0.005754003596944132
2017-02-27,29732,1252.76,66.7,83559.092,26864.85186554568,2867.148134454321,0.004900000095367432,26919.889108885905,2812.1108911140946,True,False,-0.0025061506419026213,0.004010452759186362,0.005774497856850584
2017-02-28,29592,1248.59,66.725,83312.16775,26785.46393492694,2806.5360650730618,0.005230000019073486,26841.066546442762,2750.933453557238,True,False,-0.002959460252074447,-0.00471985233289422,0.005816605897532109
2017-03-01,29529,1248.94,66.865,83510.3731,26849.188387159,2679.811612841,0.006150000095367432,26906.957812656285,2622.0421873437153,True,False,0.002376242949597348,-0.0021312232149688862,0.005817836372700109
2017-03-02,29204,1235.3,66.785,82499.51049999999,26524.188756892305,2679.811243107695,0.006449999809265136,26581.91434032684,2622.085659673161,True,False,-0.012178492893873995,-0.01106714512134464,0.005949251353092612
2017-03-03,29442,1234.3,66.78,82426.554,26500.73271496777,2941.2672850322306,0.006830000281333923,26559.236759585227,2882.7632404147735,True,False,-0.0008847177064450166,0.008116540141981928,0.005865087627711018
2017-03-06,28979,1225.96,66.675,81740.883,26280.2845338949,2698.715466105099,0.007049999833106994,26338.77816612586,2640.2218338741404,True,False,-0.008353361660816433,-0.015850796594895595,0.006065844495688245
2017-03-07,28791,1215.67,66.625,80994.01375,26040.16067323613,2750.839326763871,0.007350000143051147,26098.76337102685,2692.236628973151,True,False,-0.009179033002045858,-0.006508591437325383,0.006240202439413866
2017-03-08,28660,1207.58,66.765,80624.0787,25921.22388155674,2738.77611844326,0.007080000042915344,25978.982388727003,2681.017611272997,True,False,-0.004577899546488117,-0.0045604159035745875,0.006160974069570615
2017-03-09,28491,1200.83,66.69,80083.35269999999,25747.3765653383,2743.6234346616984,0.007129999995231629,25804.85374733606,2686.1462526639407,True,False,-0.006729347060215677,-0.005914174471100612,0.006186807663328962
2017-03-10,28417,1204.55,66.555,80168.82525000001,25774.856607777263,2642.143392222737,0.0072500002384185795,25832.64992191533,2584.35007808467,True,False,0.0010667256969406787,-0.0026006902969283935,0.005991942041693605
2017-03-13,28291,1204.05,66.18,79684.02900000001,25618.991110325205,2672.008889674795,0.007279999852180481,25676.49824823737,2614.5017517626293,True,False,-0.006065549953604376,-0.004443824763684399,0.006006986395979383
2017-03-14,28100,1199.08,65.775,78869.48700000001,25357.109971546615,2742.8900284533847,0.00753000020980835,25414.551475131957,2685.448524868043,True,False,-0.010274753742565236,-0.006774156528612358,0.006261101773405115
2017-03-15,28019,1219.4,65.63,80029.222,25729.97315414664,2289.026845853361,0.007149999737739563,25787.45387537644,2231.546124623561,True,False,0.014597419962750676,-0.002886724861418092,0.0066838686881827685
2017-03-16,28436,1226.78,65.385,80213.01030000001,25789.062420627906,2646.9375793720938,0.007080000042915344,25846.526441367914,2589.4735586320858,True,False,0.002293881930519599,0.014773096588954562,0.006697472214103149
2017-03-17,28528,1229.15,65.475,80478.59625,25874.450222643754,2653.5497773562456,0.007080000042915344,25932.10450723849,2595.8954927615086,True,False,0.003305539069911972,0.003230113053547966,0.006715203641376357
2017-03-20,28518,1233.9,65.345,80629.1955,25922.868969730098,2595.131030269902,0.0070999997854232786,25980.673849910952,2537.3261500890476,True,False,0.0018695469937085145,-0.0003505942608571714,0.006700539464929559
2017-03-21,28853,1245.0,65.345,81354.525,26156.067645120325,2696.9323548796747,0.00753000020980835,26215.319028858517,2637.6809711414826,True,False,0.00895564499431979,0.011678506823179868,0.006457750515478026
2017-03-22,28886,1249.35,65.455,81776.20425,26291.64057099683,2594.3594290031688,0.0074800002574920655,26351.09077603741,2534.9092239625897,True,False,0.005169843733714226,0.001143074995867717,0.00654105151899462
2017-03-23,28816,1245.3,65.455,81511.1115,26206.411336344783,2609.588663655217,0.0074800002574920655,26265.668822507214,2550.331177492786,True,False,-0.0032469513223564246,-0.0024262602453746884,0.006537951829245285
2017-03-24,28809,1244.17,65.425,81399.82225,26170.631038307583,2638.3689616924166,0.0074800002574920655,26229.807618676063,2579.1923813239373,True,False,-0.0013662590318513216,-0.00024295010965493105,0.006098321088871572
2017-03-27,28839,1254.3,64.995,81523.2285,26210.307039400708,2628.692960599292,0.007580000162124634,26269.789249442612,2569.2107505573877,True,False,0.0015149025632976156,0.0010407994278433502,0.0060555388972093485
2017-03-28,28872,1251.63,65.045,81412.27335,26174.63415692768,2697.365843072319,0.007730000019073487,26234.358845194765,2637.6411548052347,True,False,-0.0013619520103499685,0.0011436295886986874,0.005989392505516116
2017-03-29,28762,1252.45,64.875,81252.69375,26123.32816242545,2638.6718375745513,0.007549999952316284,26182.54842057492,2579.45157942508,True,False,-0.001962065391700274,-0.003817195876299496,0.00599539013083883
2017-03-30,28559,1243.3,64.86,80640.438,25926.48351471699,2632.5164852830094,0.007580000162124634,25985.321609812636,2573.678390187364,True,False,-0.007563738650497437,-0.007082948611411051,0.006073974545611259
2017-03-31,28612,1249.13,64.86,81018.5718,26048.05626376453,2563.9437362354693,0.00737999975681305,26106.74110225254,2505.258897747459,True,False,0.004678174017012009,0.001854087393360656,0.005933923935246284
2017-04-03,28720,1253.35,64.985,81448.94975,26186.425884546756,2533.5741154532443,0.007400000095367431,26245.465606108006,2474.534393891994,True,False,0.00529803067823114,0.0037675339338861386,0.0060215909587767276
2017-04-04,28960,1256.22,65.08,81754.7976,26284.75817834006,2675.24182165994,0.007799999713897705,26344.88571732695,2615.11428267305,True,False,0.0037480537427552942,0.008321823337492278,0.006072578693772206
2017-04-05,28617,1255.3,64.875,81437.5875,26182.77283906956,2434.2271609304407,0.007799999713897705,26242.667082112792,2374.332917887208,True,False,-0.0038875649658466223,-0.011914620686334886,0.006099805639479062
2017-04-06,28697,1251.8,64.606,80873.79079999999,26001.508126095126,2695.4918739048735,0.007879999876022338,26061.159078974604,2635.840921025396,True,False,-0.006947128087103696,0.002791640854068851,0.0060941726881072475
2017-04-07,28650,1254.05,64.27,80597.79349999999,25912.772999823166,2737.227000176834,0.007979999780654907,25972.43385337984,2677.56614662016,True,False,-0.003418528033641017,-0.00163914452450104,0.0059893695430749344
2017-04-10,28699,1254.73,64.605,81061.83165000001,26061.964618129794,2637.035381870206,0.007879999876022338,26121.754266324177,2577.2457336758234,True,False,0.005740943962556506,0.0017088357922133855,0.00611930472495908
2017-04-11,29149,1274.44,64.555,82271.47420000001,26450.873438680537,2698.126561319463,0.00800000011920929,26511.81678161069,2637.1832183893093,True,False,0.014812222897444962,0.015558327937774324,0.006751743045708388
2017-04-12,29189,1286.6,64.69,83230.154,26759.095921680837,2429.904078319163,0.007929999828338623,26820.59510403555,2368.4048959644497,True,False,0.011585269983321742,0.0013713190808181848,0.0070843619352158405
2017-04-13,29358,1287.74,64.445,82988.4043,26681.37164627775,2676.6283537222516,0.007900000214576722,26742.626258600045,2615.373741399955,True,False,-0.0029088192429386696,0.0057731555634869414,0.006733385073494327
2017-04-17,29392,1284.8,64.48,82843.904,26634.913755686655,2757.0862443133447,0.007900000214576722,26696.061710820737,2695.938289179263,True,False,-0.0017427283989853194,0.00115744693772829,0.006739956951428699
2017-04-18,29518,1289.64,64.605,83317.1922,26787.079331907986,2730.9206680920142,0.008050000071525574,26848.90763760409,2669.0923623959097,True,False,0.005696754424375908,0.004277718286814271,0.006614370578749234
2017-04-19,29313,1279.66,64.665,82749.21390000002,26604.470204317848,2708.5297956821523,0.007850000262260437,26665.43868357993,2647.5613164200695,True,False,-0.006840402318943893,-0.0069691431292683076,0.006507616867224728
2017-04-20,29308,1281.85,64.62,82833.147,26631.45530245792,2676.544697542078,0.007699999809265137,26692.15653806581,2615.8434619341897,True,False,0.001013792854896785,-0.0001705873325984155,0.006430422037791924
2017-04-21,29432,1284.5,64.65,83042.925,26698.90044528751,2733.099554712491,0.007630000114440918,26759.601449890994,2672.3985501090065,True,False,0.0025293354166061434,0.0042220015047558564,0.006271805404012674
2017-04-24,29128,1275.3,64.49,82244.097,26442.07147105631,2685.9285289436884,0.007699999809265137,26502.341042962777,2625.6589570372234,True,False,-0.009666024712664607,-0.010382606929340938,0.006578834901678148
2017-04-25,28827,1263.76,64.33,81297.6808,26137.791824071246,2689.208175928754,0.008080000281333924,26198.186082510067,2628.8139174899334,True,False,-0.011574128371389427,-0.010387462909891806,0.006849854107095962
2017-04-26,28757,1269.05,64.13,81384.17649999999,26165.60081662835,2591.39918337165,0.008029999732971192,26225.95155153313,2531.0484484668705,True,False,0.0010633725184361169,-0.002431232095032803,0.006530605955426092
2017-04-27,28784,1264.6,64.115,81079.82899999998,26067.750896201385,2716.2491037986147,0.007850000262260437,26127.489395698594,2656.5106043014057,True,False,-0.0037466496665951587,0.0009384613399697395,0.006059859913851817
2017-04-28,28872,1268.15,64.29,81529.3635,26212.27948623145,2659.7205137685487,0.007799999713897705,26272.241227026254,2599.758772973746,True,False,0.005529031148660519,0.003052590132310145,0.006122546368757985
2017-05-01,28654,1256.8,64.255,80755.684,25963.535936470173,2690.4640635298274,0.007850000262260437,26023.035610403018,2630.964389596982,True,False,-0.009534893983736293,-0.007579217869306899,0.006366689707598227
2017-05-02,28571,1256.9,64.165,80648.9885,25929.232562251836,2641.7674377481635,0.008429999947547912,25989.892564429647,2581.107435570353,True,False,-0.0013220870732997777,-0.0029008320909583137,0.006363017833360228
2017-05-03,28571,1238.38,64.165,79460.65270000002,25547.17401578601,3023.8259842139887,0.008479999899864197,25607.045447290748,2963.9545527092523,True,False,-0.014844298096540436,0.0,0.006684541346082134
2017-05-04,28060,1227.75,64.215,78839.96625,25347.618837108363,2712.3811628916374,0.008550000190734864,25407.168776744016,2652.831223255984,True,False,-0.00784191034630259,-0.018047142705907328,0.006706924101180264
2017-05-05,28184,1227.74,64.315,78962.0981,25386.885109392835,2797.114890607165,0.008679999709129334,25446.79919333484,2737.2008066651615,True,False,0.0015479122518336037,0.00440936636462174,0.006714055651716016
2017-05-08,28119,1226.3,64.36,78924.66799999999,25374.851061777612,2744.148938222388,0.008700000047683716,25434.77855614487,2684.221443855131,True,False,-0.0004741385440438015,-0.002308936606478113,0.006714623678664788
2017-05-09,27981,1221.3,64.68,78993.68400000001,25397.0402044786,2583.9597955214012,0.008899999856948853,25457.438577293116,2523.5614227068836,True,False,0.0008740719937863385,-0.004919796019622324,0.006707266058837896
2017-05-10,28007,1219.15,64.615,78775.37725,25326.853006896334,2680.1469931036663,0.00875,25386.77147369251,2620.228526307488,True,False,-0.002767423316053543,0.000928770517575222,0.006714419950190875
2017-05-11,28022,1224.85,64.405,78886.46424999999,25362.56828009709,2659.43171990291,0.008600000143051147,25422.257815636232,2599.7421843637676,True,False,0.0014091807799026627,0.0005354370186284231,0.006727649795150494
2017-05-12,28019,1228.83,64.243,78943.72568999999,25380.978246821094,2638.021753178906,0.008550000190734864,25440.606558742817,2578.3934412571834,True,False,0.0007256082316591313,-0.00010706447075765006,0.006617466967388244
2017-05-15,28008,1230.71,64.065,78845.43615,25349.377449483174,2658.622550516826,0.008629999756813049,25409.09859275041,2598.9014072495884,True,False,-0.0012458340175812916,-0.0003926678259174569,0.006539097112757629
2017-05-16,28109,1236.8,64.045,79210.856,25466.862571736303,2642.137428263697,0.008899999856948853,25527.426993717752,2581.5730062822477,True,False,0.004623928552381134,0.0035996261046499834,0.006518166928119179
2017-05-17,28614,1260.74,64.13,80851.25619999999,25994.263089362932,2619.736910637068,0.00875,26055.76052014863,2558.2394798513706,True,False,0.020497763183257352,0.01780629878712778,0.007565758539742956
2017-05-18,28710,1247.05,64.88,80908.60399999999,26012.70082145096,2697.2991785490412,0.008930000066757203,26074.627631271116,2635.372368728884,True,False,0.0007090486148011512,0.0033493855888302414,0.007538570364314174
2017-05-19,28634,1255.55,64.565,81064.58575,26062.85008118057,2571.1499188194284,0.008880000114440918,26124.788915942216,2509.2110840577843,True,False,0.0019260199599612953,-0.0026506711948367945,0.007438828081498225
2017-05-22,28783,1260.46,64.51,81312.2746,26142.48383622422,2640.516163775781,0.008780000209808349,26204.396542764058,2578.603457235942,True,False,0.003050792355220075,0.005190112143472384,0.007427716919272012
2017-05-23,28808,1251.16,64.895,81194.0282,26104.466764190525,2703.5332358094747,0.00912999987602234,26167.04217466426,2640.9578253357395,True,False,-0.0014552841192204064,0.0008681912649658843,0.007361656781900359
2017-05-24,28719,1258.55,64.77,81516.28349999999,26208.07417171701,2510.9258282829906,0.009049999713897704,26270.725201134897,2448.2747988651026,True,False,0.003961097707818166,-0.0030942017142482907,0.006861104663387315
2017-05-25,28638,1255.76,64.555,81065.5868,26063.171925989038,2574.828074010962,0.009079999923706054,26125.540982628994,2512.4590173710058,True,False,-0.0055442572244613665,-0.002824417380511304,0.006542636691931499
2017-05-26,28847,1267.05,64.51,81737.3955,26279.16327744466,2567.836722555341,0.009100000262260438,26342.092503213014,2504.9074967869856,True,False,0.008253073792132075,0.00727149416017911,0.006737656443914135
2017-05-30,28704,1263.1,64.635,81640.4685,26248.000546562285,2455.9994534377147,0.009100000262260438,26310.85514870178,2393.1448512982206,True,False,-0.0011865378699249976,-0.004969515535607943,0.006734901589932653
2017-05-31,28905,1268.59,64.51,81836.7409,26311.10354140209,2593.8964585979083,0.00949999988079071,26374.97636014342,2530.0236398565794,True,False,0.00240122149169314,0.006978104658053752,0.006656974558835624
2017-06-01,28749,1265.64,64.478,81605.93592,26236.89807256418,2512.1019274358187,0.009480000138282776,26300.547516899434,2448.4524831005656,True,False,-0.0028242945834133725,-0.005411606504704593,0.006566876427240422
2017-06-02,28949,1279.98,64.415,82449.91170000001,26508.24238429759,2440.7576157024087,0.00953000009059906,26572.659299175553,2376.3407008244467,True,False,0.010288974610958943,0.006932677078334794,0.006851031741091779
2017-06-05,29111,1279.95,64.35,82364.7825,26480.872731364634,2630.127268635366,0.009480000138282776,26545.114046408904,2565.885953591096,True,False,-0.001033029342240358,0.005580448515630744,0.0068337592898590205
2017-06-06,29481,1294.0,64.43,83372.42000000001,26804.835468677164,2676.1645313228364,0.009580000042915345,26870.083550519466,2610.9164494805336,True,False,0.012159610518558038,0.012629878424699028,0.006959944756737902
2017-06-07,29376,1286.91,64.435,82922.04585000001,26660.036925104894,2715.963074895106,0.009729999899864197,26725.262026862183,2650.737973137817,True,False,-0.005416599390067242,-0.0035679736103194897,0.00667808016738992
2017-06-08,29049,1278.9,64.25,82169.32500000001,26418.031732763196,2630.9682672368035,0.009729999899864197,26482.664756822294,2566.3352431777057,True,False,-0.009118902606726194,-0.011193955140576228,0.006911516963616592
2017-06-09,28938,1266.4,64.245,81359.86800000002,26157.78545822818,2780.21454177182,0.009800000190734863,26221.932642984102,2716.067357015898,True,False,-0.009899927912356981,-0.003828448982613922,0.007124388947088872
2017-06-12,28917,1265.74,64.48,81614.9152,26239.784975967334,2677.2150240326664,0.009729999899864197,26303.98191050103,2613.0180894989717,True,False,0.0031299002606598662,-0.0007259528449490165,0.0070748128142700505
2017-06-13,28862,1265.85,64.345,81451.11825,26187.123072966064,2674.876927033936,0.009829999804496765,26251.40693143985,2610.593068560149,True,False,-0.002008965345193085,-0.001903806456054751,0.006853752710426104
2017-06-14,28946,1261.18,64.235,81011.8973,26045.910363785424,2900.089636214576,0.009829999804496765,26109.847574871244,2836.1524251287556,True,False,-0.005407040102071375,0.0029061742015267407,0.006926986094839332
2017-06-15,28686,1254.0,64.565,80964.51,26030.675004420722,2655.324995579278,0.009929999709129333,26094.78929255008,2591.2107074499218,True,False,-0.0005851136241611973,-0.009022826343391565,0.006325794555004947
2017-06-16,28616,1253.63,64.465,80815.25795000001,25982.689391869084,2633.310608130916,0.009850000143051147,26046.514225693525,2569.485774306475,True,False,-0.0018451267947185888,-0.002443196915304674,0.006141069459275138
2017-06-19,28473,1243.25,64.495,80183.40875,25779.545308405806,2693.4546915941937,0.009850000143051147,25842.87113163231,2630.1288683676903,True,False,-0.007849163684814914,-0.005009732140251797,0.006339372388079671
2017-06-20,28475,1243.19,64.54,80235.48260000002,25796.287427459934,2678.7125725400656,0.009929999709129333,25859.824412363745,2615.175587636255,True,False,0.0006492234348564858,7.02395167809746e-05,0.006336666076578076
2017-06-21,28495,1246.55,64.53,80439.8715,25861.999935698554,2633.0000643014464,0.009679999947547913,25925.16605851046,2569.8339414895418,True,False,0.002544123974560155,0.0007021239537170407,0.006346947206340984
2017-06-22,28557,1250.62,64.605,80796.3051,25976.59591364316,2580.4040863568407,0.009330000281333923,26039.292843494346,2517.707156505654,True,False,0.004421268081825831,0.002173456650315002,0.006350944309044274
2017-06-23,28648,1256.9,64.505,81076.3345,26066.62738920057,2581.37261079943,0.009330000281333923,26129.541618390216,2518.458381609784,True,False,0.0034598766047016123,0.003181542758853775,0.006368245702908488
2017-06-26,28426,1244.45,64.435,80186.13575,25780.42205861077,2645.5779413892305,0.009330000281333923,25842.645504620254,2583.3544953797464,True,False,-0.011040483144821096,-0.007779413379311481,0.006732093209469675
2017-06-27,28483,1247.1,64.475,80406.77249999999,25851.358368029316,2631.641631970684,0.009900000095367432,25914.967095041022,2568.032904958978,True,False,0.0027477787310392385,0.0020031987580460676,0.0067354450918116785
2017-06-28,28485,1249.32,64.525,80612.373,25917.460414422818,2567.539585577182,0.009850000143051147,25981.125017388043,2503.8749826119565,True,False,0.0025537411852298987,7.021485749267297e-05,0.0067038967143146725
2017-06-29,28527,1245.74,64.66,80549.5484,25897.26185156011,2629.73814843989,0.01003000020980835,25961.260919742064,2565.7390802579357,True,False,-0.000779645745553162,0.0014733742930579802,0.00555089922254244
2017-06-30,28295,1241.6,64.62,80232.192,25795.229475782464,2499.770524217536,0.009929999709129333,25858.763854921395,2436.2361450786047,True,False,-0.003947672308480142,-0.008165896630929776,0.005591742272215571
2017-07-03,27952,1220.46,64.845,79140.7287,25444.316138055205,2507.6838619447954,0.01,25507.13296128231,2444.86703871769,True,False,-0.013697187195150678,-0.012196357202786409,0.006084981383745297
2017-07-05,28051,1226.95,64.8,79506.36,25561.869243011235,2489.130756988765,0.010199999809265137,25625.39751640856,2425.6024835914395,True,False,0.004609374812438269,0.0035355285654221982,0.006125516567930368
2017-07-06,28143,1225.15,64.725,79297.83375,25494.82654685164,2648.17345314836,0.010080000162124634,25557.93612193941,2585.0638780605914,True,False,-0.0026262073428377657,0.003274373854800856,0.006133899010032326
2017-07-07,27812,1212.9,64.625,78383.6625,25200.913884289548,2611.086115710452,0.010080000162124634,25263.295911644716,2548.7040883552836,True,False,-0.01159529195632809,-0.011831073575152173,0.0063715509008403365
2017-07-10,27840,1214.35,64.475,78295.21624999998,25172.477775813008,2667.5222241869924,0.010130000114440919,25234.893117508767,2605.1068824912327,True,False,-0.0011290131777892173,0.0010062532294474803,0.006321075845305753
2017-07-11,27871,1217.69,64.565,78620.15485,25276.947883678688,2594.0521163213125,0.010329999923706056,25340.038804528765,2530.9611954712345,True,False,0.004141583608883555,0.0011128862594281946,0.006152288648649994
2017-07-12,27889,1220.0,64.475,78659.5,25289.597633706817,2599.402366293183,0.010230000019073487,25352.511750695754,2536.488249304246,True,False,0.0005003209201883943,0.000645624125726093,0.0061610269699282115
2017-07-13,27868,1217.45,64.46,78476.82699999999,25230.866944234567,2637.133055765433,0.010130000114440919,25293.427062298026,2574.5729377019743,True,False,-0.0023250267557848145,-0.0007532686835007144,0.006125032315865195
2017-07-14,28022,1228.98,64.424,79175.80752,25455.59423216037,2566.405767839631,0.010080000162124634,25518.606692066543,2503.3933079334565,True,False,0.008867407794937303,0.005510838781167246,0.0063970333604587955
2017-07-17,28147,1234.4,64.345,79427.46800000001,25536.504894947517,2610.4951050524833,0.010199999809265137,25599.970130965885,2547.029869034115,True,False,0.00317346146071618,0.004450861021410538,0.006088198045411207
2017-07-18,28280,1242.46,64.316,79910.05736,25691.660861317858,2588.339138682142,0.010399999618530274,25755.93508392398,2524.0649160760186,True,False,0.006057466181204851,0.004714064057921772,0.006232623300302941
2017-07-19,28270,1240.87,64.27,79750.71489999999,25640.431109039175,2629.5688909608252,0.010850000381469726,25705.5279038247,2564.472096175301,True,False,-0.0019960133055492643,-0.0003536693228730169,0.005715730565326611
2017-07-20,28345,1244.74,64.375,80130.1375,25762.418216599417,2582.581783400583,0.011130000352859498,25828.41911693779,2516.580883062212,True,False,0.004746325861971353,0.0026494760707679345,0.005775254035116729
2017-07-21,28541,1254.9,64.385,80796.73650000001,25976.734611860404,2564.2653881395963,0.011380000114440918,26043.81971168404,2497.1802883159617,True,False,0.008284543109803227,0.006891002200984677,0.0058202177715824446
2017-07-24,28530,1255.24,64.395,80831.1798,25987.808381693376,2542.191618306624,0.011499999761581422,26055.179060170518,2474.820939829482,True,False,0.00042620484517581444,-0.0003854847518429289,0.005547874612660442
2017-07-25,28490,1249.05,64.385,80420.08425,25855.63819184336,2634.3618081566383,0.011430000066757201,25922.517089882316,2567.482910117684,True,False,-0.005098830611500401,-0.0014030167155917317,0.005580003712428896
2017-07-26,28396,1261.1,64.355,81158.0905,26092.912533959203,2303.087466040797,0.010950000286102294,26159.373111366596,2236.6268886334037,True,False,0.009135037987484872,-0.0033048583326774233,0.005840367830969116
2017-07-27,28477,1259.0,64.125,80733.375,25956.363431768128,2520.636568231872,0.010779999494552613,26022.112607641346,2454.8873923586543,True,False,-0.005246928527889161,0.0028484537396441445,0.005835441027905802
2017-07-28,28596,1269.25,64.115,81377.96375,26163.603372610796,2432.396627389204,0.01052999973297119,26229.338536851224,2366.6614631487755,True,False,0.007952462203301952,0.004170103987821795,0.006017069453127097
2017-07-31,28588,1269.55,64.2,81505.11,26204.481810728696,2383.5181892713044,0.01052999973297119,26270.319680655542,2317.6803193444575,True,False,0.0015611969113500065,-0.0002797985468729478,0.006009871176410262
2017-08-01,28514,1269.05,64.095,81339.75975,26151.320510553473,2362.6794894465274,0.010579999685287476,26217.132555836946,2296.8674441630537,True,False,-0.0020307708444194344,-0.0025918546259632103,0.005829553524811381
2017-08-02,28486,1266.7,63.635,80606.4545,25915.557573906473,2570.4424260935266,0.010499999523162842,25980.60546921418,2505.3945307858194,True,False,-0.009056219871916064,-0.0009824562193748074,0.00608345775154699
2017-08-03,28447,1268.65,63.705,80819.34825000001,25984.004452875084,2462.995547124916,0.010579999685287476,26049.395432921712,2397.604567078288,True,False,0.002637668449573733,-0.0013700316547593499,0.006084749045003816
2017-08-04,28373,1258.6,63.675,80141.355,25766.024723905666,2606.975276094334,0.01052999973297119,25830.760985303892,2542.239014696108,True,False,-0.008424382424817148,-0.002604718121721004,0.006224683020370597
2017-08-07,28419,1257.69,63.84,80290.9296,25814.11403861302,2604.885961386979,0.010329999923706056,25878.545718937712,2540.454281062288,True,False,0.0018646451829936739,0.001619946825593077,0.0061984687104476655
2017-08-08,28357,1260.64,63.692,80292.68288000001,25814.677730802,2542.322269198001,0.010299999713897705,25879.047006221062,2477.9529937789375,True,False,2.1836350210037753e-05,-0.0021840222856403108,0.005858732074016487
2017-08-09,28800,1277.55,63.86,81584.343,26229.95579275644,2570.0442072435617,0.01024999976158142,26295.25250727913,2504.7474927208714,True,False,0.01595887405027773,0.01550147386603336,0.006527304996705253
2017-08-10,29130,1286.9,64.095,82483.8555,26519.15556127124,2610.84443872876,0.010180000066757202,26585.01925350399,2544.9807464960104,True,False,0.01096521472188182,0.011393183829443003,0.006794441380215166
2017-08-11,29158,1289.21,64.14,82689.92940000001,26585.409809185465,2572.590190814535,0.010130000114440919,26651.328526132613,2506.6714738673872,True,False,0.002495238660862228,0.000960746711286988,0.006795076263349718
2017-08-14,29042,1281.95,64.09,82160.17550000001,26415.090102400056,2626.909897599944,0.01003000020980835,26480.368862841446,2561.6311371585543,True,False,-0.006427120248471409,-0.003986259574084478,0.006870407736376467
2017-08-16,28878,1283.1,64.17,82336.527,26471.78838394393,2406.211616056069,0.009850000143051147,26536.814658520794,2341.185341479206,True,False,0.002144134987288666,-0.005662998559518372,0.006303842014719017
2017-08-17,29093,1288.01,64.17,82651.6017,26573.087176684294,2519.912823315706,0.009779999852180482,26638.20902333489,2454.79097666511,True,False,0.0038193667083419756,0.007417535863490322,0.006291262877631085
2017-08-18,29109,1284.5,64.095,82330.0275,26469.69874772935,2639.3012522706485,0.00987999975681305,26534.785316561705,2574.2146834382947,True,False,-0.0038983080577024605,0.0005498092987544206,0.006322799004836816
2017-08-21,29224,1291.22,64.11,82780.1142,26614.404874049545,2609.5951259504545,0.009649999737739563,26679.34290798351,2544.6570920164886,True,False,0.005451970548015944,0.003942884781709256,0.005878937804830954
2017-08-22,29061,1284.72,64.072,82314.57984,26464.7322134165,2596.2677865834994,0.009950000047683715,26529.959208311753,2531.040791688247,True,False,-0.005639619087435264,-0.005593220380623812,0.006013083777169573
2017-08-23,29090,1290.62,64.045,82657.7579,26575.066439468224,2514.9335605317756,0.009800000190734863,26640.236929512794,2449.7630704872063,True,False,0.004160437558366052,0.0009974033947527335,0.006013352122605942
2017-08-24,29021,1286.33,64.045,82383.00485,26486.731348562058,2534.268651437942,0.009980000257492065,26552.07803545602,2468.9219645439807,True,False,-0.003329520528640018,-0.0023747666509685763,0.006079317360948918
2017-08-25,29086,1291.15,64.005,82640.05575,26569.375070329705,2516.6249296702954,0.009950000047683715,26634.859975981002,2451.140024018998,True,False,0.0031153356017279764,0.002237252899376658,0.006041018256260387
2017-08-28,29425,1310.49,63.905,83746.86345,26925.221743533686,2499.778256466314,0.010049999952316284,26991.805545334704,2433.194454665296,True,False,0.01330421923663943,0.011587694390821912,0.0062718547972681685
2017-08-29,29588,1309.5,64.015,83827.6425,26951.192791807996,2636.8072081920036,0.010099999904632569,27017.95185016513,2570.048149834871,True,False,0.0009640972031986233,0.005524220579280714,0.006269003570303319
2017-08-30,29540,1308.76,63.99,83747.5524,26925.443245936953,2614.5567540630473,0.009980000257492065,26991.87230002138,2548.1276999786205,True,False,-0.0009558706602837131,-0.0016235966223874527,0.006235335713799802
2017-08-31,29756,1322.07,63.935,84526.54545,27175.89514041828,2580.104859581719,0.009779999852180482,27242.49426998723,2513.50573001277,True,False,0.00925868716297513,0.0072855152258611755,0.006351286205020939
2017-09-01,29788,1324.97,64.025,84831.20425000001,27273.84514604466,2514.1548539553405,0.009850000143051147,27340.841622350326,2447.1583776496736,True,False,0.003597817391554349,0.0010748355193041458,0.0063372247639866125
2017-09-05,30226,1339.33,64.105,85857.74965,27603.886909833298,2622.113090166702,0.009829999804496765,27671.648624416983,2554.351375583017,True,False,0.012028403167783886,0.01459685329952984,0.006502000242572902
2017-09-06,30088,1334.14,64.06,85465.0084,27477.617760059158,2610.382239940842,0.010379999876022339,27546.3147269191,2541.6852730809005,True,False,-0.004584819231727001,-0.004576059979893622,0.006607995478219374
2017-09-07,30287,1349.2,64.015,86369.038,27768.269808863955,2518.7301911360446,0.010230000019073487,27837.350234762336,2449.649765237664,True,False,0.01052222140942588,0.006592156377756704,0.006656175313832443
2017-09-08,30271,1346.71,63.785,85899.89735,27617.437699937305,2653.5623000626947,0.010199999809265137,27686.074626136076,2584.9253738639236,True,False,-0.005446621108184072,-0.0005284190485915017,0.006678167374765176
2017-09-11,29942,1327.32,63.935,84862.2042,27283.811853971416,2658.188146028584,0.010199999809265137,27351.619628211327,2590.380371788673,True,False,-0.01215382001215882,-0.010927981469555498,0.007041946099409058
2017-09-12,29953,1331.94,64.031,85285.45014000002,27419.88848200364,2533.11151799636,0.010180000066757202,27487.989258887817,2465.0107411121826,True,False,0.00497505316340545,0.0003673094623482428,0.006970863931780199
2017-09-13,29896,1323.25,64.01,84701.23250000001,27232.058289260058,2663.941710739942,0.010180000066757202,27299.692565995756,2596.307434004244,True,False,-0.006873714236690944,-0.0019047943068102912,0.007139031092930565
2017-09-14,30020,1329.83,64.123,85272.68909,27415.785712218883,2604.2142877811166,0.01027999997138977,27484.102194939624,2535.8978050603764,True,False,0.006724075526026682,0.0041391340221330385,0.0071777708069816724
2017-09-15,29869,1319.62,64.11,84600.8382,27199.780796373398,2669.2192036266024,0.010099999904632569,27267.15561601545,2601.8443839845495,True,False,-0.007910054071384839,-0.005042672944139668,0.007122072032621257
2017-09-18,29561,1307.57,64.158,83891.07605999999,26971.587139710962,2589.412860289038,0.01,27038.17448331717,2522.825516682831,True,False,-0.008424930553173147,-0.010365228254056441,0.007349890962999638
2017-09-19,29628,1311.28,64.3,84315.30399999999,27107.979487838988,2520.0205121610124,0.010180000066757202,27175.3055991065,2452.694400893499,True,False,0.005044146831200261,0.002263935143922857,0.007147553731991658
2017-09-20,29780,1301.15,64.293,83654.83695000001,26895.634558811715,2884.3654411882853,0.010199999809265137,26962.477605742402,2817.5223942575976,True,False,-0.007864141211378184,0.005117167104820091,0.007357099873538915
2017-09-21,29584,1291.39,64.81,83694.98590000001,26908.542736348005,2675.457263651995,0.010080000162124634,26975.15180682751,2608.848193172489,True,False,0.0004798206545611449,-0.006603352611093861,0.007354684815051329
2017-09-22,29608,1297.38,64.795,84063.73710000001,27027.098911698045,2580.9010883019546,0.01003000020980835,27093.89010977623,2514.109890223772,True,False,0.004396216033375547,0.0008109204390858515,0.0068501832086553405
2017-09-25,30065,1310.55,65.127,85352.18985,27441.345781021424,2623.654218978576,0.009980000257492065,27509.047643025573,2555.952356974427,True,False,0.015210820085704492,0.015317109407677129,0.007102413202890549
2017-09-26,29885,1293.89,65.46,84698.0394,27231.03168453711,2653.968315462891,0.010429999828338622,27299.22434823758,2585.7756517624184,True,False,-0.007693652394397778,-0.006005022215314452,0.007276814920880765
2017-09-27,29673,1281.12,65.715,84188.8008,27067.307794942688,2605.692205057312,0.010379999876022339,27134.97894325016,2538.0210567498398,True,False,-0.006030548534248273,-0.007119140850404067,0.007263581932470936
2017-09-28,29624,1287.3,65.47,84279.531,27096.478209847766,2527.5217901522337,0.010299999713897705,27164.043673455904,2459.9563265440956,True,False,0.001077118860293745,-0.001652697814501846,0.007259450500377268
2017-09-29,29549,1279.45,65.31,83560.87950000001,26865.426559711934,2683.573440288066,0.01027999997138977,26932.371620802554,2616.6283791974456,True,False,-0.008563562132486841,-0.002534941279368662,0.007430551129322643
2017-10-03,29400,1271.75,65.485,83280.54875,26775.298197952,2624.701802047999,0.010349999666213989,26842.173104484755,2557.8268955152453,True,False,-0.003360448501861137,-0.005055227987306998,0.007420552665006236
2017-10-04,29331,1274.69,65.03,82893.0907,26650.7276351536,2680.2723648464016,0.010429999828338622,26717.467086234657,2613.5329137653425,True,False,-0.004663299828210108,-0.0023496971529920266,0.0074120734964189415
2017-10-05,29412,1268.05,65.145,82607.11725,26558.785104570223,2853.2148954297772,0.010429999828338622,26625.294310754925,2786.7056892450746,True,False,-0.003455871604736264,0.002757777142332058,0.007364889692634384
2017-10-06,29510,1276.03,65.4,83452.36200000001,26830.537399328052,2679.462600671948,0.010429999828338622,26897.727134736215,2612.272865263785,True,False,0.010180112012002258,0.0033264346208721654,0.007558279934152052
2017-10-09,29670,1284.1,65.355,83922.3555,26981.643705692288,2688.3562943077122,0.010449999570846557,27049.256309397646,2620.743690602354,True,False,0.005616078011446976,0.005407245347882335,0.007585789289562735
2017-10-10,29768,1287.85,65.25,84032.2125,27016.963525005223,2751.0364749947767,0.010549999475479126,27084.887250117554,2683.112749882446,True,False,0.0013081753830799544,0.003297556741590934,0.007572430262839429
2017-10-11,29659,1291.8,65.16,84173.688,27062.448920539486,2596.5510794605143,0.010679999589920044,27130.776890318903,2528.2231096810974,True,False,0.0016821708743929924,-0.0036683703445858857,0.007185181081452373
2017-10-12,29756,1293.6,65.06,84161.616,27058.567685308724,2697.4323146912757,0.01052999973297119,27126.551416967282,2629.4485830327176,True,False,-0.00014342802411419458,0.0032651716293594616,0.007183802521152755
2017-10-13,29800,1304.88,64.7,84425.736,27143.48417380681,2656.51582619319,0.010499999523162842,27211.614157573855,2588.3858424261452,True,False,0.0031333337045276136,0.0014776011822637447,0.007201212296818555
2017-10-16,29808,1294.74,64.7,83769.678,26932.556786213772,2875.4432137862277,0.010549999475479126,27000.268303165925,2807.7316968340747,True,False,-0.007801179730345393,0.000268420347873782,0.007140156040384821
2017-10-17,29565,1285.19,65.03,83575.9057,26870.257591589372,2694.742408410628,0.010729999542236328,26938.21101638286,2626.7889836171416,True,False,-0.0023158350799257666,-0.008185584586439405,0.007110410237346891
2017-10-18,29536,1281.17,65.055,83346.51435000001,26796.506615011174,2739.4933849888257,0.010679999589920044,26864.163126791038,2671.836873208962,True,False,-0.002748480333988443,-0.000981370952351576,0.006713565184906572
2017-10-19,29654,1289.79,64.995,83829.90105,26951.918931952994,2702.081068047006,0.010650000572204589,27019.90121044877,2634.09878955123,True,False,0.005782969397811504,0.003987165275392754,0.006788539526531125
2017-10-20,29541,1280.72,65.04,83298.02880000001,26780.91816033566,2760.081839664341,0.010750000476837157,26848.68978740933,2692.31021259067,True,False,-0.006364873256787542,-0.003817894662059618,0.006525771078593345
2017-10-23,29499,1282.07,65.023,83364.03760999998,26802.140469722053,2696.8595302779468,0.010700000524520874,26869.855377656775,2629.144622343225,True,False,0.0007921276253602526,-0.0014227644676458346,0.006485281319380018
2017-10-24,29498,1276.72,65.09,83101.7048,26717.79857572299,2780.201424277009,0.010980000495910644,26785.91683192644,2712.083168073561,True,False,-0.003151795959527714,-3.390002881831706e-05,0.006150996607054329
2017-10-25,29362,1277.41,64.925,82935.84425,26664.4732104104,2697.5267895895995,0.010829999446868896,26732.12593265068,2629.8740673493194,True,False,-0.0019978686281274787,-0.004621143120041987,0.006060278968336579
2017-10-26,29236,1267.11,64.84,82159.4124,26414.84476023599,2821.1552397640116,0.010800000429153443,26481.798833193756,2754.201166806244,True,False,-0.00940593436896867,-0.004300494699123336,0.006162669248233564
2017-10-27,29272,1273.35,65.04,82818.68400000001,26626.805343450098,2645.194656549902,0.010729999542236328,26694.14309070576,2577.8569092942416,True,False,0.007992274413510986,0.0012306010987604592,0.00622165836464051
2017-10-30,29349,1276.24,64.86,82776.9264,26613.3799733149,2735.620026685101,0.010750000476837157,26680.727629281108,2668.2723707188925,True,False,-0.0005043322197278311,0.0026270464264957594,0.006082297457239481
2017-10-31,29040,1271.58,64.75,82334.805,26471.23474850097,2568.7652514990295,0.011230000257492066,26539.2697002245,2500.7302997754996,True,False,-0.005355433595729233,-0.010584284186806148,0.005973167080315984
2017-11-01,29120,1274.39,64.565,82280.99035000001,26453.932949668044,2666.067050331956,0.011380000114440918,26522.250417555097,2597.7495824449034,True,False,-0.0006538212423983248,0.0027510333718897976,0.005876521887861369
2017-11-02,29242,1275.99,64.575,82397.05425,26491.248332181265,2750.751667818735,0.011380000114440918,26559.662167306087,2682.337832693913,True,False,0.0014095858315479645,0.004180808666761099,0.005735091372015895
2017-11-03,29191,1269.85,64.56,81981.516,26357.649782178854,2833.3502178211456,0.011480000019073486,26425.935796481295,2765.0642035187047,True,False,-0.005055879662787728,-0.001745589408385684,0.005791093779738531
2017-11-06,29363,1281.55,64.625,82820.16875,26627.282701303713,2735.717298696287,0.011579999923706055,26696.48668847457,2666.5133115254284,True,False,0.010177808446252018,0.005874935775962591,0.006056304800872203
2017-11-07,29457,1275.53,65.06,82985.9818,26680.592795023065,2776.4072049769347,0.01187999963760376,26750.594929435218,2706.4050705647824,True,False,0.0020000838898390026,0.003196194492439611,0.005308983753447261
2017-11-08,29562,1281.3,64.92,83181.996,26743.612776697155,2818.387223302845,0.011950000524520873,26813.93453071961,2748.065469280391,True,False,0.0023592306232832825,0.0035581799346182355,0.005183598146149633
2017-11-09,29670,1285.3,64.975,83512.3675,26849.829601170284,2820.170398829716,0.012029999494552612,26920.60765939975,2749.3923406002505,True,False,0.0039638044817191615,0.0036466815128493374,0.005143693424455125
2017-11-10,29508,1276.14,65.19,83191.5666,26746.689793753118,2761.3102062468824,0.012000000476837159,26817.12984577705,2690.87015422295,True,False,-0.003848754952683281,-0.005475021280674592,0.005177752841757668
2017-11-13,29619,1277.99,65.44,83631.6656,26888.184802353433,2730.815197646567,0.01184999942779541,26958.66512399457,2660.3348760054287,True,False,0.005276243784267095,0.00375463427536653,0.005043165976432616
2017-11-14,29620,1280.71,65.41,83771.2411,26933.059334158534,2686.9406658414664,0.012400000095367432,27004.878024958824,2615.1219750411765,True,False,0.0016675401293137937,3.376154223049505e-05,0.005010106069701865
2017-11-15,29528,1278.8,65.27,83467.276,26835.332358094747,2692.667641905253,0.012300000190734864,26906.66930238359,2621.3306976164095,True,False,-0.003635112771725158,-0.003110843111955295,0.004979140880099953
2017-11-16,29491,1278.47,65.295,83477.69865,26838.683315382517,2652.3166846174827,0.012300000190734864,26910.02916759358,2580.9708324064195,True,False,0.00012486329744760148,-0.0012538336755046685,0.004930415061055244
2017-11-17,29658,1294.37,65.015,84153.46555,27055.94725673959,2602.0527432604104,0.012400000095367432,27128.0936358877,2529.9063641122993,True,False,0.008062588647231094,0.005646771500684435,0.00479821065979277
2017-11-20,29339,1276.7,65.1,83113.17,26721.484720369088,2617.515279630912,0.012400000095367432,26792.739234200828,2546.260765799172,True,False,-0.012438929736662437,-0.010814214581803249,0.005219500999393156
2017-11-21,29334,1280.48,64.88,83077.54239999999,26710.030189528505,2623.9698104714953,0.012779999971389771,26782.090627534857,2551.909372465143,True,False,-0.00042875561493532636,-0.0001704361465104533,0.005210409172912457
2017-11-22,29504,1292.12,64.88,83832.74559999998,26952.83347533235,2551.1665246676494,0.012649999856948852,27025.260202450456,2478.739797549544,True,False,0.009049272667765793,0.005778594549619725,0.005477744029551691
2017-11-24,29375,1288.22,64.68,83322.06960000002,26788.647451251472,2586.3525487485276,0.012400000095367432,26860.081058714673,2514.9189412853266,True,False,-0.006110234852969969,-0.004381874909860267,0.005585318979359995
2017-11-27,29460,1294.5,64.477,83465.4765,26834.753805841785,2625.246194158215,0.012230000495910644,26905.934411115748,2554.065588884252,True,False,0.0017196360123148688,0.002889438570161134,0.005560965361671262
2017-11-28,29381,1294.01,64.41,83347.1841,26796.721944475703,2584.278055524297,0.012649999856948852,26868.72917405728,2512.27082594272,True,False,-0.00141826668794899,-0.0026852041082898286,0.005386664411402214
2017-11-29,29215,1283.57,64.36,82610.5652,26559.89364540968,2655.10635459032,0.012580000162124634,26631.11125826636,2583.888741733641,True,False,-0.00887724424520038,-0.005665930919794007,0.0056056129502001055
2017-11-30,28992,1274.76,64.49,82209.27239999999,26430.875110518107,2561.1248894818928,0.012380000352859497,26501.311132336552,2490.688867663448,True,False,-0.004869481717646346,-0.0076623461458314905,0.005649623151158137
2017-12-01,29217,1280.26,64.52,82602.3752,26557.260501229764,2659.7394987702355,0.012350000143051147,26627.967670763446,2589.032329236554,True,False,0.004770336941372927,0.00773080178660306,0.005613962662502732
2017-12-04,29059,1276.23,64.38,82163.6874,26416.2192036266,2642.7807963734012,0.012450000047683716,26486.768557231113,2572.231442768887,True,False,-0.005324990227705768,-0.005422485659411313,0.00557955391237962
2017-12-05,28893,1266.55,64.36,81515.158,26207.712315334287,2685.2876846657127,0.012829999923706054,26278.525553953,2614.474446046999,True,False,-0.007924454650433852,-0.005728894740923616,0.005736995277494192
2017-12-06,28972,1263.94,64.53,81562.0482,26222.787853457008,2749.212146542992,0.012630000114440917,26293.209605895197,2678.7903941048025,True,False,0.0005750675080211056,0.002730495086242776,0.005723474476703888
2017-12-07,28670,1246.7,64.57,80499.419,25881.144887231338,2788.8551127686624,0.012599999904632569,25950.585163276573,2719.4148367234266,True,False,-0.013114091184158043,-0.010478566437801169,0.00615880769608181
2017-12-08,28588,1248.14,64.48,80480.0672,25874.923143697655,2713.076856302345,0.012530000209808349,25944.19745876107,2643.802541238929,True,False,-0.0002404256660276322,-0.002864230537545995,0.005950954344625039
2017-12-11,28429,1241.96,64.355,79926.3358,25696.894497403828,2732.1055025961723,0.012630000114440917,25765.903954096204,2663.096045903796,True,False,-0.006904133366302942,-0.00557729842530124,0.005821738290657483
2017-12-12,28318,1243.85,64.41,80116.37849999999,25757.9945986786,2560.0054013213994,0.01309999942779541,25828.16586561127,2489.8341343887296,True,False,0.0023749008526092424,-0.00391210606965207,0.005856971641821456
2017-12-13,28377,1255.45,64.46,80926.307,26018.392463870627,2358.6075361293733,0.012730000019073486,26088.479733713564,2288.520266286436,True,False,0.010058641611313115,0.0020813130363639457,0.006139094833091302
2017-12-14,28500,1252.85,64.34,80608.36899999999,25916.17309949041,2583.82690050959,0.012829999923706054,25986.19859914855,2513.801400851451,True,False,-0.003936472569629199,0.004325129375461601,0.006169723291695796
2017-12-15,28441,1255.26,64.08,80437.06079999999,25861.096275338783,2579.903724661217,0.01284999966621399,25931.01558316134,2509.984416838659,True,False,-0.0021274526675519887,-0.0020723212137017948,0.006162115502130496
2017-12-18,28663,1261.69,64.21,81013.1149,26046.30183098365,2616.6981690163484,0.01315000057220459,26117.365853331787,2545.6341466682134,True,False,0.007136028710150243,0.007775326366955982,0.006272964229748601
2017-12-19,28555,1261.72,64.06,80825.7832,25986.073335798224,2568.9266642017756,0.013530000448226928,26057.786879026262,2497.213120973738,True,False,-0.0023150402760388346,-0.0037750403110326965,0.005953338525495433
2017-12-20,28617,1265.62,64.115,81145.22629999998,26088.776600704095,2528.2233992959045,0.01350000023841858,26160.7090668609,2456.2909331390983,True,False,0.003944452963068389,0.0021688947143545367,0.00599544936837114
2017-12-21,28596,1266.76,64.02,81097.9752,26073.585030623562,2522.4149693764375,0.013200000524520875,26144.830935899878,2451.1690641001223,True,False,-0.0005824724968326327,-0.0007340989265753549,0.005966870500053535
2017-12-22,28757,1275.01,64.02,81626.1402,26243.39389457778,2513.606105422219,0.012979999780654908,26314.627969434427,2442.3720305655734,True,False,0.00649156215667848,0.005614367963602327,0.006054334972822047
2017-12-26,28924,1283.29,64.05,82194.7245,26426.1978555468,2497.8021444531987,0.013029999732971191,26498.037022269396,2425.9629777306036,True,False,0.00694156491186378,0.00579048444449771,0.006183736588641624
2017-12-27,29092,1287.41,64.12,82548.72920000002,26540.012924590483,2551.9870754095173,0.014079999923706055,26614.4582611458,2477.541738854201,True,False,0.004297654770694595,0.005791521979588825,0.0061552670589238995
2017-12-28,29171,1294.84,64.08,82973.34719999999,26676.530679827025,2494.469320172975,0.013700000047683715,26750.523443197937,2420.476556802063,True,False,0.005130662213697516,0.002711842796094621,0.006228090951080144
2017-12-29,29372,1302.55,63.84,83154.792,26734.866494124457,2637.133505875543,0.013550000190734863,26808.690543872213,2563.3094561277867,True,False,0.002184396611219553,0.006866774500975317,0.006211851901262357
2018-01-02,29392,1318.14,63.46,83649.16440000001,26893.810792997574,2498.189207002426,0.01378000020980835,26968.58355423942,2423.4164457605802,True,False,0.005927603375975906,0.000680688883405702,0.006309477042195865
2018-01-03,29481,1312.84,63.505,83371.9042,26804.66963525005,2676.330364749949,0.013700000047683715,26879.017817978936,2601.9821820210636,True,False,-0.003320065630124548,0.0030234595756296304,0.006152463140262224
2018-01-04,29472,1322.97,63.4,83876.298,26966.835886636552,2505.1641133634475,0.013700000047683715,27041.633870323803,2430.3661296761966,True,False,0.006031698070008033,-0.00030532797550313605,0.005811709879714825
2018-01-05,29465,1320.21,63.34,83622.1014,26885.10984294372,2579.890157056281,0.013700000047683715,26959.68114288844,2505.3188571115606,True,False,-0.003035214617691618,-0.00023754178301968665,0.005842453448717591
2018-01-08,29270,1320.58,63.475,83823.8155,26949.962383654572,2320.0376163454275,0.013799999952316283,27024.935686896595,2245.064313103405,True,False,0.0024093056589191988,-0.006640017586082194,0.005617802696624358
2018-01-09,29173,1312.66,63.67,83577.0622,26870.629414696094,2302.3705853039064,0.014149999618530274,26946.157169547503,2226.842830452497,True,False,-0.002948054778467979,-0.0033194767232904796,0.005528224472554696
2018-01-10,29343,1317.19,63.63,83812.7997,26946.42072435578,2396.5792756442206,0.013949999809265137,27021.717316986458,2321.282683013542,True,False,0.0028166300297314743,0.005810392995961484,0.005542902835581003
2018-01-11,29404,1322.42,63.69,84224.9298,27078.923529506323,2325.0764704936773,0.01402999997138977,27154.768927434234,2249.231072565766,True,False,0.004905218936093664,0.0020767025353757504,0.005601587153704767
2018-01-12,29553,1338.4,63.61,85135.62400000001,27371.71829536869,2181.2817046313103,0.014099999666213989,27448.541704573643,2104.458295426357,True,False,0.010754605570666256,0.0050545420298106795,0.005633194770248465
2018-01-16,29830,1338.61,64.02,85697.81219999999,27552.465863970287,2277.5341360297134,0.013949999809265137,27629.45593323967,2200.544066760329,True,False,0.006581735308585833,0.009329336985005326,0.0056094290170369794
2018-01-17,29761,1327.73,63.885,84822.03105,27270.89589596026,2490.1041040397395,0.014149999618530274,27347.548716704456,2413.4512832955443,True,False,-0.010271987516200648,-0.0023157869757679654,0.005957889045910545
2018-01-18,29644,1327.19,63.87,84767.6253,27253.40405420612,2390.5959457938807,0.014049999713897705,27329.78307995542,2314.2169200445787,True,False,-0.0006416163937988614,-0.00393906746177665,0.005849970832441088
2018-01-19,29743,1331.8,63.83,85008.794,27330.941533910973,2412.058466089027,0.01402999997138977,27407.49280944913,2335.5071905508703,True,False,0.0028410171825743492,0.00333406609887535,0.005606220258854853
2018-01-22,29806,1334.11,63.89,85236.2879,27404.082466603435,2401.917533396565,0.013899999856948852,27480.54497312275,2325.455026877251,True,False,0.0026725475164101863,0.00211590533861324,0.005608670848222053
2018-01-23,29876,1341.39,63.76,85527.0264,27497.556995193467,2378.4430048065333,0.014129999876022339,27574.80158528675,2301.19841471325,True,False,0.0034051667610425856,0.0023457669682192994,0.004892823592390296
2018-01-24,30244,1358.15,63.66,86459.829,27797.459771408365,2446.5402285916352,0.014099999666213989,27875.478096886985,2368.5219031130146,True,False,0.010847477204527172,0.012242335201203294,0.005129299550835727
2018-01-25,30367,1348.05,63.515,85621.39575,27527.897423119586,2839.102576880414,0.013930000066757202,27604.77346344108,2762.226536558919,True,False,-0.009744699178551659,0.0040586747899414785,0.005329091073103766
2018-01-29,30074,1340.35,63.6,85246.26,27407.28856881058,2666.7114311894184,0.01375,27483.42118248855,2590.5788175114503,True,False,-0.00439095803225408,-0.009695481385836681,0.005466947014581488
2018-01-30,30052,1338.55,63.69,85252.24949999999,27409.214236339958,2642.785763660042,0.014249999523162842,27486.48175633726,2565.51824366274,True,False,7.025867874175814e-05,-0.0007317965932142287,0.005263959249570622
2018-01-31,30064,1345.1,63.55,85481.105,27482.792933271172,2581.207066728828,0.014299999475479126,27560.38113565164,2503.6188643483583,True,False,0.002680854455594745,0.00039922816419524335,0.005155602494951821
2018-02-01,30512,1349.19,63.98,86321.1762,27752.881894320573,2759.1181056794267,0.014529999494552612,27831.758729567413,2680.241270432587,True,False,0.009779589531815737,0.014791606186953648,0.005287019554716241
2018-02-02,30399,1332.98,64.13,85484.0074,27483.726075843555,2915.273924156445,0.014500000476837159,27561.76998136678,2837.2300186332213,True,False,-0.009745636405829478,-0.0037103357237730484,0.005646591329739702
2018-02-05,30286,1339.6,64.14,85921.94399999999,27624.52585721864,2661.4741427813606,0.014579999446868896,27703.15173828925,2582.848261710751,True,False,0.005109945709073187,-0.0037241535998264325,0.0056231043763645665
2018-02-06,30182,1325.02,64.23,85106.0346,27362.205089459385,2819.794910540615,0.014880000352859498,27440.760959291303,2741.239040708697,True,False,-0.00954131126933035,-0.0034398393381050163,0.0059923698300928955
2018-02-07,29976,1318.49,64.28,84752.5372,27248.553121031397,2727.4468789686034,0.015149999856948853,27327.38913589004,2648.61086410996,True,False,-0.004162261658021251,-0.00684865870497255,0.0060722033601101075
2018-02-08,30103,1318.97,64.3,84809.771,27266.954201295674,2836.0457987043264,0.015149999856948853,27345.843454498045,2757.1565455019554,True,False,0.0006750769411097753,0.004227773071027596,0.005998728037237401
2018-02-09,29999,1316.69,64.375,84761.91875,27251.5693571463,2747.4306428536984,0.015249999761581421,27330.63873288419,2668.3612671158116,True,False,-0.0005643896258953191,-0.0034607867891596933,0.005910126984308199
2018-02-12,30133,1322.88,64.28,85034.72640000001,27339.27898789526,2793.721012104739,0.01534999966621399,27418.82820882927,2714.171791170731,True,False,0.0032133483497396634,0.004456868948680612,0.005892713841701718
2018-02-13,30195,1329.55,64.265,85443.53074999999,27470.71254038934,2724.2874596106594,0.015700000524520873,27551.43676023375,2643.5632397662484,True,False,0.004795979738695552,0.0020554310379298146,0.005884914180134312
2018-02-14,30605,1350.76,64.1,86583.71599999999,27837.290337100323,2767.709662899677,0.015499999523162842,27918.63282373119,2686.36717626881,True,False,0.013256062256504718,0.013487046543168773,0.0062959931240362515
2018-02-15,30549,1353.3,63.9,86475.87,27802.61706881862,2746.382931181379,0.01559999942779541,27884.08742088252,2664.912579117481,True,False,-0.0012463454519121469,-0.0018314424453950652,0.0062520985623533126
2018-02-16,30785,1347.86,64.215,86552.8299,27827.360232771232,2957.6397672287676,0.015700000524520873,27909.132481737004,2875.867518262996,True,False,0.0008895623109863574,0.00769560650553535,0.006196284475292934
2018-02-20,30524,1329.49,64.86,86230.7214,27723.800022505504,2800.199977494496,0.015729999542236327,27805.33651279594,2718.6634872040595,True,False,-0.003728466867647517,-0.008514298935786662,0.006192689622748131
2018-02-21,30459,1324.26,64.805,85818.66930000001,27591.32229491858,2867.67770508142,0.016080000400543214,27673.265235150648,2785.7347648493524,True,False,-0.004789937193611698,-0.002131742440191384,0.00623947257984167
2018-02-22,30564,1331.51,64.975,86514.86224999999,27815.15335894674,2748.84664105326,0.016050000190734864,27897.69226137761,2666.3077386223886,True,False,0.008079643364361446,0.003441328798124857,0.006372359522337756
2018-02-23,30492,1328.94,64.71,85995.7074,27648.241323323742,2843.758676676258,0.016050000190734864,27730.28492968182,2761.7150703181796,True,False,-0.006018836043624095,-0.0023584916592929396,0.006462869990306147
2018-02-26,30518,1333.16,64.77,86348.7732,27761.754529233043,2756.2454707669567,0.016080000400543214,27844.20363289725,2673.79636710275,True,False,0.0040972161415977,0.0008523193435166031,0.006479824261701237
2018-02-27,30306,1318.2,64.92,85577.54400000001,27513.798768627326,2792.2012313726736,0.016349999904632567,27596.12387243434,2709.8761275656616,True,False,-0.008971684913001198,-0.006970960755573301,0.006683080900444784
2018-02-28,30423,1318.05,65.21,85950.04049999999,27633.559084990433,2789.440915009567,0.01618000030517578,27715.855263854,2707.1447361460014,True,False,0.004343290750062737,0.003853188583998352,0.006443081454400035
2018-03-01,30181,1316.55,65.23,85878.5565,27610.576462455996,2570.423537544004,0.01590000033378601,27692.16688975725,2488.833110242751,True,False,-0.0008320385008317089,-0.007986313981026134,0.006335810010320431
2018-03-02,30473,1322.2,65.22,86233.884,27724.81682125806,2748.1831787419396,0.016050000190734864,27807.08765834433,2665.9123416556686,True,False,0.004129021746409949,0.009628458333232823,0.006064968815780218
2018-03-05,30429,1320.01,65.025,85833.65025,27596.13877859405,2832.8612214059503,0.01625,27678.48276003981,2750.5172399601906,True,False,-0.004652062616639213,-0.001444944588207441,0.00613592879912359
2018-03-06,30568,1334.46,64.905,86613.1263,27846.745961065477,2721.254038934523,0.0164300000667572,27930.25093980642,2637.7490601935788,True,False,0.009040254323353937,0.0045576090826306,0.006321959203612059
2018-03-07,30461,1325.54,64.88,86001.0352,27649.954249521757,2811.0457504782426,0.01649999976158142,27733.028661039156,2727.971338960844,True,False,-0.0070920445948650206,-0.0035065332755677124,0.0064626119514140734
2018-03-08,30436,1322.35,65.105,86091.59675,27679.07044223319,2756.929557766809,0.016349999904632567,27761.89006182119,2674.1099381788117,True,False,0.001052474557840766,-0.00082105855475482,0.006437830653479627
2018-03-09,30408,1323.7,65.125,86205.96250000001,27715.839857250794,2692.160142749206,0.016349999904632567,27798.769496030753,2609.2305039692474,True,False,0.0013275378629148933,-0.0009203866273286727,0.006122805169942949
2018-03-12,30340,1323.05,64.985,85978.40424999999,27642.678235568343,2697.3217644316574,0.0164300000667572,27725.571269520366,2614.4287304796344,True,False,-0.002643194463946486,-0.0022387577665613843,0.0058690067847865035
2018-03-13,30387,1326.39,64.855,86023.02345000001,27657.023630781103,2729.976369218897,0.01690000057220459,27741.031303048105,2645.9686969518953,True,False,0.0005188236120773487,0.0015479114523836354,0.0058064623790913955
2018-03-14,30413,1325.0,64.84,85913.0,27621.650296590415,2791.3497034095853,0.01718000054359436,27706.188137503523,2706.8118624964773,True,False,-0.0012798186535890623,0.0008552632100284781,0.0058135507889866735
2018-03-15,30314,1316.26,64.99,85543.7374,27502.92970244506,2811.0702975549393,0.01733000040054321,27587.444308083817,2726.5556919161827,True,False,-0.004307362621284117,-0.003260496573332981,0.005852966445568658
2018-03-16,30251,1314.0,64.99,85396.85999999999,27455.70755702734,2795.292442972659,0.017380000352859498,27540.190230794396,2710.8097692056035,True,False,-0.001718461715700526,-0.0020804102277737005,0.005561340105711081
2018-03-19,30432,1316.94,65.22,85890.8268,27614.521452569643,2817.478547430357,0.017280000448226928,27699.265139236377,2732.734860763623,True,False,0.005767702029279258,0.0059654445812883225,0.005376601563030741
2018-03-20,30284,1311.21,65.21,85504.00409999999,27490.155159387206,2793.8448406127936,0.017580000162124635,27575.197117014126,2708.802882985874,True,False,-0.0045138275728577116,-0.004875166121919575,0.005358040734193271
2018-03-21,30464,1332.17,65.18,86830.84060000001,27916.742681691772,2547.2573183082277,0.017100000381469728,28001.99954815258,2462.0004518474198,True,False,0.015398658586430166,0.005926138367894517,0.005771527356297468
2018-03-22,30506,1328.95,65.105,86521.28975000001,27817.219846641055,2688.7801533589445,0.016829999685287474,27901.55357982112,2604.4464201788796,True,False,-0.003571357079848479,0.0013777269687867074,0.005755457536670603
2018-03-23,30901,1347.22,64.99,87555.8278,28149.83130515858,2751.168694841421,0.01687999963760376,28235.289454786205,2665.710545213795,True,False,0.011886113976009144,0.012865160261852143,0.0061077406610195294
2018-03-26,30889,1353.46,64.825,87738.0445,28208.415290883666,2680.584709116334,0.01705000042915344,28294.446637772417,2594.5533622275834,True,False,0.0020789861418469436,-0.00038841236934336317,0.006102530717524507
2018-03-27,30717,1344.71,64.945,87332.19094999999,28077.930441911678,2639.069558088322,0.01733000040054321,28164.2119851554,2552.7880148445984,True,False,-0.0046364737672924695,-0.005583886209460853,0.006178835594346677
2018-03-28,30518,1324.99,65.16,86336.3484,27757.759866252996,2760.2401337470037,0.016950000524520874,27842.187942485485,2675.812057514515,True,False,-0.011468438308504142,-0.006499573791245542,0.0065278577410282194
2018-03-29,30426,1325.0,65.115,86277.375,27738.79949201858,2687.200507981419,0.016699999570846558,27822.59819304869,2603.4018069513113,True,False,-0.0006832991158866587,-0.003019167428606896,0.00605634947554271
2018-04-02,30961,1341.35,65.13,87362.1255,28087.55461603999,2873.44538396001,0.016829999685287474,28172.707925742707,2788.2920742572933,True,False,0.012494445199907226,0.0174308419005659,0.006473321015326481
2018-04-03,30625,1332.83,65.0,86633.95,27853.440931084926,2771.559068915074,0.017130000591278075,27938.57336599216,2686.4266340078393,True,False,-0.008370070981403304,-0.010911679076611915,0.006664149450241176
2018-04-04,30886,1333.35,65.045,86727.75074999999,27883.59855000241,3002.401449997589,0.016679999828338624,27967.788713985716,2918.2112860142843,True,False,0.0010821393508229139,0.008486337935918204,0.006628344244728434
2018-04-05,30505,1326.55,64.89,86079.82949999999,27675.28718632951,2829.7128136704887,0.01674999952316284,27759.008094942335,2745.9919050576646,True,False,-0.007498794731279717,-0.012412402196993423,0.006716411265331537
2018-04-06,30605,1333.2,64.93,86564.676,27831.16883951967,2773.831160480331,0.016799999475479124,27915.476028748843,2689.5239712511575,True,False,0.00561671827594366,0.003272789699217495,0.006630022699755347
2018-04-09,30675,1336.24,64.955,86795.46919999999,27905.370521002456,2769.6294789975436,0.01674999952316284,27989.7874580144,2685.2125419855984,True,False,0.0026625881754081117,0.002284596293942018,0.006546324146104562
2018-04-10,30798,1340.05,64.95,87036.2475,27982.782484286334,2815.217515713666,0.016950000524520874,28067.894989912293,2730.1050100877073,True,False,0.0027702476688842926,0.00400176220924604,0.006524288182217541
2018-04-11,31244,1353.29,65.26,88315.7054,28394.13744433906,2849.8625556609404,0.016929999589920045,28480.454308894114,2763.5456911058864,True,False,0.014593286077495403,0.01437760494182975,0.006787229971613521
2018-04-12,30897,1335.48,65.29,87193.48920000001,28033.33682704519,2863.66317295481,0.01705000042915344,28118.8342114302,2778.1657885698005,True,False,-0.012788292903891682,-0.01116826593627644,0.0072082139859084475
2018-04-13,31005,1345.46,65.255,87797.9923,28227.688941758963,2777.3110582410372,0.01718000054359436,28314.081603004033,2690.9183969959668,True,False,0.006908970647286991,0.0034893899900669155,0.0072976702755174405
2018-04-16,31167,1345.91,65.47,88116.7277,28330.16467600109,2836.8353239989083,0.017130000591278075,28416.75418952505,2750.2458104749494,True,False,0.0036237530184138364,0.005211360954662981,0.007290150623597312
2018-04-17,31257,1347.29,65.68,88490.00720000001,28450.176732522064,2806.8232674779356,0.017549999952316285,28538.118188946133,2718.881811053867,True,False,0.004227245988941618,0.0028835083416520364,0.007244633465959169
2018-04-18,31410,1349.32,65.72,88677.31039999999,28510.39606475155,2899.6039352484513,0.017699999809265135,28598.87624965603,2811.1237503439697,True,False,0.002114422369993744,0.004882962452398747,0.007088784216820105
2018-04-19,31479,1345.6,65.87,88634.672,28496.687511051812,2982.312488948188,0.017829999923706055,28585.430584344456,2893.5694156555437,True,False,-0.0004809421252272077,0.0021943432933284736,0.006936588889787292
2018-04-20,31314,1335.12,66.21,88398.29519999998,28420.690661822617,2893.3093381773833,0.01764999985694885,28508.775292285263,2805.2247077147367,True,False,-0.0026704284993833614,-0.005255374954552481,0.006968944999846198
2018-04-23,31164,1325.0,66.53,88152.25,28341.585352130787,2822.414647869213,0.017829999923706055,28429.8454134154,2734.1545865845983,True,False,-0.002787251197783215,-0.004801699420719489,0.007000283022241419
2018-04-24,31262,1330.68,66.41,88370.4588,28411.74105808028,2850.258941919721,0.01822999954223633,28501.156603067055,2760.8433969329453,True,False,0.0024723041316283387,0.0031397200046678463,0.006977190682203966
2018-04-25,31301,1323.33,66.92,88557.2436,28471.793720963877,2829.2062790361233,0.01815000057220459,28561.21046176434,2739.7895382356583,True,False,0.0021114259311424254,0.0012467434442625896,0.0069801327208314085
2018-04-26,31158,1317.28,66.805,88000.8904,28292.922147025256,2865.077852974744,0.01784999966621399,28381.07731678195,2776.92268321805,True,False,-0.0063022306459162266,-0.004579011827305103,0.007095180806178704
2018-04-27,31129,1322.8,66.62,88124.936,28332.803703763242,2796.196296236758,0.017699999809265135,28420.73274217007,2708.2672578299316,True,False,0.0014086022821980634,-0.0009311735063641429,0.007029734410549226
2018-04-30,30947,1315.36,66.46,87418.82559999998,28105.78410789782,2841.21589210218,0.01763000011444092,28192.846400377795,2754.1535996222046,True,False,-0.008044879542900042,-0.005863796684453255,0.007206483372883429
2018-05-01,30874,1303.97,66.8,87105.196,28004.94992524957,2869.05007475043,0.01809999942779541,28092.785072840812,2781.214927159188,True,False,-0.0035941177006874785,-0.002361658139769941,0.007185722865659407
2018-05-02,30926,1304.85,66.69,87020.44649999999,27977.70234861028,2948.2976513897192,0.01784999966621399,28064.875355595115,2861.1246444048847,True,False,-0.0009734293637095529,0.0016828482935891413,0.007129939777696738
2018-05-03,31003,1312.09,66.67,87477.0403,28124.500554599963,2878.499445400037,0.01787999987602234,28212.200520596103,2790.799479403897,True,False,0.0052332540763991705,0.0024867199431357796,0.006625402343943482
2018-05-04,31068,1315.05,66.82,87871.64099999999,28251.367530985255,2816.632469014745,0.017929999828338622,28339.579566953482,2728.420433046518,True,False,0.004500762289041162,0.002094376561026555,0.0066288891839981125
2018-05-07,31247,1314.3,67.14,88242.102,28370.473419390102,2876.526580609898,0.017929999828338622,28459.057351440897,2787.942648559103,True,False,0.004207071408536704,0.005745021016714686,0.006315567237541954
2018-05-08,31200,1314.47,67.13,88240.37109999999,28369.91692253283,2830.0830774671704,0.018350000381469726,28459.48153821231,2740.518461787691,True,False,-1.9615545608256943e-05,-0.001505276758678878,0.006306343347467051
2018-05-09,31303,1312.78,67.35,88415.733,28426.297040525984,2876.702959474016,0.018450000286102296,28516.274028951644,2786.725971048356,True,False,0.00198534840892227,0.0032958447830420934,0.006247183846599739
2018-05-10,31352,1321.39,67.245,88856.87055,28568.12595045574,2783.8740495442617,0.018450000286102296,28658.55186609021,2693.448133909791,True,False,0.004976950208303011,0.001564121298851563,0.005879546144725007
2018-05-11,31500,1318.22,67.36,88795.2992,28548.33031652386,2951.6696834761387,0.018600000143051146,28639.04665519777,2860.9533448022303,True,False,-0.000693167469352972,0.004709484934257053,0.0058796414825988165
2018-05-14,31496,1312.82,67.56,88694.1192,28515.800215409843,2980.199784590157,0.018550000190734862,28606.295624859347,2889.7043751406527,True,False,-0.0011401244296394832,-0.00012699219015094288,0.00546990227588898
2018-05-15,31186,1290.64,68.08,87866.7712,28249.801855096695,2936.1981449033046,0.01875,28339.918971331244,2846.0810286687556,True,False,-0.009371883589468492,-0.009891277478742667,0.005528691206857269
2018-05-16,31007,1291.03,67.775,87499.55825,28131.740238236856,2875.2597617631436,0.018650000095367433,28221.248780674392,2785.751219325608,True,False,-0.0041879588614740955,-0.005756290716374118,0.005591967614348481
2018-05-17,30986,1291.0,67.765,87484.615,28126.9358753838,2859.0641246162013,0.018630000352859496,28216.382748939395,2769.6172510606048,True,False,-0.00017079544691145688,-0.0006774958722195044,0.005396396917646201
2018-05-18,31093,1292.5,67.99,87877.075,28253.11460125066,2839.8853987493385,0.018550000190734862,28342.77637313677,2750.2236268632296,True,False,0.004476013606330585,0.0034472238908447093,0.005363306773842392
2018-05-21,31114,1292.68,68.115,88050.8982,28309.00001607536,2804.999983924641,0.018630000352859496,28399.025874424875,2714.974125575125,True,False,0.0019760729735162456,0.0006751651999849818,0.005355226830078227
2018-05-22,31111,1291.32,68.02,87835.58639999999,28239.775716559223,2871.224283440777,0.018930000066757203,28330.27997928801,2780.7200207119895,True,False,-0.0024483053151182154,-9.642426684850314e-05,0.005362974715460343
2018-05-23,31186,1293.75,68.37,88453.6875,28438.499686530453,2747.500313469547,0.018730000257492066,28529.17185380237,2656.8281461976294,True,False,0.007012379360031308,0.002407821764612433,0.004817344994271685
2018-05-24,31461,1304.88,68.34,89175.4992,28670.567363801503,2790.4326361984968,0.018600000143051146,28761.672127901922,2699.327872098078,True,False,0.008127219253539085,0.008779407357684045,0.004389446791815386
2018-05-25,31194,1301.61,67.73,88158.0453,28343.448582956902,2850.551417043098,0.01853000044822693,28433.35029218265,2760.649707817349,True,False,-0.011475156238918748,-0.008522914890744034,0.004766901356913841
2018-05-29,31184,1298.86,67.84,88114.6624,28329.500667127497,2854.499332872503,0.018400000333786012,28419.054477849608,2764.945522150392,True,False,-0.0004922248196214259,-0.00032062586442869,0.004722090729285716
2018-05-30,31030,1301.48,67.44,87771.8112,28219.271528927613,2810.728471072387,0.01878000020980835,28309.361057459417,2720.6389425405832,True,False,-0.0038985560085964353,-0.004950664304916131,0.004704222471334839
2018-05-31,30882,1298.32,67.43,87545.7176,28146.580802803543,2735.4191971964574,0.018700000047683716,28236.252603451925,2645.747396548075,True,False,-0.002579248371667058,-0.004780988561616316,0.0047001796052397815
2018-06-01,30568,1293.14,66.995,86633.91430000002,27853.429453276967,2714.5705467230327,0.018680000305175783,27942.121375413877,2625.878624586123,True,False,-0.010469784774345387,-0.0102197797540737,0.005045194921212159
2018-06-04,30708,1291.98,67.07,86653.0986,27859.597344350314,2848.4026556496865,0.018650000095367433,27948.239992479135,2759.7600075208647,True,False,0.00022141647844583988,0.004569496821053171,0.005035072050849815
2018-06-05,30699,1296.13,67.1,86970.323,27961.587281174143,2737.412718825857,0.01902999997138977,28051.430550058933,2647.5694499410674,True,False,0.0036541700430383823,-0.0002931261929240093,0.005078590793177378
2018-06-06,30755,1297.0,66.84,86691.48000000001,27871.93724178951,2883.06275821049,0.01899999976158142,27961.42350993352,2793.57649006648,True,False,-0.003211336457619106,0.001822501887603542,0.005071826669425854
2018-06-07,31055,1297.12,67.42,87451.83039999999,28116.395389586378,2938.604610413622,0.01884999990463257,28206.318769606485,2848.681230393515,True,False,0.00873252300167461,0.00970724335093467,0.0053329942540256
2018-06-08,31076,1298.75,67.53,87704.58750000001,28197.65862362757,2878.341376372431,0.018799999952316283,28287.72565307299,2788.27434692701,True,False,0.002886074954876136,0.0006759910769080226,0.0052465931872780185
2018-06-11,31035,1300.14,67.47,87720.4458,28202.757181667657,2832.2428183323427,0.018680000305175783,28292.561446101183,2742.438553898817,True,False,0.00018079859806637553,-0.0013202172225583535,0.005239102549270256
2018-06-12,30952,1295.97,67.48,87452.0556,28116.46779301365,2835.5322069863505,0.01888000011444092,28206.460955176677,2745.539044823323,True,False,-0.003064298424337134,-0.0026779824674042327,0.005056127007324898
2018-06-13,30952,1299.71,67.645,87918.88295,28266.556159274678,2685.443840725322,0.018949999809265136,28357.192863247074,2594.8071367529265,True,False,0.005323897522599924,0.0,0.005098740225873626
2018-06-14,31145,1302.22,67.69,88147.2718,28339.984824858937,2805.015175141063,0.018830000162124633,28430.5765661014,2714.423433898599,True,False,0.0025943541326858195,0.006216101307896936,0.005109371527671891
2018-06-15,30804,1279.84,68.06,87105.9104,28005.17961001173,2798.8203899882683,0.01888000011444092,28094.816568985458,2709.1834310145423,True,False,-0.011884219655931482,-0.011009167029105137,0.005495538944629495
2018-06-18,30773,1278.31,68.04,86976.2124,27963.480765830212,2809.5192341697875,0.018830000162124633,28052.86897226124,2720.13102773876,True,False,-0.0014900786124574061,-0.0010068695330706866,0.00542947441794868
2018-06-19,30702,1274.76,68.31,87078.8556,27996.481296317135,2705.5187036828647,0.018980000019073486,28086.321259663047,2615.6787403369526,True,False,0.0011794337628664138,-0.002309883092923205,0.005369823980034362
2018-06-20,30605,1268.1,68.06,86306.886,27748.287491761377,2856.712508238623,0.01888000011444092,27837.102208971795,2767.8977910282047,True,False,-0.008904708010066794,-0.0031644047479766277,0.005586365225993416
2018-06-21,30451,1267.2,67.945,86099.904,27681.741283135336,2769.258716864664,0.018899999856948853,27770.38865336965,2680.6113466303505,True,False,-0.002401089880991501,-0.005044559963875906,0.005569994284398072
2018-06-22,30498,1269.28,67.87,86146.03360000001,27696.57228286206,2801.42771713794,0.018700000047683716,27784.81040762018,2713.1895923798184,True,False,0.0005356248367378875,0.0015422733536633222,0.005466893883784474
2018-06-25,30540,1266.0,68.115,86233.59,27724.72229813365,2815.277701866351,0.01853000044822693,27812.661488564776,2727.338511435224,True,False,0.0010158556527857928,0.0013761920976658668,0.0054794446474267545
2018-06-26,30480,1258.99,68.37,86077.14630000001,27674.424518141048,2805.575481858952,0.018930000066757203,27763.116914730766,2716.8830852692336,True,False,-0.0018158327953954037,-0.001966568972040827,0.005481531788836918
2018-06-27,30606,1252.02,68.64,85938.6528,27629.897857154338,2976.1021428456625,0.018799999952316283,27718.15138405494,2887.8486159450586,True,False,-0.0016102419736950318,0.004125337350399059,0.005251004280734774
2018-06-28,30431,1248.28,68.84,85931.5952,27627.628787757003,2803.371212242997,0.018799999952316283,27715.875066951583,2715.124933048417,True,False,-8.212707069535378e-05,-0.005734242492984658,0.005211385071236083
2018-06-29,30363,1253.0,68.46,85780.37999999999,27579.012008294885,2783.987991705115,0.018799999952316283,27667.102999103085,2695.8970008969154,True,False,-0.0017612660842522287,-0.0022370638009860957,0.005214928129141856
2018-07-02,30153,1241.97,68.72,85348.1784,27440.05607086019,2712.9439291398085,0.018949999809265136,27528.0426025433,2624.9573974566993,True,False,-0.005051202709782359,-0.0069403411641613235,0.005181625723577036
2018-07-03,30469,1252.93,68.55,85888.3515,27613.725625733437,2855.2743742665625,0.019329999685287477,27703.13426357569,2765.8657364243118,True,False,0.006309108133720069,0.01042535258195143,0.0053250778980593995
2018-07-05,30541,1257.76,68.88,86634.5088,27853.620589322745,2687.379410677255,0.01909999966621399,27943.27771922357,2597.72228077643,True,False,0.008650006742876387,0.00236026990412196,0.005587728242191436
2018-07-06,30582,1254.99,68.805,86349.58695000001,27762.016155738103,2819.9838442618966,0.019049999713897706,27851.26396567754,2730.736034322461,True,False,-0.003294200041028092,0.0013415573891737943,0.005427057123523514
2018-07-09,30638,1257.76,68.66,86357.80159999999,27764.657225071132,2873.3427749288676,0.019149999618530273,27854.142462373755,2783.857537626245,True,False,9.512795109873949e-05,0.0018294680045446389,0.00516303452955487
2018-07-10,30551,1255.65,68.755,86332.21575,27756.43118941598,2794.56881058402,0.01934999942779541,27846.347658262475,2704.6523417375247,True,False,-0.00029632112590921887,-0.0028436502843977155,0.004775013809570105
2018-07-11,30344,1242.16,68.73,85373.65680000001,27448.247560563927,2895.7524394360735,0.019199999570846556,27536.82617709894,2807.173822901059,True,False,-0.01116524314265476,-0.006798613919508819,0.005142634396042785
2018-07-12,30175,1247.14,68.52,85454.0328,27474.089025350844,2700.910974649156,0.01927999973297119,27562.93227072212,2612.0677292778782,True,False,0.0009410184744566298,-0.005585037403002568,0.00512618645070209
2018-07-13,30131,1241.52,68.5,85044.12,27342.29909817223,2788.7009018277713,0.01927999973297119,27430.716173095163,2700.283826904837,True,False,-0.004808422649336082,-0.001459224880030804,0.005167476176987339
2018-07-16,30103,1240.82,68.55,85058.211,27346.829456492032,2756.1705435079675,0.01937999963760376,27435.486677290468,2667.513322709532,True,False,0.00016567674233970958,-0.0009297075411504896,0.004847955832396231
2018-07-17,29757,1227.51,68.43,83998.5093,27006.12770267012,2750.872297329879,0.01975000023841858,27094.50434200394,2662.49565799606,True,False,-0.012536805134478874,-0.011560436130447464,0.005309919399278778
2018-07-18,29799,1227.18,68.625,84215.22750000001,27075.804169948722,2723.195830051278,0.019600000381469727,27164.0739218781,2634.926078121902,True,False,0.0025767018084151853,0.0014104374693621117,0.005280657207647911
2018-07-19,29913,1222.8,69.02,84397.65599999999,27134.456250904233,2778.5437490957665,0.019479999542236327,27222.64871375634,2690.3512862436583,True,False,0.0021638746387118474,0.0038183326134368966,0.005296768959479825
2018-07-20,29957,1231.76,68.74,84671.18239999999,27222.396964971784,2734.6030350282163,0.019329999685287477,27310.538545880772,2646.4614541192277,True,False,0.0032356836568145273,0.0014698516092100235,0.00504119485412144
2018-07-23,29914,1224.54,68.845,84303.45629999999,27104.170366678987,2809.829633321013,0.019199999570846556,27191.63860697784,2722.361393022162,True,False,-0.004352448193881375,-0.0014364218868406942,0.005018140944594064
2018-07-24,29912,1224.55,68.947,84429.04885,27144.549279020048,2767.450720979952,0.019600000381469727,27233.043146683383,2678.9568533166166,True,False,0.0014886589051971097,-6.686056232223823e-05,0.005037258857062568
2018-07-25,29959,1231.61,68.73,84648.55529999999,27215.12218882119,2743.8778111788088,0.019529999494552613,27303.689038866392,2655.3109611336076,True,False,0.0025965186155536618,0.0015700425800376067,0.005073806206720544
2018-07-26,29836,1222.67,68.66,83948.5222,26990.056488819588,2845.9435111804123,0.019450000524520873,27077.712858422765,2758.287141577235,True,False,-0.00830426165479266,-0.004114062161933404,0.005090169619369956
2018-07-27,29805,1223.38,68.605,83929.98490000001,26984.09661292138,2820.903387078619,0.019450000524520873,27071.73362646709,2733.2663735329115,True,False,-0.00022084185040180732,-0.0010395534210269292,0.0050369875397988945
2018-07-30,29755,1221.8,68.605,83821.589,26949.246547816165,2805.753452183835,0.019450000524520873,27036.77037782004,2718.229622179959,True,False,-0.00129233857622073,-0.0016789795750744327,0.0046501036085007256
2018-07-31,29638,1223.83,68.46,83783.40179999999,26936.96908708023,2701.0309129197703,0.019850000143051147,27025.34153215416,2612.6584678458385,True,False,-0.0004556809493383433,-0.0039398633288286345,0.004652335344998701
2018-08-01,29462,1216.05,68.35,83117.01749999999,26722.72171942064,2739.2782805793613,0.01978000044822693,26810.237030076038,2651.7629699239624,True,False,-0.007985454367682578,-0.005956024375240111,0.00478650443192587
2018-08-02,29520,1207.96,68.625,82896.255,26651.744980468437,2868.2550195315634,0.01965000033378601,26738.74214315509,2781.25785684491,True,False,-0.0026595780783443563,0.0019667023395252285,0.004587367972367178
2018-08-03,29800,1213.43,68.545,83174.55935000001,26741.221839985858,3058.7781600141425,0.019600000381469727,26828.400821015857,2971.599178984143,True,False,0.003351637813258728,0.009440393779087126,0.004661295724296279
2018-08-06,29563,1206.94,68.83,83073.6802,26708.788464320736,2854.2115356792638,0.01968000054359436,26796.037902298995,2766.9620977010054,True,False,-0.0012135967593334207,-0.00798481408299668,0.0046503822287008185
2018-08-07,29534,1211.02,68.63,83112.3026,26721.205845001365,2812.7941549986353,0.020079998970031737,26809.377232989176,2724.6227670108237,True,False,0.0004648093665256685,-0.0009814373767798865,0.004642366500588826
2018-08-08,29544,1213.61,68.66,83326.46259999998,26790.059832494728,2753.9401675052723,0.020079998970031737,26878.458416503592,2665.541583496408,True,False,0.002573440363293786,0.00033853549867998803,0.004692130456288681
2018-08-09,29605,1212.35,68.76,83361.186,26801.22365650168,2803.776343498321,0.02005000114440918,26889.592779158807,2715.4072208411926,True,False,0.0004166283560172834,0.002062588433477456,0.004698858505484095
2018-08-10,29706,1211.3,68.89,83446.457,26828.638899159258,2877.3611008407424,0.02,26916.987794968212,2789.0122050317877,True,False,0.00102238729465931,0.0034057796236014663,0.0047107322896546054
2018-08-13,29665,1193.64,70.02,83578.6728,26871.14723423409,2793.8527657659106,0.019950000047683717,26959.525320765257,2705.4746792347432,True,False,0.0015831848509816184,-0.001381145896734395,0.0047310919586188134
2018-08-14,29664,1194.03,69.96,83534.3388,26856.893532882154,2807.1064671178465,0.020329999923706054,26946.066329332203,2717.933670667797,True,False,-0.0005305870633963683,-3.371032716190297e-05,0.004664745598117678
2018-08-16,29275,1174.16,70.09,82296.87440000002,26459.039786519206,2815.9602134807938,0.020150001049041747,26546.498848182517,2728.5011518174833,True,False,-0.014924661600269309,-0.013200279899663634,0.00514794452309633
2018-08-17,29275,1184.77,70.1,83052.377,26701.939331586473,2573.0606684135273,0.019950000047683717,26789.760900357844,2485.2390996421564,True,False,0.00913832812914436,0.0,0.005181557836065346
2018-08-20,29435,1190.53,69.82,83122.80459999999,26724.5823138875,2710.4176861125015,0.01993000030517578,26812.434279783447,2622.565720216553,True,False,0.0008476308379942453,0.005450532996443684,0.005184733379916361
2018-08-21,29542,1196.12,69.86,83560.9432,26865.447039722214,2676.552960277786,0.020350000858306884,26954.692547451945,2587.307452548055,True,False,0.00525713652194393,0.003628537138183324,0.00531558829010172
2018-08-22,29627,1195.51,69.87,83530.2837,26855.58978893051,2771.410211069491,0.020350000858306884,26944.802551426168,2682.197448573832,True,False,-0.0003669791755423803,0.002873128106675998,0.005315236730931908
2018-08-23,29576,1185.31,70.105,83096.15755,26716.015094764254,2859.984905235746,0.020329999923706054,26804.720133308085,2771.2798666919152,True,False,-0.005210783223059485,-0.0017228860907531989,0.005029929465361175
2018-08-24,29882,1205.97,69.97,84381.7209,27129.3330011092,2752.6669988907997,0.020480000972747804,27219.74596302032,2662.2540369796807,True,False,0.015352339207984785,0.010293070794562275,0.00583559061931862
2018-08-27,29973,1211.35,70.165,84994.37275,27326.304997829822,2646.6950021701778,0.02059999942779541,27417.64481709078,2555.355182909221,True,False,0.007234250226123328,0.0030406839900980545,0.00593669719339111
2018-08-28,29981,1201.26,70.1,84208.32599999999,27073.58528782934,2907.414712170659,0.020780000686645508,27164.482261576843,2816.5177384231574,True,False,-0.009291251387558132,0.00026687126955610797,0.006172901622933286
2018-08-29,30144,1206.66,70.535,85111.7631,27364.046843602806,2779.953156397194,0.020799999237060548,27455.964144032463,2688.035855967537,True,False,0.01067145284882469,0.005422050705405292,0.00604388627506542
2018-08-30,30131,1199.88,70.745,84885.51060000001,27291.305029980555,2839.6949700194455,0.02058000087738037,27382.482850667177,2748.5171493328235,True,False,-0.002661838377357813,-0.0004313562903881679,0.006055654630603354
2018-08-31,30116,1201.09,71.005,85283.39544999998,27419.22788432169,2696.772115678308,0.02055000066757202,27510.765248555555,2605.2347514444446,True,False,0.00467636049764733,-0.0004979501156884797,0.00610004334652647
2018-09-04,30221,1191.35,71.585,85282.78974999998,27419.03314739498,2801.966852605019,0.02068000078201294,27510.863811895757,2710.136188104243,True,False,-7.102228373018073e-06,0.0034804549776650488,0.006075792062315211
2018-09-05,30310,1196.75,71.755,85872.79625,27608.72450045815,2701.275499541851,0.020899999141693115,27701.69137023693,2608.308629763069,True,False,0.006894415202565052,0.0029406441041708825,0.006129404732686985
2018-09-06,30565,1200.14,71.95,86350.073,27762.172424325236,2802.8275756747644,0.020799999237060548,27855.42704992544,2709.5729500745583,True,False,0.005542562075595284,0.008377872410976924,0.006193683695255887
2018-09-07,30509,1195.86,71.79,85850.7894,27601.6491391644,2907.3508608355987,0.020880000591278078,27694.54666205612,2814.45333794388,True,False,-0.0057988675800160075,-0.0018338414282306928,0.006296187636982728
2018-09-10,30725,1195.88,72.455,86647.4854,27857.792659990035,2867.2073400099653,0.020829999446868898,27951.437400837905,2773.5625991620946,True,False,0.00923721313537373,0.007054933399640502,0.0062676887881396165
2018-09-11,30732,1198.29,72.64,87043.7856,27985.206037905704,2746.793962094296,0.02108000040054321,28079.856061965787,2652.1439380342126,True,False,0.004563279264584069,0.00022780155329001441,0.00629491565040817
2018-09-12,30664,1206.19,72.16,87038.6704,27983.561464143906,2680.438535856094,0.021050000190734865,28078.136691685846,2585.863308314154,True,False,-5.8767553250516216e-05,-0.0022151289271345027,0.006281993214533317
2018-09-13,30470,1201.44,72.037,86548.13328000001,27825.850235504047,2644.1497644959527,0.020929999351501465,27919.617076151004,2550.382923848996,True,False,-0.005651793976958297,-0.006346735080636277,0.006401296301778418
2018-09-14,30453,1193.71,71.88,85803.87479999999,27586.56575626537,2866.4342437346313,0.021029999256134035,27679.753765848796,2773.2462341512037,True,False,-0.008636546965347474,-0.0005580815272139734,0.006434119137424712
2018-09-17,30778,1200.93,72.54,87115.46220000001,28008.25058273185,2769.749417268151,0.02108000040054321,28102.978546783488,2675.021453216512,True,False,0.015170224177924928,0.01061563757125622,0.006886237510646751
2018-09-18,30811,1198.35,72.71,87132.02849999999,28013.576767887855,2797.4232321121453,0.02125,28108.71549411576,2702.2845058842395,True,False,0.00019014678470660032,0.001071620034682104,0.006883565219450256
2018-09-19,30649,1203.99,72.36,87120.7164,28009.93984599804,2639.0601540019597,0.02119999885559082,28104.950717961077,2544.0492820389227,True,False,-0.00012983554459780519,-0.005271733653781255,0.006871397715109862
2018-09-20,30623,1207.58,72.015,86963.8737,27959.513784622308,2663.486215377692,0.02118000030517578,28054.307495938756,2568.692504061244,True,False,-0.0018019141424012088,-0.0008486748126563452,0.006896562656042527
2018-09-21,30609,1199.55,72.24,86655.49199999998,27860.366839744718,2748.633160255282,0.02122999906539917,27954.93928428184,2654.0607157181585,True,False,-0.003552392016388617,-0.000457277248626596,0.006954434916382421
2018-09-24,30862,1198.86,72.67,87121.1562,28010.081244875975,2851.9187551240248,0.02122999906539917,28105.16189726826,2756.838102731741,True,False,0.005359354313902184,0.008231570287735157,0.006991095415594979
2018-09-25,30838,1201.31,72.685,87317.21734999999,28073.11632131432,2764.883678685681,0.021679999828338622,28169.452813614953,2668.547186385047,True,False,0.002247914017655105,-0.0007779578998520816,0.006991966777263889
2018-09-26,30608,1194.46,72.6,86717.796,27880.398025945633,2727.601974054367,0.021600000858306885,27975.88923145687,2632.1107685431307,True,False,-0.006888541664943732,-0.007486283051263876,0.007158072794346179
2018-09-27,30356,1182.8,72.57,85835.79599999999,27596.828652723965,2759.171347276035,0.021400001049041748,27690.89342848933,2665.1065715106706,True,False,-0.010222999952984417,-0.008267221156230657,0.007452894337883009
2018-09-28,30479,1192.09,72.51,86438.4459,27790.584950246757,2688.415049753243,0.021500000953674315,27885.539346323327,2593.4606536766732,True,False,0.006996430245898605,0.004043730339621644,0.006901502857653565
2018-10-01,30614,1188.47,72.925,86669.17475,27864.765942739563,2749.234057260437,0.021549999713897705,27960.08870055339,2653.9112994466086,True,False,0.0026657288196287538,0.004419498788227368,0.006758593048709334
2018-10-03,31025,1197.37,73.345,87821.10264999999,28235.11908627646,2789.8809137235403,0.021700000762939452,28332.05808718732,2692.941912812679,True,False,0.013203539498936125,0.01333591042115558,0.007090771008450284
2018-10-04,31136,1199.66,73.63,88330.9658,28399.043773208803,2736.956226791197,0.021700000762939452,28496.545573069696,2639.454426930304,True,False,0.005788913844080379,0.0035713749129237184,0.007100284953349845
2018-10-05,31233,1202.86,73.77,88734.98219999998,28528.93796518076,2704.0620348192388,0.021649999618530272,28626.768080670012,2606.231919329988,True,False,0.004563464694449319,0.0031105221571309195,0.007104248756413525
2018-10-08,31096,1188.01,74.065,87989.96065,28289.408153423246,2806.5918465767536,0.021649999618530272,28386.416884352864,2709.583115647136,True,False,-0.008431474941764792,-0.004396034610803514,0.007240237688260049
2018-10-09,31161,1189.62,74.34,88436.3508,28432.92581220763,2728.0741877923683,0.02184999942779541,28530.8956839824,2630.1043160176014,True,False,0.005060368818036246,0.0020881193638619187,0.006812401886228866
2018-10-10,31247,1194.78,74.25,88712.415,28521.682447313,2725.317552687,0.022200000286102296,28620.781470991384,2626.2185290086163,True,False,0.0031167524338152845,0.002756058660331571,0.006735273372685015
2018-10-11,31793,1224.33,74.05,90661.6365,29148.37124439372,2644.6287556062816,0.022149999141693116,29249.527501385866,2543.4724986141337,True,False,0.02173445061010549,0.017322768194615284,0.007383505762212573
2018-10-12,31670,1217.93,73.61,89651.8273,28823.710289838764,2846.289710161236,0.022179999351501466,28923.81116564246,2746.188834357541,True,False,-0.01120071386700042,-0.0038762792181823505,0.00762090674447139
2018-10-15,31877,1226.93,73.77,90510.6261,29099.820309611456,2777.1796903885443,0.022300000190734862,29201.16809055653,2675.83190944347,True,False,0.009533676840421152,0.006514886057689599,0.007703255594373268
2018-10-16,31701,1224.43,73.465,89952.74995000001,28920.459096243194,2780.540903756806,0.02259999990463257,29021.897803503416,2679.102196496584,True,False,-0.006182727369172339,-0.005536520481234725,0.007833927293428373
2018-10-17,31702,1222.68,73.6,89989.24799999999,28932.19348304853,2769.8065169514703,0.02259999990463257,29033.673348750395,2668.3266512496048,True,False,0.00040566461322311175,3.1544248697422887e-05,0.007831048050186654
2018-10-18,31885,1225.75,73.53,90129.3975,28977.25256000129,2907.7474399987113,0.02255000114440918,29078.770971641527,2806.2290283584734,True,False,0.0015561912304488865,0.005755909391534162,0.007771499775174606
2018-10-19,31737,1226.32,73.375,89981.23,28929.615638111463,2807.3843618885367,0.02259999990463257,29031.086462004656,2705.913537995344,True,False,-0.0016452947333612388,-0.004652487094487747,0.0077569496688296964
2018-10-22,31729,1222.17,73.56,89902.8252,28904.407928368193,2824.592071631807,0.02257999897003174,29005.7426531076,2723.2573468923983,True,False,-0.0008717260112668744,-0.0002521034898172815,0.007651304123506405
2018-10-23,31871,1230.49,73.55,90502.5395,29097.2204092787,2773.7795907213003,0.022899999618530273,29199.99909846284,2671.0009015371616,True,False,0.006648544072956683,0.004465416225028493,0.007575695933275997
2018-10-24,31723,1234.22,73.23,90381.9306,29058.44377642388,2664.556223576121,0.022850000858306886,29160.965659943795,2562.034340056205,True,False,-0.0013335464101147765,-0.0046545355598919865,0.007568656318400176
2018-10-25,31683,1232.23,73.23,90236.2029,29011.591267863747,2671.408732136253,0.022799999713897706,29113.82820092397,2569.17179907603,True,False,-0.0016136556036496915,-0.0012617104156192774,0.007583268909329327
2018-10-26,31764,1233.59,73.46,90619.52139999998,29134.830935425267,2629.169064574733,0.022730000019073486,29237.33395088827,2526.666049111729,True,False,0.00423894875830917,0.0025533136005174858,0.0074894148844691635
2018-10-29,31730,1229.74,73.4,90262.91600000001,29020.17972253927,2709.8202774607307,0.02259999990463257,29121.968200575433,2608.031799424567,True,False,-0.003942957283582523,-0.0010709674378603766,0.007316696562326801
2018-10-30,31725,1223.44,73.68,90143.05920000002,28981.644895269026,2743.355104730974,0.022829999923706056,29083.848011234993,2641.1519887650065,True,False,-0.001328745541844786,-0.00015759199465280432,0.006875164482626484
2018-10-31,31631,1214.54,73.96,89827.37839999999,28880.15123699905,2750.8487630009513,0.022780001163482666,28981.87733697511,2649.1226630248893,True,False,-0.003508144203778015,-0.0029673612278020007,0.00692573123612759
2018-11-01,31783,1233.24,73.455,90587.6442,29124.582185284613,2658.417814715387,0.022699999809265136,29226.97707618304,2556.0229238169595,True,False,0.008428015464230934,0.004793903273693375,0.0070520211099318435
2018-11-02,31737,1232.89,72.44,89310.5516,28713.98768627325,3023.012313726751,0.022730000019073486,28815.010078691932,2921.989921308068,True,False,-0.014198186348450829,-0.0014483629735955158,0.007583257005285524
2018-11-05,31783,1231.3,73.08,89983.404,28930.314594820517,2852.6854051794835,0.022679998874664306,29031.978762426665,2751.0212375733354,True,False,0.007505613409710151,0.0014483629735954683,0.007628615034713617
2018-11-06,31657,1226.8,72.955,89501.19399999999,28775.28059543138,2881.719404568619,0.02309999942779541,28877.39680492913,2779.603195070871,True,False,-0.0053732873525495625,-0.0039722624740883205,0.0076810357818863344
2018-11-07,31602,1226.11,72.45,88831.66949999999,28560.023630781096,3041.9763692189044,0.02309999942779541,28661.375947630597,2940.624052369403,True,False,-0.007508741042705712,-0.0017388834429471456,0.007827090236438494
2018-11-08,31408,1223.54,72.38,88559.82519999999,28472.62372401819,2935.376275981809,0.023029999732971193,28573.50148540943,2834.4985145905703,True,False,-0.0030649103358774674,-0.00615777219520201,0.0077319488041714506
2018-11-09,31023,1209.6,72.48,87671.808,28187.119777517,2835.8802224829997,0.022999999523162843,28286.91625675633,2736.083743243671,True,False,-0.010077926417506452,-0.01233377266315754,0.0077249234338873886
2018-11-12,31014,1200.65,72.86,87479.35900000001,28125.246033404605,2888.7539665953955,0.022999999523162843,28224.823448693143,2789.1765513068567,True,False,-0.0021975197852511716,-0.00029014942899043087,0.007648737706033277
2018-11-13,30778,1202.35,72.615,87308.64524999999,28070.360329223397,2707.6396707766035,0.022950000762939453,28169.62765875147,2608.3723412485306,True,False,-0.001953381240494356,-0.007638566400297246,0.007648026555635398
2018-11-14,30838,1210.91,72.31,87560.9021,28151.46272927484,2686.537270725159,0.02325000047683716,28251.71347566881,2586.28652433119,True,False,0.002885088099092008,0.0019475467075010006,0.007267725370392665
2018-11-15,30831,1213.0,71.915,87232.895,28046.00607648657,2784.9939235134298,0.02309999942779541,28145.534274746307,2685.4657252536927,True,False,-0.003753079233436264,-0.00022701843811523287,0.007209731593282111
2018-11-16,31017,1221.47,71.98,87921.4106,28267.36881701416,2749.6311829858387,0.022999999523162843,28367.449417925633,2649.5505820743674,True,False,0.007861858079922623,0.006014763961620106,0.00731271520935876
2018-11-19,30888,1224.05,71.61,87654.2205,28181.465269181925,2706.5347308180753,0.022999999523162843,28281.241728638168,2606.758271361832,True,False,-0.0030435921498281624,-0.004167682310730544,0.007171093343994902
2018-11-20,30830,1221.55,71.43,87255.3165,28053.214750751526,2776.7852492484744,0.023350000381469727,28153.347020472418,2676.652979527582,True,False,-0.004561268624309007,-0.0018795170638762166,0.007146189188003448
2018-11-21,30839,1226.02,71.305,87421.3561,28106.5976819329,2732.4023180670993,0.023499999046325683,28207.26825062564,2631.7317493743612,True,False,0.0019011084598428362,0.00029188084982401975,0.007128703019785339
2018-11-23,30513,1223.19,70.655,86424.48945000001,27786.097850724196,2726.902149275804,0.023480000495910643,27885.574635839293,2627.4253641607065,True,False,-0.01146852342734622,-0.0106273004363141,0.0060562753219782885
2018-11-26,30574,1222.37,70.82,86568.24339999998,27832.315784397248,2741.6842156027524,0.023429999351501463,27931.843242704366,2642.1567572956337,True,False,0.001661965571854937,0.001997152267273429,0.005802823694762155
2018-11-27,30423,1214.69,70.785,85981.83165,27643.780169434307,2779.219830565693,0.023529999256134033,27742.86145286306,2680.1385471369395,True,False,-0.006797029876628511,-0.0049510732808734515,0.005523690176557283
2018-11-28,30457,1221.11,70.64,86259.2104,27732.959441863455,2724.040558136545,0.023350000381469727,27831.94860227392,2625.0513977260816,True,False,0.0032208234052197174,0.001116951495887413,0.0055279952093449
2018-11-29,30253,1223.99,69.78,85410.0222,27459.939299435755,2793.060700564245,0.02309999942779541,27557.387694595516,2695.612305404484,True,False,-0.009893387575746078,-0.00672049968065862,0.005728315545038302
2018-11-30,30186,1221.97,69.65,85110.21050000002,27363.547671483924,2822.452328516076,0.02308000087738037,27460.60885958793,2725.39114041207,True,False,-0.0035164391250502736,-0.002217112375961275,0.005702444924864353
2018-12-03,30787,1231.08,70.44,86717.27519999999,27880.230584982393,2906.7694150176067,0.022880001068115233,27978.664571475176,2808.3354285248242,True,False,0.01870610577779248,0.019714282220255924,0.006833400187089115
2018-12-04,30964,1238.55,70.53,87354.93149999999,28085.24169305705,2878.7583069429493,0.02365000009536743,28186.183271294914,2777.8167287050856,True,False,0.007326375236008215,0.0057327163849744825,0.007009930168192593
2018-12-06,31005,1237.99,70.85,87711.5915,28199.910460237592,2805.089539762408,0.023529999256134033,28300.985034838126,2704.014965161874,True,False,0.00407457105254561,0.0013232424593742072,0.006928898074919198
2018-12-07,31440,1248.1,70.86,88440.366,28434.216728020958,3005.783271979042,0.023399999141693117,28535.826201685548,2904.173798314452,True,False,0.008274431557552964,0.013932485759164483,0.007134070545579162
2018-12-10,31895,1244.59,72.52,90257.66679999999,29018.492066809198,2876.507933190802,0.023299999237060547,29121.950085041877,2773.049914958123,True,False,0.02034004991780852,0.014368290132912843,0.00810020237171347
2018-12-11,31812,1242.94,72.291,89853.37554,28888.50950536113,2923.4904946388706,0.02369999885559082,28992.457264085726,2819.542735914274,True,False,-0.004489363159162788,-0.0026056805990297897,0.008099743963860043
2018-12-12,31626,1245.8,71.84,89498.272,28774.341151317374,2851.658848682626,0.02375,28877.996784200604,2748.0032157993955,True,False,-0.003959863306390298,-0.005864009993763966,0.008100007966182491
2018-12-13,31414,1242.46,71.53,88873.16380000001,28573.364348063722,2840.635651936278,0.0236299991607666,28676.01315418704,2737.9868458129604,True,False,-0.007009090400077582,-0.006725913680284285,0.008191160762061596
2018-12-14,31437,1238.21,71.92,89052.0632,28630.881797868406,2806.1182021315944,0.02368000030517578,28733.855320203525,2703.1446797964745,True,False,0.0020109510416751043,0.0007318897400737566,0.008182614145803955
2018-12-17,31501,1245.91,71.61,89219.61510000001,28684.750944427476,2816.2490555725235,0.023399999141693117,28787.255700353842,2713.7442996461577,True,False,0.0018797371622189566,0.0020337481985245906,0.008027943398820566
2018-12-18,31075,1249.38,70.62,88231.21560000001,28366.973363126337,2708.026636873663,0.023280000686645506,28468.061764446156,2606.9382355538437,True,False,-0.011140096869908215,-0.013615653962664032,0.007865884927648274
2018-12-19,31139,1243.39,70.279,87384.20581,28094.653595254553,3044.346404745447,0.023380000591278077,28195.003297820927,2943.9967021790726,True,False,-0.00964626399063535,0.0020574154555494926,0.007894343379077103
2018-12-20,31219,1260.14,69.98,88184.59720000002,28351.985210667615,2867.0147893323847,0.023350000381469727,28453.183902349156,2765.8160976508443,True,False,0.009117758066532481,0.002565830972446841,0.008057716064464303
2018-12-21,31126,1256.01,70.14,88096.5414,28323.674634687413,2802.3253653125867,0.023299999237060547,28424.655458915822,2701.3445410841778,True,False,-0.000999038331874048,-0.0029834010419527534,0.007949219517961669
2018-12-24,31375,1269.13,70.105,88972.35865000001,28605.256209108302,2769.743790891698,0.023329999446868897,28707.311726046424,2667.688273953576,True,False,0.009892470017049916,0.007967914669129758,0.008142188585944453
2018-12-26,31463,1266.98,70.07,88777.2886,28542.539778481518,2920.4602215184823,0.02380000114440918,28645.478102182926,2817.521897817074,True,False,-0.0021948862496313365,0.002800854818053823,0.007924864703172657
2018-12-27,31611,1275.22,70.361,89725.75442000001,28847.47839310689,2763.5216068931113,0.023480000495910643,28950.755018152988,2660.2449818470122,True,False,0.010626986857091774,0.004692909015498302,0.008122360127768399
2018-12-28,31506,1280.75,69.933,89566.68975,28796.337952320482,2709.662047679518,0.023280000686645506,28898.956435096272,2607.043564903728,True,False,-0.0017743604586242059,-0.0033271574017230137,0.008120298685005566
2018-12-31,31489,1282.82,69.57,89245.78739999999,28693.165527995236,2795.8344720047644,0.022999999523162843,28794.753661885,2694.246338115001,True,False,-0.003589265129876482,-0.0005397253881317468,0.008150356867739284
2019-01-02,31934,1284.77,70.0,89933.9,28914.398701110807,3019.6012988891925,0.02365000009536743,29018.32036468725,2915.67963531275,True,False,0.007680736503578369,0.014032994421864162,0.008205219678308716
2019-01-03,31939,1293.99,70.11,90721.6389,29167.662449563555,2771.337550436445,0.023550000190734863,29272.25377745924,2666.7462225407617,True,False,0.008720949243082138,0.00015656067540933347,0.00823139148363875
2019-01-04,31679,1284.92,69.55,89366.186,28731.874547880463,2947.125452119537,0.023580000400543213,28834.97429912016,2844.02570087984,True,False,-0.015053527323192846,-0.008173832801465351,0.008714946444481578
2019-01-07,31652,1288.67,69.803,89953.03201,28920.549780571313,2731.450219428687,0.023529999256134033,29024.207282264677,2627.792717735323,True,False,0.006545289585703007,-0.0008526630445066734,0.008722069217172777
2019-01-08,31736,1285.35,70.14,90154.449,28985.30679827029,2750.6932017297113,0.024000000953674317,29090.32014851821,2645.6798514817892,True,False,0.002236631958168338,0.002650345465081994,0.008723459677928922
2019-01-09,31993,1293.13,70.56,91243.25280000002,29335.365087530346,2657.6349124696535,0.023900001049041747,29441.404709020804,2551.595290979196,True,False,0.012004748297821919,0.00806544565842649,0.008616162995281115
2019-01-10,31878,1286.38,70.42,90586.87960000001,29124.336360859714,2753.6636391402863,0.02375,29229.252803669413,2648.747196330587,True,False,-0.007219662026024547,-0.0036010121735943427,0.008772543825460402
2019-01-11,31924,1288.0,70.399,90673.912,29152.317906344946,2771.682093655054,0.02369999885559082,29257.21491072065,2666.7850892793504,True,False,0.000960300414888595,0.001441961316901184,0.008632373512140471
2019-01-14,32130,1291.73,70.76,91402.81480000001,29386.665423505394,2743.334576494606,0.023599998950958254,29492.163264127044,2637.8367358729556,True,False,0.008006588284989324,0.006432095114004576,0.008704010671612566
2019-01-15,32169,1289.31,71.1,91669.94099999999,29472.548427025893,2696.451572974107,0.023829998970031737,29578.91374457589,2590.0862554241103,True,False,0.002918253875709651,0.001213082778351193,0.008413311558626102
2019-01-16,32272,1293.52,70.98,91814.0496,29518.880383236614,2753.119616763386,0.0236299991607666,29624.925922450184,2647.074077549816,True,False,0.0015708033072550792,0.0031967253057376727,0.008341796572327809
2019-01-17,32253,1291.9,71.05,91789.49500000001,29510.98590190815,2742.0140980918513,0.023550000190734863,29616.808341684686,2636.1916583153143,True,False,-0.00026747414054426033,-0.0005889190406552549,0.007772714848849348
2019-01-18,32089,1281.49,71.21,91254.90289999999,29339.110678862504,2749.889321137496,0.023480000495910643,29444.147392695035,2644.852607304965,True,False,-0.005841136097095409,-0.00509776989086559,0.007827012665235049
2019-01-22,32154,1285.04,71.26,91571.9504,29441.043741058078,2712.956258941922,0.023450000286102293,29546.37252995698,2607.6274700430185,True,False,0.0034682850149306355,0.002023567460433107,0.007820798315547493
2019-01-23,32135,1282.39,71.19,91293.3441,29351.46980243381,2783.5301975661896,0.023529999256134033,29456.671814630427,2678.3281853695735,True,False,-0.0030471229254560284,-0.000591080917518662,0.00775227780867708
2019-01-24,32016,1280.94,71.0,90946.74,29240.034079765945,2775.9659202340554,0.023050000667572023,29343.678994381484,2672.321005618516,True,False,-0.0038038230681414482,-0.0037100009818719446,0.006886419984535514
2019-01-25,32339,1303.22,70.9,92398.29800000001,29706.720465542465,2632.279534457535,0.023280000686645506,29812.583182790262,2526.416817209738,True,False,0.015834498113103803,0.010038154370012053,0.007385363048149481
2019-01-28,32536,1303.53,71.07,92641.87709999998,29785.03290626456,2750.9670937354385,0.023329999446868897,29891.297534976395,2644.7024650236053,True,False,0.002632717360536587,0.0060732363935337985,0.007332710999881437
2019-01-29,32891,1311.93,71.39,93658.6827,30111.943253974634,2779.056746025366,0.02365000009536743,30220.169029956352,2670.8309700436475,True,False,0.010915863029266127,0.010851895512068879,0.007375064746586697
2019-01-30,32903,1319.91,71.235,94023.78885000001,30229.327519411003,2673.672480588997,0.02365000009536743,30337.975187899217,2565.0248121007826,True,False,0.0038906841704339367,0.0003647749075313948,0.00738535159359366
2019-01-31,33100,1320.94,70.96,93733.90239999999,30136.126931052775,2963.873068947225,0.023399999141693117,30243.818168868234,2856.1818311317656,True,False,-0.0030878807510805436,0.005969443358493513,0.007439247619124834
2019-02-01,33405,1318.0,71.435,94151.33,30270.332920732395,3134.667079267605,0.023399999141693117,30378.50374270888,3026.496257291121,True,False,0.004443439023710688,0.009172306994423417,0.007049573339382833
2019-02-04,33455,1311.75,71.71,94065.5925,30242.767694953945,3212.2323050460545,0.023350000381469727,30350.715286659324,3104.284713340676,True,False,-0.0009110499182693517,0.0014956628573396865,0.006717488845859816
2019-02-05,33381,1315.01,71.53,94062.66530000001,30241.826579002365,3139.173420997635,0.02365000009536743,30350.519170543597,3030.4808294564027,True,False,-3.1119195324178975e-05,-0.0022143763911071698,0.006611459110624018
2019-02-06,33222,1306.22,71.55,93460.041,30048.078512064556,3173.921487935444,0.02365000009536743,30156.07475084262,3065.925249157379,True,False,-0.006427236321310925,-0.004774568774788054,0.006772946123120243
2019-02-07,33056,1310.09,71.3,93409.41699999999,30031.802530261866,3024.197469738134,0.023550000190734863,30139.492548657152,2916.507451342848,True,False,-0.0005418113990401175,-0.005009214131657134,0.006618225068690113
2019-02-08,33125,1314.07,71.175,93528.93225,30070.227546739112,3054.772453260888,0.02365000009536743,30178.303391686884,2946.6966083131156,True,False,0.0012786596946335344,0.002085191369158328,0.006579413504739892
2019-02-11,32931,1308.33,71.14,93074.5962,29924.155223688653,3006.8447763113472,0.02375,30031.952904681446,2899.047095318554,True,False,-0.004869542945501097,-0.005873820933097112,0.0064647920022707275
2019-02-12,32747,1310.89,70.535,92463.62615,29727.7239378205,3019.2760621794987,0.02378000020980835,29834.887567842132,2912.112432157868,True,False,-0.006585944940566125,-0.005603108541279314,0.006599951245431921
2019-02-13,32909,1306.19,70.875,92576.21625,29763.92246853248,3145.0775314675193,0.02372999906539917,29871.09382741273,3037.9061725872707,True,False,0.001216928337533974,0.004934821760635838,0.006541248716053728
2019-02-14,32970,1312.55,71.02,93217.30099999999,29970.035848055682,2999.9641519443176,0.02372999906539917,30077.949362174048,2892.0506378259524,True,False,0.00690107280148068,0.0018518804909939466,0.006516200752552181
2019-02-15,33263,1321.41,71.33,94256.1753,30304.041442281417,2958.9585577185826,0.02369999885559082,30413.082623088543,2849.917376911457,True,False,0.01108300709508064,0.008847611050068056,0.006623653462131614
2019-02-19,33753,1341.16,71.3,95624.708,30744.0345941775,3008.9654058224987,0.02372999906539917,30854.735056067322,2898.264943932678,True,False,0.01441489394111217,0.01462363412333691,0.006295752784826923
2019-02-20,33719,1338.49,71.01,95046.17490000001,30558.0320221197,3160.9679778803,0.023829998970031737,30668.314809092924,3050.6851909070756,True,False,-0.006068413452584709,-0.0010078255536474401,0.006419421982386021
2019-02-21,33302,1323.49,71.165,94186.16585,30281.532898226887,3020.4671017731125,0.023949999809265137,30391.117558899834,2910.882441100166,True,False,-0.009089513639079139,-0.012444021460472007,0.006721009295267437
2019-02-22,33369,1327.8,71.035,94320.27299999999,30324.64931599337,3044.3506840066293,0.023929998874664307,30434.339977561234,2934.6600224387657,True,False,0.0014228391713596818,0.002009870035076819,0.006419335411504273
2019-02-25,33159,1327.12,70.834,94005.21807999999,30223.356882665936,2935.6431173340643,0.023929998874664307,30332.68114810807,2826.3188518919305,True,False,-0.00334585840830226,-0.006313152281073875,0.00628362310564649
2019-02-26,33228,1328.96,70.96,94303.00159999999,30319.096436092394,2908.9035639076064,0.024000000953674317,30428.94208704248,2799.05791295752,True,False,0.00316272724291575,0.0020787209798970615,0.006293165364577173
2019-02-27,33171,1319.88,71.2,93975.456,30213.788158888874,2957.211841111126,0.023929998874664307,30323.077812236057,2847.922187763943,True,False,-0.0034793776687567614,-0.00171689374845072,0.006220563370434255
2019-02-28,32902,1313.05,70.84,93016.462,29905.464658318197,2996.5353416818034,0.023829998970031737,30013.39235424643,2888.607645753571,True,False,-0.010257153551429367,-0.008142554031145756,0.0065322923056136085
2019-03-01,32533,1293.56,71.0,91842.76,29528.11098429437,3004.8890157056303,0.02378000020980835,29634.555041948337,2898.444958051663,True,False,-0.012698503856885101,-0.011278487400420483,0.006956325685223639
2019-03-04,32505,1286.66,70.91,91237.0606,29333.374250486275,3171.625749513725,0.02375,29439.04372373486,3065.9562762651403,True,False,-0.006616803620542801,-0.0008610351403761112,0.007060874798569235
2019-03-05,32015,1287.43,70.49,90750.94069999999,29177.08318999469,2837.9168100053103,0.024000000953674317,29282.79134335557,2732.2086566444304,True,False,-0.005342341832506067,-0.015189380685666597,0.007047711353113691
2019-03-06,31954,1286.76,70.08,90176.1408,28992.28086871252,2961.7191312874784,0.024049999713897704,29097.439061223475,2856.5609387765253,True,False,-0.006353961265402018,-0.0019071743653856542,0.007100117693423675
2019-03-07,31946,1285.74,70.116,90150.94584,28984.180507016896,2961.8194929831043,0.023949999809265137,29089.070229621753,2856.9297703782468,True,False,-0.0002794362248443852,-0.00025039123761492,0.007084004302201854
2019-03-08,32174,1298.39,70.012,90902.88068,29225.932991463982,2948.067008536018,0.023929998874664307,29331.6493640217,2842.3506359782987,True,False,0.008306249889150926,0.007111695600351385,0.007228089379332772
2019-03-11,31915,1294.25,69.85,90403.36249999999,29065.3342871381,2849.665712861901,0.02380000114440918,29170.158062897353,2744.8419371026466,True,False,-0.005510228827515698,-0.008082554260095475,0.006640708614072479
2019-03-12,32015,1302.01,69.625,90652.44625,29145.41651261112,2869.5834873888816,0.023949999809265137,29250.88972592038,2764.1102740796196,True,False,0.002751459993037673,0.003128424262744817,0.006642815576025739
2019-03-13,32225,1309.28,69.529,91032.92911999999,29267.744504637736,2957.255495362264,0.023880000114440917,29373.491408036505,2851.508591963495,True,False,0.004188377027522947,0.006538005854485617,0.006343132558905079
2019-03-14,31832,1296.28,69.365,89916.4622,28908.792322407444,2923.207677592556,0.023880000114440917,29013.242300389462,2818.757699610538,True,False,-0.012340258013224085,-0.012270475700623605,0.006603077442920051
2019-03-15,31853,1301.38,68.963,89747.06894,28854.33116530294,2998.6688346970586,0.023880000114440917,28958.584370393273,2894.4156296067267,True,False,-0.0018856727252176415,0.0006594959805648716,0.00659668363556547
2019-03-18,31685,1303.7,68.625,89466.4125,28764.098091854616,2920.9019081453844,0.023849999904632567,28867.95409516974,2817.045904830258,True,False,-0.003132093268672489,-0.005288186329712071,0.006507747542314261
2019-03-19,31985,1306.55,69.015,90171.54824999999,28990.80433070233,2994.195669297671,0.024049999713897704,29095.957167647466,2889.042832352534,True,False,0.007850672193019763,0.009423660126620667,0.006737005274254547
2019-03-20,31740,1312.48,68.79,90285.4992,29027.440384522644,2712.5596154773557,0.024079999923706054,29132.79793917588,2607.2020608241182,True,False,0.0012629151009150585,-0.007689327803837923,0.006750262938573097
2019-03-21,31842,1309.45,68.81,90103.25450000001,28968.847396595243,2873.1526034047565,0.024079999923706054,29073.992283033644,2768.0077169663564,True,False,-0.0020205778715873452,0.0032084579755499985,0.006683953484655312
2019-03-22,32155,1313.38,69.17,90846.4946,29207.804459305222,2947.195540694778,0.023980000019073487,29313.5757263924,2841.424273607601,True,False,0.00821492467922977,0.00978178651301365,0.00690220009271847
2019-03-25,32223,1321.9,68.89,91065.691,29278.27768579099,2944.7223142090115,0.023900001049041747,29384.11095135391,2838.8890486460914,True,False,0.002409915590453352,0.0021125236971932773,0.006917740453904712
2019-03-26,32113,1315.51,68.996,90764.92795999999,29181.580195154882,2931.419804845118,0.024049999713897704,29287.424997150007,2825.5750028499933,True,False,-0.0033081701642534577,-0.0034195507084310082,0.006892592992017574
2019-03-27,32019,1309.87,69.1,90512.01699999998,29100.26749401192,2918.7325059880786,0.02378000020980835,29205.16924517799,2813.830754822011,True,False,-0.0027903286228865,-0.0029314559756509688,0.006817869130888907
2019-03-28,31624,1290.55,69.19,89293.15449999999,28708.39439291398,2915.6056070860213,0.02369999885559082,28811.69405443412,2812.3059455658804,True,False,-0.013557798811878269,-0.01241315060555325,0.007196888909112635
2019-03-29,31703,1292.15,69.185,89397.39775,28741.909351037666,2961.090648962334,0.023280000686645506,28844.333872328058,2858.6661276719424,True,False,0.001166746204686531,0.002494987635005728,0.007048839573976971
2019-04-01,31570,1287.66,69.205,89112.51030000001,28650.315977301594,2919.684022698406,0.023229999542236326,28752.29593384583,2817.7040661541687,True,False,-0.0031918417860159593,-0.004204011059489844,0.006647896948509446
2019-04-02,31535,1293.15,68.92,89123.89800000002,28653.977205137693,2881.022794862307,0.02369999885559082,28757.081060615837,2777.9189393841625,True,False,0.00012778197366209929,-0.0011092624542857338,0.005912041972090605
2019-04-03,31450,1289.9,68.45,88293.65500000001,28387.048081405635,3062.9519185943645,0.02372999906539917,28489.261710025974,2960.738289974026,True,False,-0.009359266278224337,-0.002699056969165058,0.006013141684869556
2019-04-04,31503,1292.38,68.98,89148.37240000001,28661.84590158664,2841.1540984133608,0.02369999885559082,28764.978070514455,2738.021929485545,True,False,0.009633839548636126,0.0016837962455164193,0.006267243145016876
2019-04-05,31566,1291.7,69.17,89346.88900000001,28725.67042294276,2840.3295770572404,0.02369999885559082,28829.03224774622,2736.9677522537786,True,False,0.002224335596278527,0.001997812584759232,0.006283286065065244
2019-04-08,32076,1297.41,69.555,90241.35255000001,29013.246917549473,3062.7530824505266,0.02365000009536743,29117.523852947408,2958.476147052592,True,False,0.00996135313345979,0.016027494968057113,0.0066309057555864435
2019-04-09,32098,1304.13,69.28,90350.12640000001,29048.218496310707,3049.7815036892935,0.02365000009536743,29152.621123571727,2945.3788764282726,True,False,0.001204640039346571,0.0006856359541821666,0.006594367438571954
2019-04-10,32174,1308.05,69.15,90451.6575,29080.86147861173,3093.1385213882713,0.0236299991607666,29185.33345032126,2988.666549678739,True,False,0.0011231206737291157,0.002364950069151805,0.006598518095569868
2019-04-11,31663,1292.6,69.02,89215.252,28683.348176250256,2979.651823749744,0.02365000009536743,28786.439417753532,2876.5605822464677,True,False,-0.013763525198346713,-0.016009866213487798,0.0067913601404718145
2019-04-12,31760,1290.4,69.19,89282.776,28705.05763017024,3054.9423698297614,0.02375,28808.463678633965,2951.536321366035,True,False,0.0007565798230664862,0.0030588296243067095,0.006454796299634046
2019-04-15,31760,1287.88,69.395,89372.4326,28733.882874917614,3026.1171250823863,0.023599998950958254,28837.037232592866,2922.9627674071344,True,False,0.0010036831081399076,0.0,0.0063732165704298085
2019-04-16,31474,1276.57,69.53,88759.9121,28536.953108171107,2937.0468918288934,0.02378000020980835,28639.82420221198,2834.175797788019,True,False,-0.006877166694769715,-0.009045828200262358,0.0064178690372925
2019-04-17,31410,1274.14,69.431,88464.81434,28442.077045991606,2967.9229540083943,0.02380000114440918,28544.653052066158,2865.346947933842,True,False,-0.0033302128732831974,-0.002035494628117445,0.006350038935681063
2019-04-18,31403,1275.39,69.395,88505.68905,28455.21856061215,2947.7814393878507,0.02365000009536743,28557.48987812485,2845.5101218751515,True,False,0.00046193811899567487,-0.00022288379886256367,0.006352927108119074
2019-04-22,31531,1274.92,69.7,88861.92400000001,28569.750671146336,2961.2493288536643,0.02375,28672.669294775646,2858.3307052243545,True,False,0.004016916311607895,0.004067759128537952,0.006191463669348465
2019-04-23,31525,1272.4,69.77,88775.348,28541.915861558988,2983.0841384410123,0.023900001049041747,28645.08737299379,2879.9126270062116,True,False,-0.0009747504662753556,-0.00019030702924725405,0.0061264276927174635
2019-04-24,31759,1275.36,69.96,89224.18559999998,28686.22039320333,3072.77960679667,0.02375,28789.558583094404,2969.4414169055963,True,False,0.005043143003879965,0.007395267886156915,0.006183750784728091
2019-04-25,31843,1277.35,70.17,89631.6495,28817.222981336505,3025.7770186634953,0.02365000009536743,28920.795384236197,2922.2046157638033,True,False,0.0045563467884014806,0.0026414279060402333,0.006193788034495802
2019-04-26,31868,1286.25,69.85,89844.56249999999,28885.676049319205,2982.323950680795,0.023599998950958254,28989.375343001648,2878.6246569983523,True,False,0.002372605232814484,0.0007847938749393352,0.005794988412142723
2019-04-30,31625,1283.6,69.647,89398.8892,28742.388862989694,2882.6111370103063,0.02368000030517578,28845.763430439034,2779.236569560966,True,False,-0.004972836822744733,-0.007654424470435303,0.005856225248283028
2019-05-01,31563,1276.61,69.545,88781.84245,28544.00387416207,3018.99612583793,0.0236299991607666,28646.547203815884,2916.452796184116,True,False,-0.006926104870892926,-0.001962398553423852,0.0059632893330938104
2019-05-02,31203,1270.54,69.41,88188.18139999999,28353.137556866586,2849.8624431334138,0.02372999906539917,28455.22908340179,2747.7709165982087,True,False,-0.006709195873634503,-0.01147130445515467,0.005872560264436449
2019-05-03,31341,1279.19,69.095,88385.63305,28416.619689102514,2924.380310897486,0.02368000030517578,28518.822598635754,2822.177401364246,True,False,0.0022364780748125378,0.004412900484374746,0.005886690941274356
2019-05-06,31578,1280.33,69.38,88829.29539999999,28559.26034047615,3018.7396595238497,0.0236299991607666,28661.85847844843,2916.14152155157,True,False,0.005007064368564306,0.007533531076216391,0.005971906843102864
2019-05-07,31739,1285.15,69.645,89504.27175,28776.270114295818,2962.7298857041824,0.02368000030517578,28879.766538690143,2859.2334613098574,True,False,0.007569854446896374,0.00508553301610474,0.0059406197569424595
2019-05-08,31697,1280.93,69.72,89306.4396,28712.66564856045,2984.334351439549,0.02369999885559082,28815.98067907882,2881.0193209211793,True,False,-0.0022127559275018894,-0.0013241694349260646,0.005922566532389852
2019-05-09,31926,1284.14,70.2,90146.62800000001,28982.792290256726,2943.207709743274,0.02369999885559082,29087.079300965728,2838.920699034272,True,False,0.009363947359051753,0.0071986856614117585,0.006173061377263404
2019-05-10,31917,1286.0,70.015,90039.29,28948.28234764576,2968.7176523542403,0.02369999885559082,29052.44518333675,2864.5548166632507,True,False,-0.0011914140004760383,-0.00028194163994860427,0.006157056081129312
2019-05-13,32499,1299.9,70.57,91733.943,29493.125532496342,3005.874467503658,0.023499999046325683,29598.762285599023,2900.237714400977,True,False,0.018646332821407256,0.018070536429201478,0.006538783281452434
2019-05-14,32248,1297.03,70.332,91222.71396,29328.761702059248,2919.238297940752,0.023529999256134033,29433.882323515685,2814.117676484315,True,False,-0.005588540794783522,-0.007753293816675428,0.006644700299401658
2019-05-15,32261,1296.66,70.249,91089.06834,29285.79366952272,2975.2063304772782,0.023499999046325683,29390.687813477547,2870.312186522453,True,False,-0.0014661218518448589,0.0004030445418773736,0.0066174956685233184
2019-05-16,31985,1286.65,70.13,90232.7645,29010.485797418296,2974.514202581704,0.023380000591278077,29114.106709176707,2870.893290823293,True,False,-0.00944519689226933,-0.008592027454641018,0.006873456563133308
2019-05-17,31809,1277.55,70.28,89786.21399999999,28866.916584950242,2942.0834150497576,0.023299999237060547,28969.834199535147,2839.1658004648525,True,False,-0.004961159313718833,-0.005517774290330097,0.006702636317165098
2019-05-20,31566,1277.74,69.609,88942.20366,28595.561161927115,2970.438838072885,0.02319999933242798,28697.275459330103,2868.7245406698967,True,False,-0.009444682888085178,-0.007668676635045687,0.00671697278739555
2019-05-21,31442,1274.97,69.645,88795.28564999999,28548.32596010095,2893.6740398990514,0.023299999237060547,28650.107721223914,2791.8922787760857,True,False,-0.0016532026420752212,-0.003936013207403014,0.006708460163470713
2019-05-22,31452,1273.62,69.65,88707.633,28520.14499975887,2931.8550002411284,0.02319999933242798,28621.59104217276,2830.4089578272396,True,False,-0.0009876193337130766,0.0003179953599473851,0.006428198022264452
2019-05-23,31696,1283.45,69.665,89411.54425,28746.457553008506,2949.542446991494,0.023029999732971193,28848.305500496026,2847.694499503974,True,False,0.007903864427981083,0.007727915826925616,0.006605927049866231
2019-05-24,31554,1284.89,69.38,89145.6682,28660.976481746427,2893.0235182535725,0.022880001068115233,28762.16697094539,2791.833029054611,True,False,-0.002978051044275664,-0.004490126120932945,0.006616858036934343
2019-05-28,31569,1279.49,69.61,89065.2989,28635.13717105792,2933.8628289420813,0.022980000972747803,28736.472620935456,2832.527379064544,True,False,-0.0009019568970011272,0.00047526259152278193,0.006125235510212787
2019-05-29,31760,1279.6,69.845,89373.662,28734.278135901102,3025.7218640988976,0.022980000972747803,28835.964430763725,2924.0355692362755,True,False,0.0034562340579504156,0.006032009952150151,0.006157333039604452
2019-05-30,31831,1288.85,69.825,89993.95125,28933.705611908626,2897.2943880913735,0.02309999942779541,29036.384031811886,2794.6159681881145,True,False,0.006916429465610515,0.0022330213238594752,0.006282797976218844
2019-05-31,32131,1305.65,69.58,90847.12700000001,29208.007780474865,2922.9922195251347,0.022929999828338623,29311.250073205847,2819.749926794153,True,False,0.009435711048483541,0.009380638501179994,0.006351929110802322
2019-06-03,32405,1325.17,69.171,91663.33407000001,29470.42425129005,2934.575748709951,0.022799999713897706,29574.278113135024,2830.721886864976,True,False,0.00894428195074671,0.008491435675704847,0.006472570941965167
2019-06-04,32465,1325.28,69.291,91829.97648,29524.000990242257,2940.999009757743,0.022950000762939453,29628.408938729983,2836.5910612700172,True,False,0.0018163327623680254,0.0018498540807707652,0.006472084909169157
2019-06-05,32607,1330.18,69.385,92294.5393,29673.361293745078,2933.638706254922,0.022850000858306886,29778.05268443373,2828.947315566271,True,False,0.005046191745144248,0.004364403288709507,0.006490076342352428
2019-06-06,32734,1335.55,69.165,92373.31575000001,29698.688491648853,3035.3115083511475,0.02255000114440918,29802.73436960873,2931.26563039127,True,False,0.0008531691100987667,0.003887303834532574,0.006476906793084816
2019-06-07,32867,1340.7,69.355,92984.2485,29895.107785297474,2971.892214702526,0.022149999141693116,29998.855510361842,2868.144489638158,True,False,0.0065919614854398935,0.004054821793187915,0.006513640367561267
2019-06-10,32611,1328.13,69.535,92351.51955,29691.68085585223,2919.3191441477684,0.022200000286102296,29794.84505696907,2816.1549430309315,True,False,-0.006827947080617349,-0.00781946010577817,0.00665210970172027
2019-06-11,32576,1326.91,69.385,92067.65035000001,29600.41485684891,2975.585143151089,0.022130000591278075,29703.09105860754,2872.9089413924594,True,False,-0.0030785240422339277,-0.0010738338430442602,0.00668757860442396
2019-06-12,32685,1333.55,69.375,92515.03125,29744.251048917326,2940.7489510826745,0.021649999618530272,29846.24865986269,2838.7513401373108,True,False,0.0048474945989040044,0.0033404361366353255,0.006634652316668201
2019-06-13,32884,1342.35,69.53,93333.5955,30007.42537013519,2876.5746298648082,0.021400001049041748,30109.70675087852,2774.2932491214815,True,False,0.008808992109081561,0.0060699602251941456,0.006596686882538922
2019-06-14,32984,1341.58,69.833,93686.55613999999,30120.904766344618,2863.095233655382,0.02125,30223.20032596009,2760.7996740399103,True,False,0.003774577829930548,0.0030363781147119445,0.006412805187201677
2019-06-17,32961,1339.54,69.85,93566.86899999999,30082.42448599032,2878.575514009681,0.021380000114440918,30184.91188250505,2776.08811749495,True,False,-0.001278344107292477,-0.0006975510177452394,0.0064406862531427725
2019-06-18,32939,1346.48,69.61,93728.4728,30134.381275419164,2804.618724580836,0.021679999828338622,30237.79126227266,2701.2087377273383,True,False,0.0017256578679446144,-0.0006676783252591828,0.00641388884180797
2019-06-19,32976,1360.27,69.65,94742.8055,30460.496567910366,2515.503432089634,0.02125,30563.945437283677,2412.054562716323,True,False,0.010763894664835655,0.0011226580865087888,0.0065384492024449115
2019-06-20,33838,1388.18,69.52,96506.2736,31027.464304660247,2810.535695339753,0.020780000686645508,31131.636049125143,2706.3639508748565,True,False,0.018442107949570186,0.0258044071885013,0.007149776617860465
2019-06-21,33960,1399.05,69.615,97394.86574999998,31313.153101740958,2646.846898259042,0.02055000066757202,31417.690089904063,2542.309910095937,True,False,0.009165478589339375,0.0035989301065420696,0.00714337628303226
2019-06-24,34214,1419.55,69.273,98336.48714999999,31615.891185879398,2598.108814120602,0.02058000087738037,31721.517063946685,2492.482936053315,True,False,0.009621643649162192,0.0074515555869535816,0.007219028643325889
2019-06-25,34300,1423.25,69.334,98679.6155,31726.209429806935,2573.790570193065,0.020829999446868898,31832.85796066511,2467.142039334889,True,False,0.0034832553513944125,0.002510437141793996,0.006584222491368542
2019-06-26,34135,1408.75,69.245,97548.89375,31362.67421672802,2772.325783271979,0.020929999351501465,31468.359356648387,2666.640643351613,True,False,-0.011524668554120343,-0.004822103301650567,0.0069145094481417166
2019-06-27,33931,1409.68,69.088,97391.97184,31312.22268876493,2618.7773112350696,0.020850000381469728,31417.5312393659,2513.4687606340995,True,False,-0.001609944055795048,-0.005994200065143198,0.006917213378535322
2019-06-28,33947,1409.5,68.95,97185.02500000001,31245.687784332957,2701.3122156670433,0.020350000858306884,31349.484206054673,2597.5157939453275,True,False,-0.0021271467993938245,0.0004714340521622149,0.006613658400301718
2019-07-01,33348,1384.31,68.885,95358.19435,30658.34852990821,2689.6514700917905,0.02065000057220459,30760.952322741356,2587.0476772586444,True,False,-0.018976367761659767,-0.01780268430889566,0.007581208074815721
2019-07-02,33779,1418.44,68.89,97716.3316,31416.506695387983,2362.493304612017,0.021480000019073485,31523.798256556787,2255.2017434432128,True,False,0.024428437725271635,0.012841507077528895,0.00830476176087637
2019-07-03,34077,1418.94,68.8,97623.072,31386.523060105774,2690.4769398942262,0.021500000953674315,31493.763996108064,2583.236003891936,True,False,-0.000954846849810612,0.008783362291498448,0.008291843079591034
2019-07-05,34370,1399.95,68.45,95826.57750000001,30808.937097111262,3561.062902888738,0.021630001068115235,30914.534865472335,3455.465134527665,True,False,-0.018573785492956022,0.008561420944348289,0.00917024361179862
2019-07-08,34535,1395.5,68.566,95683.853,30763.050139051877,3771.9498609481234,0.021779999732971192,30868.871199051882,3666.1288009481177,True,False,-0.0014905143918358948,0.004789211679193624,0.009142289911366156
2019-07-09,34533,1397.9,68.565,95847.0135,30815.507418779238,3717.492581220762,0.02194999933242798,30921.940981247157,3611.0590187528433,True,False,0.001703751906412601,-5.791393990146601e-05,0.009089600247187258
2019-07-10,34765,1419.0,68.419,97086.561,31214.030896844404,3550.969103155596,0.021300001144409178,31320.167608757965,3444.8323912420346,True,False,0.012849651064320887,0.006695744949946431,0.009261621586532336
2019-07-11,34612,1404.0,68.41,96047.64,30880.010288231228,3731.9897117687724,0.020980000495910645,30984.196294518137,3627.8037054818633,True,False,-0.010758643634558127,-0.0044106908064888125,0.009588675838379189
2019-07-12,34812,1415.74,68.56,97063.13440000001,31206.499075666725,3605.500924333275,0.020899999141693115,31311.580733306182,3500.419266693818,True,False,0.010517318505869039,0.00576171218277488,0.009669351771331927
2019-07-15,34792,1414.08,68.545,96928.1136,31163.088912823314,3628.911087176686,0.020850000381469728,31267.895900122752,3524.104099877248,True,False,-0.0013920300342933325,-0.0005746796319299866,0.009604196837870527
2019-07-16,34738,1406.33,68.65,96544.5545,31039.77189062324,3698.2281093767597,0.021029999256134035,31144.62490444044,3593.3750955595606,True,False,-0.0039650003927509956,-0.001553286663516423,0.009578899408318652
2019-07-17,35039,1426.8,68.846,98229.4728,31581.4852990821,3457.514700917902,0.020729999542236328,31687.386890672584,3351.613109327416,True,False,0.01730169422119918,0.008627538216344656,0.009992064989188766
2019-07-18,35117,1446.3,68.855,99584.9865,32017.29274840452,3099.7072515954787,0.020130000114440917,32123.07153576881,2993.9284642311904,True,False,0.013705114600088806,0.0022236168578329348,0.010198677616803707
2019-07-19,35033,1425.3,68.86,98146.158,31554.698988859775,3478.3010111402255,0.020130000114440917,31658.949458158215,3374.050541841785,True,False,-0.014553639487412477,-0.00239486928432753,0.010663560651341946
2019-07-22,35143,1425.12,68.93,98233.52160000001,31582.78701753822,3560.2129824617805,0.020250000953674317,31687.44281844162,3455.557181558379,True,False,0.0008897418097567899,0.003134977487766672,0.010630036359916956
2019-07-23,35030,1417.39,69.033,97846.68387000001,31458.415892102177,3571.584107897823,0.020329999923706054,31562.867098030103,3467.132901969897,True,False,-0.003945714264745985,-0.003220614700042172,0.010561888367709577
2019-07-24,35036,1425.9,68.98,98358.58200000001,31622.994839809027,3413.0051601909727,0.020399999618530274,31728.175040658967,3307.824959341033,True,False,0.005217997480394519,0.00017126709144705884,0.010534897351632001
2019-07-25,34850,1414.53,69.041,97660.56572999999,31398.577565225773,3451.4224347742274,0.02059999942779541,31503.529200658613,3346.4707993413867,True,False,-0.00712194934514141,-0.005322967094309607,0.01065724371612585
2019-07-26,34815,1418.69,68.88,97719.3672,31417.48266272284,3397.5173372771606,0.02062999963760376,31522.575216927547,3292.4247830724526,True,False,0.0006019192543834529,-0.0010048088120228117,0.01057626168254171
2019-07-29,34788,1426.94,68.755,98109.2597,31542.835918787274,3245.164081212726,0.02049999952316284,31648.009625002018,3139.990374997982,True,False,0.003981981810889769,-0.0007758286669912685,0.01057784673312414
2019-07-30,34737,1430.85,68.862,98531.19269999999,31678.490427122346,3058.509572877654,0.020399999618530274,31783.855210016125,2953.144789983875,True,False,0.004291422669012771,-0.0014670984292731108,0.010575597606652193
2019-07-31,34714,1413.8,68.875,97375.47499999999,31306.918835500823,3407.0811644991772,0.020299999713897704,31410.78957468264,3303.21042531736,True,False,-0.01179879297598085,-0.0006623374995558312,0.01085992741020703
2019-08-01,35134,1445.31,69.017,99750.96027,32070.654514765218,3063.3454852347822,0.020299999713897704,32177.05919189096,2956.9408081090405,True,False,0.02410230026275806,0.012026258792501266,0.011515189055197675
2019-08-02,35705,1440.7,69.7,100416.79000000001,32284.72358416256,3420.276415837441,0.02,32391.039811790768,3313.960188209232,True,False,0.006652741861215543,0.016121412409882192,0.01111908539057465
2019-08-05,36711,1463.8,70.821,103667.77979999999,33329.94029610815,3381.0597038918495,0.019529999494552613,33438.40675103494,3272.5932489650586,True,False,0.031861936722286766,0.027785702670567423,0.012372510447344045
2019-08-06,37182,1474.27,71.04,104732.14080000001,33672.14004854759,3509.8599514524103,0.019950000047683717,33782.886317806566,3399.113682193434,True,False,0.01021468963642728,0.012748335536384624,0.012385441655575261
2019-08-07,37899,1501.2,71.145,106802.874,34337.89573520665,3561.10426479335,0.01968000054359436,34450.06713183346,3448.932868166543,True,False,0.01957878556590093,0.01909995330798468,0.01278943946151081
2019-08-08,37311,1500.95,70.42,105696.899,33982.316781069654,3328.683218930346,0.019700000286102293,34093.38265322346,3217.61734677654,True,False,-0.010409281578896042,-0.015636537176296386,0.012748406921820698
2019-08-09,37558,1497.24,70.924,106190.24976,34140.93261530053,3417.0673846994687,0.019500000476837157,34251.95384852155,3306.0461514784474,True,False,0.00465673972604805,0.00659821544630097,0.012727114368792395
2019-08-12,37812,1511.4,71.283,107737.12620000001,34638.264568296174,3173.735431703826,0.01927999973297119,34750.27468209601,3061.725317903991,True,False,0.01446194899993278,0.006740107777123178,0.012861601001576599
2019-08-13,37268,1501.39,71.418,107226.27102000001,34474.02093655055,2793.9790634494493,0.019550000429153443,34586.267458351984,2681.732541648016,True,False,-0.004752959325332796,-0.014491462974959396,0.012254775582125376
2019-08-14,37688,1516.34,71.275,108077.1335,34747.579372096385,2940.4206279036152,0.019079999923706056,34859.36994340386,2828.630056596143,True,False,0.00790388718136752,0.011206691809561424,0.011657541815521116
2019-08-16,37487,1514.15,71.155,107739.34325,34638.9773658913,2848.0226341086964,0.01822999954223633,34747.99085551252,2739.009144487478,True,False,-0.003130349739029666,-0.005347535190821213,0.011692018670159593
2019-08-19,37484,1495.3,71.451,106840.68029999999,34350.05073384024,3133.9492661597615,0.01853000044822693,34459.004598925676,3024.995401074324,True,False,-0.008376065853616728,-8.003094534158098e-05,0.011171189196990575
2019-08-20,37640,1507.1,71.549,107831.4979,34668.60575176427,2971.3942482357306,0.01899999976158142,34779.91355658488,2860.0864434151226,True,False,0.009231048421037063,0.004153139455601764,0.011173338553677793
2019-08-21,37598,1502.3,71.44,107324.31199999999,34505.5418200524,3092.4581799476,0.01927999973297119,34617.122746930785,2980.877253069215,True,False,-0.004714600453409242,-0.001116457225409182,0.011279450932863238
2019-08-22,37779,1498.8,71.93,107808.68400000001,34661.270918063885,3117.729081936115,0.01937999963760376,34773.641237037285,3005.3587629627145,True,False,0.004503008162175793,0.004802535200049439,0.011149965923613262
2019-08-23,38357,1526.85,71.513,109189.62405,35105.25312263893,3251.746877361067,0.01909999966621399,35218.252300944114,3138.747699055886,True,False,0.012727829122519201,0.015183647800065704,0.010937393072345482
2019-08-26,38415,1526.35,72.025,109935.35875,35345.01221727458,3069.9877827254168,0.019329999685287477,35459.45347158759,2955.5465284124075,True,False,0.006806504393364536,0.0015109678277136925,0.010885218340147211
2019-08-27,38644,1542.64,71.543,110365.09352000002,35483.175051039274,3160.824948960726,0.019429999589920043,35598.356241311565,3045.643758688435,True,False,0.00390135663036232,0.005943515335664789,0.010835055164721186
2019-08-28,38772,1539.1,71.829,110552.01389999998,35543.27130387255,3228.7286961274513,0.01940000057220459,35658.559648885595,3113.4403511144046,True,False,0.0016922222709561667,0.003306812975098262,0.010734518569158547
2019-08-29,38426,1527.7,71.69,109520.813,35211.732763193846,3214.267236806154,0.01940000057220459,35325.945728022096,3100.054271977904,True,False,-0.009371519979541592,-0.008964022820851913,0.010743632222508199
2019-08-30,38300,1520.25,71.453,108626.42325,34924.179995820414,3375.8200041795862,0.019329999685287477,35037.25866559158,3262.74133440842,True,False,-0.008199918338029607,-0.003284417622909347,0.010779377091345372
2019-09-03,39314,1547.0,72.17,111646.99,35895.314032182876,3418.685967817124,0.01909999966621399,36010.85631232178,3303.1436876782172,True,False,0.027427332758819797,0.026130793349006507,0.011154307425135738
2019-09-04,39337,1552.6,71.989,111770.1214,35934.90166701497,3402.098332985028,0.019049999713897706,36050.4232219402,3286.5767780598035,True,False,0.0011022558808960737,0.0005848622561855975,0.011152136784613582
2019-09-05,38504,1519.35,71.928,109283.80679999999,35135.533557316696,3368.466442683304,0.019199999570846556,35248.91992002927,3255.0800799707285,True,False,-0.022496044054756633,-0.02140341979098403,0.012099330034631841
2019-09-06,38551,1506.95,71.645,107965.43274999999,34711.666773835736,3839.3332261642645,0.01909999966621399,34823.39904961064,3727.6009503893583,True,False,-0.01213712173907642,0.0012199080093098973,0.012433776505036975
2019-09-09,38459,1498.95,71.778,107591.6331,34591.487485331236,3867.512514668764,0.019079999923706056,34702.77587486048,3756.224125139517,True,False,-0.003468223351580779,-0.0023893012275589625,0.012347730305390032
2019-09-10,38248,1486.4,71.875,106835.0,34348.22447634511,3899.775523654891,0.01912999987602234,34458.8718468847,3789.1281531153,True,False,-0.007057297215641589,-0.005501467458756943,0.012482353092498195
2019-09-11,37965,1497.6,71.577,107193.71519999999,34463.554005176265,3501.4459948237345,0.01912999987602234,34574.57289154543,3390.427108454569,True,False,0.00335203185745645,-0.007426588658605137,0.01248112677322769
2019-09-12,37747,1498.95,70.967,106375.98465,34200.64772453261,3546.3522754673904,0.018949999809265136,34310.312091355576,3436.687908644424,True,False,-0.007657776797479797,-0.005758680326762387,0.012626720181030705
2019-09-13,37517,1488.7,70.985,105675.3695,33975.39489125018,3541.60510874982,0.01899999976158142,34084.47705770176,3432.5229422982375,True,False,-0.006608000238516489,-0.006111838753247261,0.01245769927391723
2019-09-16,38161,1498.8,71.58,107284.10399999999,34492.61465751443,3668.3853424855697,0.019450000524520873,34604.63729741707,3556.3627025829264,True,False,0.015108650258863267,0.01701988810227536,0.01202631017599235
2019-09-17,37995,1503.1,71.49,107456.61899999999,34548.07947658624,3446.9205234137626,0.01937999963760376,34660.082833874534,3334.917166125466,True,False,0.001606728660528878,-0.0043594795657144175,0.012000426837409723
2019-09-18,37837,1493.9,71.145,106283.5155,34170.9182246371,3666.0817753629017,0.018799999952316283,34280.06463069141,3556.935369308587,True,False,-0.01097702387201462,-0.004167112264922256,0.010849993085536852
2019-09-19,37672,1499.2,71.375,107005.40000000001,34403.00930763419,3268.9906923658127,0.018830000162124633,34512.982144120164,3159.017855879836,True,False,0.006769102414405619,-0.0043703469155724995,0.010765137342209524
2019-09-20,37669,1517.15,71.075,107831.43625000001,34668.585930843794,3000.414069156206,0.01850000023841858,34778.464392060094,2890.535607939906,True,False,0.007689931904193454,-7.963791299788488e-05,0.01025346279593372
2019-09-23,37905,1522.12,70.799,107764.57388,34647.08919574967,3257.9108042503285,0.018450000286102296,34756.75668916622,3148.243310833779,True,False,-0.0006202561179428634,0.006245554480011643,0.0100540849377003
2019-09-24,38091,1532.3,70.971,108748.8633,34963.54535663189,3127.45464336811,0.018799999952316283,35075.22351797091,3015.7764820290904,True,False,0.009092241235928127,0.004895004247496819,0.010147282986248948
2019-09-25,37571,1504.15,70.988,106776.6002,34329.44851865546,3241.5514813445407,0.018450000286102296,34438.11059263642,3132.889407363582,True,False,-0.018302414230962696,-0.013745557542477799,0.010385842103141349
2019-09-26,37773,1505.8,70.964,106857.5912,34355.48771038629,3417.512289613711,0.017699999809265135,34462.107762180545,3310.8922378194547,True,False,0.0007582213628761355,0.0053620854743870305,0.010353023790078155
2019-09-27,37706,1496.94,70.509,105547.74246000001,33934.36187567316,3771.6381243268406,0.017300000190734865,34038.55589732062,3667.4441026793793,True,False,-0.012333638913446288,-0.0017753287032818582,0.010471169550891812
2019-09-30,36873,1472.25,70.645,104007.10124999999,33439.0345941775,3433.9654058224987,0.017699999809265135,33542.810492527016,3330.1895074729837,True,False,-0.014704207658526489,-0.022339657083437953,0.0107693582133937
2019-10-01,37377,1478.98,71.11,105170.2678,33813.00104489848,3563.998955101517,0.017530000209808348,33917.46360669418,3459.536393305818,True,False,0.011121456821903795,0.013575966083882415,0.010907252048724201
2019-10-03,38012,1505.0,71.03,106900.15000000001,34369.17067211086,3642.8293278891433,0.016649999618530274,34472.85800431022,3539.1419956897807,True,False,0.01631458632833969,0.016846357364232862,0.011198520133018851
2019-10-04,38002,1504.6,70.825,106563.295,34260.869355538765,3741.1306444612346,0.016549999713897704,34363.947512410945,3638.052487589055,True,False,-0.0031560933499932553,-0.00026310942872867466,0.011180883528989057
2019-10-07,37978,1493.6,70.975,106008.25999999998,34082.421592425286,3895.578407574714,0.016729999780654908,34185.46862070627,3792.5313792937304,True,False,-0.005222112256153783,-0.0006317452171151401,0.01117969166639034
2019-10-08,38242,1505.51,71.22,107222.4222,34472.78351310946,3769.2164868905384,0.016549999713897704,34576.49924051585,3665.500759484152,True,False,0.011388373474337035,0.0069273433675427236,0.011127340372796201
2019-10-09,38384,1505.7,71.12,107085.384,34428.72474158857,3955.275258411428,0.01628000020980835,34531.54158911284,3852.458410887157,True,False,-0.0012788915262377386,0.0037063180265710385,0.011039180221216319
2019-10-10,38120,1494.3,70.99,106080.35699999999,34105.60129888919,4014.398701110811,0.016330000162124634,34207.593759580384,3912.4062404196156,True,False,-0.009429605736005145,-0.006901627311337376,0.011108355219247487
2019-10-11,37839,1489.85,70.924,105666.1214,33972.421560274575,3866.5784397254247,0.016230000257492064,34073.73568929969,3765.2643107003096,True,False,-0.003912566873013714,-0.007398762012835528,0.01110307976805125
2019-10-14,38250,1492.9,71.237,106349.7173,34192.20258170302,4057.7974182969774,0.01618000030517578,34294.03121733945,3955.9687826605514,True,False,0.006448558495178876,0.01080324349937905,0.011092342995929379
2019-10-15,38067,1481.17,71.5,105903.655,34048.79032906265,4018.209670937351,0.01618000030517578,34150.191865158326,3916.8081348416745,True,False,-0.004203117734730367,-0.004795795189657593,0.01102643537784609
2019-10-16,38248,1489.77,71.364,106315.94628,34181.34495474786,4066.6550452521406,0.01615000009536743,34283.05672075969,3964.9432792403095,True,False,0.0038855204346738828,0.004743506240915064,0.009703199539530168
2019-10-17,38216,1491.89,71.13,106118.1357,34117.747423923356,4098.252576076644,0.01625,34219.551201016475,3996.448798983525,True,False,-0.0018623248711103935,-0.000836995236141539,0.00968949105298286
2019-10-18,38121,1490.1,71.09,105931.209,34057.64913916441,4063.3508608355914,0.01625,34159.27358928411,3961.7264107158917,True,False,-0.0017630495268336766,-0.0024889646971537564,0.008861253900900267
2019-10-21,37969,1484.5,70.925,105288.16249999999,33850.90504284084,4118.094957159163,0.01625,33951.91259027831,4017.0874097216874,True,False,-0.006088915824076863,-0.003995274075121628,0.008666706159548768
2019-10-22,38025,1488.05,70.81,105368.8205,33876.83717266546,4148.162827334541,0.01615000009536743,33977.642829677745,4047.357170322255,True,False,0.0007657757439882397,0.0014738008299711315,0.008656849194587278
2019-10-23,38124,1492.1,70.725,105528.77249999999,33928.2628964586,4195.7371035414035,0.01615000009536743,34029.22157849644,4094.778421503557,True,False,0.0015168691912888124,0.002600166930022772,0.008580788532623049
2019-10-24,38452,1503.65,70.965,106706.52225000001,34306.91795135596,4145.0820486440425,0.016230000257492064,34409.22963101091,4042.7703689890914,True,False,0.011098642579224697,0.008566705128190284,0.008811365440439521
2019-10-25,38362,1504.73,70.82,106564.97859999999,34261.410645104246,4100.589354895754,0.01625,34363.643098169545,3998.356901830455,True,False,-0.0013273566343157564,-0.0023433239040733887,0.008700518552356838
2019-10-28,38103,1492.69,70.745,105600.35405000001,33951.276882022925,4151.723117977075,0.016050000190734864,34052.024165124545,4050.975834875455,True,False,-0.009093202784025768,-0.006774367109204132,0.00877767654590059
2019-10-29,38110,1487.6,70.89,105455.96399999999,33904.854437603484,4205.145562396516,0.015950000286102294,34005.1844708335,4104.8155291665025,True,False,-0.0013682610770487092,0.00018369569547677455,0.008300709833425336
2019-10-30,38369,1495.4,70.952,106101.6208,34112.437764238755,4256.562235761245,0.015950000286102294,34213.382070628315,4155.617929371685,True,False,0.006103858722125393,0.0067731270058459594,0.008381642346185466
2019-10-31,38842,1513.36,70.98,107418.2928,34535.757326345905,4306.242673654095,0.014980000257492066,34635.19286835624,4206.807131643764,True,False,0.012333169935791675,0.012252293511644894,0.008449701177237295
2019-11-01,38652,1513.95,70.76,107127.10200000001,34442.13738003762,4209.862619962383,0.014850000143051148,34540.93430117097,4111.065698829028,True,False,-0.0027144929311953797,-0.004903615266197598,0.008378524255555336
2019-11-04,38734,1509.63,70.789,106865.19807000001,34357.93337405759,4376.066625942411,0.01503000020980835,34456.99852804621,4277.001471953787,True,False,-0.0024477895763962794,0.0021192471684781636,0.0082628989420279
2019-11-05,38458,1484.1,70.775,105037.1775,33770.211551754626,4687.788448245374,0.015180000066757203,33867.99965930396,4590.000340696039,True,False,-0.017253850168430507,-0.007151030577144801,0.008824136682015178
2019-11-06,38239,1490.46,71.01,105837.56460000001,34027.54178790169,4211.4582120983105,0.015149999856948853,34125.99089740408,4113.009102595919,True,False,0.007591150420281063,-0.0057107995147435255,0.008769878967990153
2019-11-07,37595,1468.07,71.047,104301.96929,33533.83679971707,4061.1632002829283,0.015180000066757203,33630.94043895508,3964.0595610449236,True,False,-0.01461526649309827,-0.016984874383661624,0.00854048621724507
2019-11-08,37705,1458.66,71.36,104089.9776,33465.67993955664,4239.320060443359,0.015099999904632568,33562.36553234802,4142.63446765198,True,False,-0.0020345485158138462,0.002921648824620016,0.008538343496655913
2019-11-11,37688,1455.9,71.57,104198.76299999999,33500.65523172633,4187.344768273673,0.015130000114440918,33597.524715215404,4090.4752847845957,True,False,0.0010445635186813024,-0.00045097025687032837,0.008264186735726051
2019-11-12,37740,1457.19,71.79,104611.67010000002,33633.40784799139,4106.592152008612,0.015329999923706055,33731.21567558962,4008.7843244103788,True,False,0.003954856393486235,0.0013787985426641665,0.007844236690983265
2019-11-13,38107,1463.19,72.15,105569.1585,33941.24728728278,4165.752712717222,0.01534999966621399,34040.006284563846,4066.993715436154,True,False,0.009111154714206612,0.009677452350627273,0.007755749432965729
2019-11-14,38269,1471.2,71.966,105876.3792,34040.020962271126,4228.979037728874,0.01527999997138977,34138.87094662036,4130.129053379642,True,False,0.0029059106144384405,0.004242176677144126,0.007153651960225095
2019-11-15,38002,1467.37,71.65,105137.0605,33802.32465799669,4199.675342003313,0.01527999997138977,33900.48438789562,4101.5156121043765,True,False,-0.007007342530123724,-0.007001379047835377,0.007240318528309337
2019-11-18,38228,1470.85,71.945,105820.30324999998,34021.99213914832,4206.007860851678,0.015230000019073486,34120.6495469779,4107.3504530221035,True,False,0.0064775661475882625,0.005929441483592947,0.007289291803562507
2019-11-19,38206,1472.38,71.83,105761.05540000001,34002.943527255775,4203.056472744225,0.015249999761581421,34101.60175433676,4104.398245663237,True,False,-0.0005600479354762646,-0.0005756600624731921,0.006961286208492517
2019-11-20,38155,1471.25,71.746,105556.30249999999,33937.11399038693,4217.886009613067,0.015199999809265136,34035.44134377898,4119.558656221023,True,False,-0.0019378717026492553,-0.0013357605998635638,0.006965006354860164
2019-11-21,37971,1464.4,71.75,105070.70000000001,33780.989277734014,4190.010722265986,0.015299999713897705,33879.14274206917,4091.857257930831,True,False,-0.004611026645445059,-0.004834100263175486,0.0068052168018314105
2019-11-22,37927,1462.29,71.792,104980.72368,33752.061240696385,4174.938759303615,0.015429999828338623,33850.4923408004,4076.5076591995967,True,False,-0.0008567075997563342,-0.0011594509718094246,0.006772360381934734
2019-11-25,37782,1454.97,71.689,104305.34432999999,33534.92189946469,4247.078100535313,0.015449999570846558,33632.77504233633,4149.224957663668,True,False,-0.006454148629089896,-0.0038304607719508847,0.00674410649260991
2019-11-26,37775,1461.6,71.48,104475.168,33589.52143649429,4185.478563505712,0.01565000057220459,33688.08767295541,4086.9123270445925,True,False,0.0016268156980590576,-0.0001852905758573513,0.006722062583838763
2019-11-27,37578,1454.35,71.26,103636.981,33320.03825935988,4257.961740640123,0.01565000057220459,33417.81371520181,4160.18628479819,True,False,-0.008055190782915842,-0.005228735387472444,0.0068092816407588136
2019-11-29,37961,1464.8,71.749,105097.93519999999,33789.74559133216,4171.254408667839,0.015399999618530273,33888.20302962756,4072.7969703724375,True,False,0.01399840604856811,0.010140544142906178,0.007324287374632936
2019-12-02,37915,1462.44,71.634,104760.42696000001,33681.23425337985,4233.765746620149,0.015379999876022338,33779.31998154044,4135.680018459563,True,False,-0.0032165364059588155,-0.0012125047613380908,0.00733894111821528
2019-12-03,38267,1477.34,71.74,105984.37159999998,34074.74129921069,4192.258700789309,0.015379999876022338,34173.97298968478,4093.0270103152216,True,False,0.011615550273625812,0.009241093827912425,0.0075714005889088425
2019-12-04,38188,1474.35,71.474,105377.6919,33879.689391869084,4308.310608130916,0.014980000257492066,33977.23597948227,4210.76402051773,True,False,-0.005740683603004652,-0.00206657584502449,0.007648019323623591
2019-12-05,38095,1475.7,71.252,105146.57639999999,33805.38408860739,4289.615911392611,0.014930000305175781,33902.57741016967,4192.422589830327,True,False,-0.0021956194856965626,-0.0024382902108137277,0.007652709816187725
2019-12-06,37748,1459.76,71.283,104056.07208,33454.779069879594,4293.220930120406,0.014800000190734863,33550.605884378,4197.394115622003,True,False,-0.010425433952376785,-0.009150545765886411,0.007573127666992619
2019-12-09,37638,1461.99,70.97,103757.43029999999,33358.76357966145,4279.236420338551,0.014980000257492066,33454.81031481753,4183.189685182471,True,False,-0.002874134569323128,-0.0029183158164253916,0.007581831651148562
2019-12-10,37604,1464.21,70.81,103680.71010000001,33334.09748099089,4269.902519009112,0.015149999856948853,33430.54030467544,4173.459695324556,True,False,-0.0007396923569612634,-0.0009037506263568113,0.007421879377299259
2019-12-11,37693,1474.85,70.71,104286.64349999999,33528.90944748983,4164.09055251017,0.015199999809265136,33626.05409358517,4066.9459064148323,True,False,0.0058272137825559145,0.0023639731050923455,0.007512296445503577
2019-12-12,37559,1469.43,70.57,103697.6751,33339.55185107785,4219.448148922151,0.015299999713897705,33436.422682380646,4122.577317619354,True,False,-0.005663599816505675,-0.0035613709039189496,0.0074696156140509696
2019-12-13,37776,1475.81,70.798,104484.39638,33592.4884273474,4183.511572652598,0.015230000019073486,33689.90035482162,4086.0996451783794,True,False,0.007558047813288558,0.0057609504256793615,0.007227869626261289
2019-12-16,37873,1476.25,70.915,104688.26875,33658.03486745864,4214.965132541358,0.015249999761581421,33755.69235538736,4117.307644612643,True,False,0.0019493219578230797,0.002564476811600213,0.007238159136131088
2019-12-17,37961,1476.45,71.035,104879.62574999999,33719.557525680386,4241.442474319614,0.015299999713897705,33817.53249496809,4143.467505031913,True,False,0.0018262058092275257,0.0023208597594796617,0.007246006365021913
2019-12-18,37932,1475.44,71.0,104756.24,33679.888115485395,4252.111884514605,0.015180000066757203,33777.414674246786,4154.585325753214,True,False,-0.0011771436515043469,-0.000764233892755906,0.006533230141596579
2019-12-19,38110,1479.15,71.18,105285.89700000001,33850.17666822062,4259.823331779378,0.015329999923706055,33948.614871649144,4161.385128350856,True,False,0.0050433511126285755,0.004681631864287941,0.006445924480084811
2019-12-20,38002,1478.2,71.06,105040.892,33771.40579034514,4230.594209654861,0.01527999997138977,33869.47573388387,4132.524266116132,True,False,-0.00232975658482711,-0.002837924965428709,0.005860502663252828
2019-12-23,38231,1485.52,71.22,105798.7344,34015.05759801951,4215.9424019804865,0.015199999809265136,34113.61078053346,4117.389219466539,True,False,0.007188835198304274,0.0060079149138376545,0.005978071144944978
2019-12-24,38624,1499.56,71.28,106888.6368,34365.469095117915,4258.530904882085,0.015379999876022338,34465.54743649985,4158.452563500148,True,False,0.010248957746913001,0.010227140080943121,0.006235374899768457
2019-12-26,38767,1511.55,71.3,107773.515,34649.96383043709,4117.036169562911,0.01534999966621399,34750.7849833769,4016.2150166231004,True,False,0.008244426925886582,0.0036955243567001676,0.0063570347060265455
2019-12-27,38978,1510.67,71.455,107944.92485,34705.073335798224,4272.926664201776,0.015180000066757203,34805.56851447567,4172.431485524328,True,False,0.0015892001276722593,0.005428015128011266,0.006171411388171769
2019-12-30,38823,1515.22,71.32,108065.4904,34743.8360313148,4079.1639686851995,0.014900000095367431,34843.64156458074,3979.358435419257,True,False,0.001116293974809398,-0.003984529892189672,0.006158407358744722
2019-12-31,38999,1517.39,71.355,108273.36345000002,34810.66871895446,4188.331281045539,0.015049999952316285,34911.09664426576,4087.903355734241,True,False,0.00192173629724686,0.00452315026762588,0.005987353535199733
2020-01-02,39220,1528.94,71.35,109089.86899999999,35073.18115324642,4146.81884675358,0.014950000047683716,35174.07731757321,4045.92268242679,True,False,0.007512856533240983,0.005650815992931632,0.006023011369301566
2020-01-03,39925,1551.65,71.77,111361.92050000001,35803.66212805633,4121.337871943673,0.014730000495910644,35906.01042691812,4018.9895730818826,True,False,0.0206134135410501,0.017815873332875886,0.006994394950013591
2020-01-06,40448,1565.96,71.867,112540.84732000002,36182.69561946405,4265.304380535948,0.014880000352859498,36286.57478848415,4161.425211515852,True,False,0.010530800726471319,0.013014504423316201,0.007138508051886184
2020-01-07,40635,1573.99,71.845,113083.31155,36357.10178918771,4277.898210812287,0.015,36461.84129262259,4173.1587073774135,True,False,0.004808574382921701,0.004612565680775927,0.007037972008180702
2020-01-08,40078,1555.81,71.51,111255.9731,35769.59927339367,4308.400726606327,0.014930000305175781,35872.439878760575,4205.560121239425,True,False,-0.01629120702447919,-0.013802208873215996,0.007809824257533878
2020-01-09,39806,1552.37,71.21,110544.26769999998,35540.78084459948,4265.2191554005185,0.015,35643.168646546284,4162.831353453716,True,False,-0.00641755698790762,-0.006809900634923485,0.007808471582573368
2020-01-10,39849,1562.28,70.96,110859.38879999999,35642.09455527512,4206.905444724878,0.014980000257492066,35744.71546950605,4104.284530493947,True,False,0.00284657731283256,0.0010796561214471809,0.007809979234026551
2020-01-13,39541,1548.3,70.71,109480.29299999999,35198.7052904014,4342.294709598602,0.015099999904632568,35300.39776139372,4240.602238606283,True,False,-0.012518070259689325,-0.007759202551098933,0.008046581518634249
2020-01-14,39443,1546.37,70.85,109560.31449999998,35224.43278087674,4218.567219123259,0.015299999713897705,35326.78028995229,4116.219710047713,True,False,0.0007306545071554954,-0.002481516517008725,0.007712290908552128
2020-01-15,39598,1556.19,70.72,110053.7568,35383.07804587908,4214.921954120917,0.015080000162124635,35485.244856424826,4112.755143575174,True,False,0.0044937296362093804,0.0039220201841385725,0.007682032795328147
2020-01-16,39676,1552.79,70.978,110213.92861999999,35434.574443390615,4241.425556609385,0.015180000066757203,35537.18203207347,4138.81796792653,True,False,0.0014543381424849768,0.001967858949240468,0.007447608499112825
2020-01-17,39920,1556.61,71.079,110642.28218999998,35572.29321137492,4347.706788625081,0.015230000019073486,35675.44620207677,4244.553797923232,True,False,0.0038790315703095537,0.00613098055951591,0.0073401362973661765
2020-01-21,39892,1558.02,71.17,110884.2834,35650.0983490604,4241.901650939602,0.01503000020980835,35752.88923709809,4139.11076290191,True,False,0.0021848513348551877,-0.0007016489036417498,0.007304997611184735
2020-01-22,39893,1558.91,71.08,110807.32280000001,35625.35496005273,4267.645039947267,0.015130000114440918,35728.36816114461,4164.631838855392,True,False,-0.0006943032657914092,2.5067368554243174e-05,0.006952285043112404
2020-01-23,40255,1563.33,71.4,111621.762,35887.203047888506,4367.796952111494,0.015149999856948853,35991.03256353845,4263.967436461549,True,False,0.007323168555155379,0.009033349843768313,0.006950217629118939
2020-01-24,40322,1570.65,71.33,112034.4645,36019.88988377514,4302.11011622486,0.014900000095367431,36123.36102365706,4198.63897634294,True,False,0.003690511772208531,0.0016630059555755245,0.006927458141870046
2020-01-27,40557,1581.95,71.45,113030.32750000001,36340.0670342566,4216.932965743399,0.015049999952316285,36444.90723618977,4112.092763810229,True,False,0.008849624949902947,0.005811166342858404,0.006997885607294705
2020-01-28,40200,1566.24,71.2,111516.288,35853.29239474657,4346.707605253432,0.015299999713897705,35957.4671075542,4242.532892445801,True,False,-0.013485506710380244,-0.00884139642540265,0.007450686352080675
2020-01-29,40321,1577.12,71.31,112464.42719999999,36158.12599868182,4162.874001318181,0.015199999809265136,36262.8883787143,4058.1116212857014,True,False,0.008466308026290868,0.003005429417885053,0.007474080236126819
2020-01-30,40897,1574.22,71.55,112635.44099999999,36213.10817110614,4683.8918288938585,0.01527999997138977,36318.26865793188,4578.731342068117,True,False,0.0015194485387261313,0.014184285682427857,0.007475491720309884
2020-01-31,41012,1590.2,71.555,113786.76100000001,36583.26587040044,4428.7341295995575,0.015099999904632568,36688.95847109801,4323.0415289019875,True,False,0.010169761734155356,0.002807996082556503,0.007605976190302007
2020-02-03,40633,1576.45,71.324,112438.7198,36149.86088382336,4483.139116176637,0.015180000066757203,36254.53972122369,4378.460278776307,True,False,-0.011917818902461404,-0.009284162467824137,0.008036223141084403
2020-02-04,40056,1552.55,71.115,110409.59324999999,35497.48203578375,4558.5179642162475,0.015379999876022338,35600.85699963318,4455.143000366821,True,False,-0.01821133489737914,-0.014302069312377017,0.008848837783386
2020-02-05,40213,1556.7,71.19,110821.473,35629.9043516003,4583.0956483997,0.015199999809265136,35733.136293995194,4479.863706004806,True,False,0.003723529727203684,0.003911851404869216,0.008825503113554
2020-02-06,40287,1566.85,71.225,111598.89124999999,35879.849936502316,4407.150063497684,0.015299999713897705,35984.10181444878,4302.8981855512175,True,False,0.00699055968656681,0.0018385098346351456,0.008821390602618391
2020-02-07,40563,1570.29,71.515,112299.28934999999,36105.032986641374,4457.967013358626,0.015180000066757203,36209.58201629016,4353.417983709842,True,False,0.006256418723445795,0.006827484777582783,0.00871872234813485
2020-02-10,40607,1572.3,71.29,112089.267,36037.509283521154,4569.490716478846,0.015199999809265136,36141.92219593597,4465.077804064029,True,False,-0.001871952961830617,0.0010841444945099306,0.008650080443065882
2020-02-11,40353,1567.72,71.285,111754.9202,35930.014371373,4422.985628627001,0.015379999876022338,36034.64894610159,4318.351053898412,True,False,-0.002987319463837422,-0.006274724144686398,0.00868524832478464
2020-02-12,40427,1565.63,71.306,111638.81278000001,35892.68499686531,4534.315003134689,0.01534999966621399,35997.122101076966,4429.877898923034,True,False,-0.0010394869086610145,0.0018321371799904767,0.008694503439552694
2020-02-13,40580,1576.39,71.33,112443.8987,36151.52593759545,4428.474062404552,0.015449999570846558,36257.01419378417,4322.985806215831,True,False,0.007185644789783295,0.0037774558231240046,0.008764815979428131
2020-02-14,40879,1584.7,71.529,113352.0063,36443.489092867356,4435.510907132644,0.01534999966621399,36549.528874192176,4329.471125807824,True,False,0.008043657800089588,0.007341149359054323,0.00877839933233684
2020-02-18,41311,1601.91,71.585,114672.72735,36868.11045380745,4442.8895461925495,0.01534999966621399,36975.385757783384,4335.614242216616,True,False,0.01158414526402982,0.010512324572709952,0.00823026579325781
2020-02-19,41463,1611.64,71.6,115393.424,37099.819634446285,4363.180365553715,0.015429999828338623,37208.013798774125,4254.9862012258745,True,False,0.006265145943211903,0.00367265496056634,0.008095252053439096
2020-02-20,41886,1619.7,71.68,116100.09600000002,37327.01978876976,4558.980211230242,0.015379999876022338,37435.722691059585,4450.2773089404145,True,False,0.00610534752864238,0.010150178926320055,0.008120627026708812
2020-02-21,42511,1643.7,71.88,118149.156,37985.80738502098,4525.192614979023,0.015180000066757203,38095.802556719034,4415.197443280966,True,False,0.017495144568811797,0.014811223754432194,0.007999390953120663
2020-02-24,43456,1660.72,71.935,119463.8932,38408.50489494752,5047.495105052483,0.01503000020980835,38519.24917081725,4936.750829182747,True,False,0.011066316615697541,0.021986065965479407,0.008001589385031895
2020-02-25,42675,1635.38,71.82,117452.9916,37761.985500024115,4913.014499975885,0.014900000095367431,37870.46100332242,4804.5389966775765,True,False,-0.01697599471649598,-0.018135663255726613,0.008761725980783184
2020-02-26,42349,1639.96,71.58,117388.3368,37741.19851463661,4607.801485363387,0.01478000044822693,37849.240996681736,4499.759003318264,True,False,-0.0005506254122650579,-0.007668460612111786,0.008343900288171884
2020-02-27,42193,1642.35,71.655,117682.58924999999,37835.802803543,4357.197196456997,0.013949999809265137,37941.52768105811,4251.472318941887,True,False,0.002503521882803907,-0.0036904775627518193,0.008338497094857537
2020-02-28,41763,1585.12,72.539,114983.01968,36967.87168003601,4795.128319963987,0.012300000190734864,37066.14417270817,4696.855827291831,True,False,-0.023206616010779026,-0.010243550431100845,0.009543420803832598
2020-03-02,42017,1590.73,72.882,115935.58386000001,37274.127947015615,4742.872052984385,0.011349999904632568,37370.296497884694,4646.703502115306,True,False,0.00825026280741434,0.006063518219588132,0.009623589298320656
2020-03-03,43100,1639.77,73.05,119785.1985,38511.80687060941,4588.193129390587,0.009179999828338623,38604.282750195365,4495.717249804635,True,False,0.03266540098320417,0.025448698815573958,0.011161853726408561
2020-03-04,43235,1635.83,73.54,120298.9382,38676.97789637822,4558.022103621777,0.00675000011920929,38762.10781627887,4472.892183721131,True,False,0.004279670378736648,0.003127355302691444,0.01116541741797547
2020-03-05,43874,1670.61,73.506,122799.85866,39481.041895606606,4392.958104393394,0.005950000286102295,39565.33995810368,4308.660041896321,True,False,0.0205760680611638,0.01467153709110217,0.011607938473514363
2020-03-06,44098,1674.23,74.004,123899.71692,39834.654273634806,4263.345726365194,0.004149999916553498,39913.80185897495,4184.198141025052,True,False,0.008916639151543,0.005092540446972444,0.011630013483974994
2020-03-09,44308,1680.2,74.196,124664.1192,40080.41513013005,4227.584869869948,0.0033000001311302186,40157.24541491824,4150.754585081762,True,False,0.006150570426317556,0.004750817704218099,0.011640227861954655
2020-03-10,43694,1649.36,74.15,122300.04400000001,39320.347870818405,4373.652129181595,0.0038999998569488525,39397.66402978473,4296.335970215267,True,False,-0.019145671848924753,-0.01395445475078537,0.012304787317190107
2020-03-11,43334,1635.03,73.682,120472.28046,38732.708685517704,4601.291314482296,0.0036800000071525573,38808.167618605614,4525.832381394386,True,False,-0.015057713672480539,-0.008273246619385624,0.0123789043927413
2020-03-12,42217,1577.09,74.576,117613.06383999999,37813.449881846085,4403.550118153915,0.0027300000190734865,37884.159724339836,4332.8402756601645,True,False,-0.024019572421992333,-0.026114562760352275,0.013236919195659147
2020-03-13,40382,1529.7,73.84,112953.04800000001,36315.22111659459,4066.778883405408,0.0024300000071525575,36382.23221592081,3999.7677840791875,True,False,-0.040427888427964784,-0.044438842395980595,0.015290178639573162
2020-03-16,39548,1514.61,74.003,112085.68383,36036.3572684746,3511.642731525397,0.0018500000238418578,36101.132764446054,3446.8672355539456,True,False,-0.007708614939650351,-0.020869017093295885,0.015232222661238599
2020-03-17,40279,1528.58,74.062,113209.69196,36397.73400421174,3881.265995788257,0.0016500000655651093,36462.5596869633,3816.440313036699,True,False,0.009978167123241536,0.018315117290814704,0.01519089245801709
2020-03-18,39764,1486.3,74.55,110803.665,35624.178950921916,4139.821049078084,3.0000000260770322e-05,35682.87538828533,4081.124611714673,True,False,-0.021481928741810857,-0.012868260975802652,0.015338802651601558
2020-03-19,39889,1471.0,74.786,110010.206,35369.07614898645,4519.923851013547,-0.00028000000864267347,35426.44960631447,4462.550393685531,True,False,-0.007186708076827948,0.0031386163136016415,0.015379671847940774
2020-03-20,40419,1498.24,75.399,112965.79776,36319.32025656277,4099.679743437227,-0.00032999999821186065,36378.08563995939,4040.9143600406096,True,False,0.02651195490021476,0.013199374778320184,0.016092801981241234
2020-03-23,41317,1553.81,76.335,118610.08634999998,38133.99982317102,3183.0001768289803,-0.00039999999105930326,38195.481638806275,3121.5183611937246,True,False,0.04875642985026063,0.021974066107986984,0.018339438699356263
2020-03-24,41873,1622.03,76.379,123889.02937,39831.2181490829,2041.7818509170975,-0.00032999999821186065,39895.66585320154,1977.3341467984574,True,False,0.0435447124285012,0.013367190260791162,0.01983731822027526
2020-03-25,42713,1613.79,76.375,123253.21125,39626.7980291607,3086.201970839298,-0.0007000000029802323,39689.70795700833,3023.2920429916703,True,False,-0.005145373135493929,0.0198620957373023,0.01986493379525423
2020-03-26,43631,1632.38,74.889,122247.30582,39303.3921648689,4327.607835131101,-0.0010499999672174453,39364.65624234251,4266.343757657487,True,False,-0.008194777520187983,0.021264583334126105,0.019961113261022626
2020-03-27,43590,1623.5,75.472,122528.79199999999,39393.892005722824,4196.107994277176,-0.0005799999833106995,39456.82134254874,4133.178657451259,True,False,0.0022999492727432476,-0.0009401406317256207,0.019945929667855453
2020-03-30,43883,1623.3,75.41,122413.05299999999,39356.681080907285,4526.318919092715,0.00013000000268220902,39421.85141642622,4461.148583573777,True,False,-0.0009450325534517318,0.006699235096843518,0.019932933109565884
2020-03-31,43225,1571.31,75.343,118387.20933,38062.343250759564,5162.656749240436,0.00029999999329447744,38125.90301952573,5099.096980474271,True,False,-0.033440319242330555,-0.015107969777790572,0.020901786905542008
2020-04-01,43578,1595.05,76.404,121868.20019999999,39181.50696866911,4396.493031330887,0.0006300000101327896,39248.0001335178,4329.999866482198,True,False,0.028979447223854555,0.00813340428273193,0.021499592110742028
2020-04-03,44298,1618.45,76.24,123390.628,39670.97850724195,4627.021492758053,0.0005799999833106995,39738.139024275515,4559.860975724485,True,False,0.012415025920197475,0.01638709345299733,0.021573697037753407
2020-04-07,45043,1648.95,75.645,124734.82274999999,40103.14683235006,4939.853167649941,0.0012800000607967378,40173.35026087885,4869.649739121152,True,False,0.010834905456704775,0.0166780597682085,0.021442936169404056
2020-04-08,44944,1646.52,75.945,125044.96139999999,40202.85864934814,4741.141350651858,0.0018500000238418578,40275.123448175626,4668.8765518243745,True,False,0.002483297921285341,-0.0022003187114042573,0.02137229199725158
2020-04-09,45279,1684.07,76.3,128494.541,41311.923416978796,3967.076583021204,0.0020999999344348905,41387.032173579224,3891.967826420776,True,False,0.02721305711366636,0.00742607848351301,0.021575240452146267
2020-04-13,46270,1714.32,76.249,130715.18567999998,42025.87672769945,4244.123272300552,0.0020000000298023225,42101.937470599856,4168.062529400144,True,False,0.01713438023751735,0.02165045407350732,0.02171616781506201
2020-04-15,46696,1716.6,76.564,131429.76239999998,42255.618306621436,4440.381693378564,0.0011500000208616258,42329.13750401825,4366.862495981753,True,False,0.005451781505732664,0.009164704982581614,0.02171777852914844
2020-04-16,47203,1718.4,76.805,131981.71200000003,42433.07409134021,4769.925908659789,0.0010999999940395355,42506.72735274171,4696.272647258287,True,False,0.004190784847671902,0.010798941992245592,0.021115770010554855
2020-04-17,45855,1684.69,76.55,128963.0195,41462.54263989582,4392.4573601041775,0.001030000001192093,41534.27233514757,4320.727664852428,True,False,-0.023137674812335935,-0.028973205882827924,0.021698051123427837
2020-04-20,45724,1694.12,76.575,129727.239,41708.24473130034,4015.755268699657,0.0007000000029802323,41779.26628176646,3944.7337182335395,True,False,0.00590839197126596,-0.0028609198473755672,0.020998630493646697
2020-04-21,45383,1687.02,76.975,129858.3645,41750.4025270468,3632.5974729532027,0.0009799999743700027,41822.45834284574,3560.541657154259,True,False,0.0010102679762258413,-0.007485738579096303,0.020998406823879302
2020-04-22,46189,1714.82,76.41,131029.39619999999,42126.89768032536,4062.102319674639,0.0009300000220537186,42199.42985574723,3989.5701442527716,True,False,0.008977343832188862,0.017604088915990978,0.020760472596339043
2020-04-23,46475,1731.59,75.895,131419.02305,42252.16552799524,4222.834472004761,0.0009300000220537186,42324.913383896856,4150.0866161031445,True,False,0.0029691711411982064,0.006172859107081016,0.020722109680369083
2020-04-24,46550,1729.43,76.27,131903.6261,42407.96891025126,4142.031089748743,0.0010000000149011613,42481.22943315136,4068.770566848638,True,False,0.0036806829846037408,0.0016124701155683515,0.02070980533455974
2020-04-27,46353,1715.57,76.229,130776.18552999999,42045.48862025174,4307.511379748263,0.0009300000220537186,42117.88062925853,4235.119370741471,True,False,-0.008584195993377978,-0.004240988886685254,0.020427882654627135
2020-04-28,46188,1708.63,76.065,129966.94095,41785.31064028164,4402.689359718359,0.0008500000089406968,41856.97946175754,4331.020538242461,True,False,-0.006207236902144817,-0.003565990746781421,0.02023252700286641
2020-04-29,45439,1712.38,75.455,129207.63290000001,41541.18761554166,3897.812384458339,0.0009000000357627869,41612.60873551488,3826.3912644851225,True,False,-0.0058594499543118805,-0.01634925696112552,0.019674819632491163
2020-04-30,44647,1685.05,75.08,126513.55399999999,40675.02178211455,3971.978217885451,0.0009000000357627869,40744.95371659605,3902.04628340395,True,False,-0.02107121910394434,-0.01758365131299459,0.018477966134486015
2020-05-01,45251,1700.41,75.749,128804.35709,41411.53152860611,3839.4684713938914,0.0009300000220537186,41482.83201914102,3768.1679808589834,True,False,0.017945192763712176,0.01343765353377048,0.018521551148107367
2020-05-04,45762,1701.69,75.64,128715.8316,41383.06994389699,4378.93005610301,0.0009000000357627869,41454.219214608194,4307.780785391806,True,False,-0.0006875227448178263,0.011229283060896768,0.018517803434217658
2020-05-05,45539,1707.17,75.71,129249.8407,41554.757728229946,3984.242271770054,0.0010999999940395355,41626.88645090616,3912.1135490938395,True,False,0.004140162200835271,-0.0048849507332700826,0.017868177274250878
2020-05-06,45387,1685.88,76.105,128303.89740000002,41250.630122012,4136.369877988,0.001080000028014183,41322.16302803173,4064.836971968267,True,False,-0.007345632491560968,-0.003343381246078915,0.0178719788444191
2020-05-07,46147,1717.94,75.794,130209.54436,41863.30938961853,4283.690610381469,0.000949999988079071,41935.45666553967,4211.54333446033,True,False,0.01474338406305141,0.016606232987991836,0.017511944327340285
2020-05-08,45820,1702.65,75.535,128609.66775000001,41348.93749899529,4471.062501004708,0.000949999988079071,41420.198305803984,4399.801694196016,True,False,-0.01236304658109581,-0.0071112763934498635,0.015672681414492736
2020-05-11,45785,1697.35,75.888,128808.49680000001,41412.862475284135,4372.137524715865,0.0010499999672174453,41484.57441810348,4300.4255818965175,True,False,0.0015447945554882012,-0.0007641504656540491,0.013642520771889087
2020-05-12,45635,1702.72,75.062,127809.56864,41091.69985371421,4543.3001462857865,0.0012300000339746475,41163.46464969156,4471.535350308441,True,False,-0.007785369310350027,-0.003281560590854873,0.013693934138756135
2020-05-13,45983,1715.99,75.365,129325.58635,41579.11050203353,4403.889497966469,0.0011500000208616258,41651.45266516083,4331.547334839168,True,False,0.011791738677308004,0.007596796996808527,0.013706779597869711
2020-05-14,46631,1730.65,75.495,130655.42175000001,42006.66219235778,4624.337807642223,0.0010499999672174453,42079.40237927356,4551.597620726439,True,False,0.010230339577977804,0.0139937930460331,0.013791443569204283
2020-05-15,47352,1743.0,75.83,132171.69,42494.15339109746,4857.846608902539,0.001030000001192093,42567.66776042105,4784.332239578951,True,False,0.011538269867294414,0.015343501376741732,0.013883151108253498
2020-05-18,46652,1732.32,75.7,131136.624,42161.37219284004,4490.627807159959,0.0010499999672174453,42234.38028093544,4417.619719064562,True,False,-0.007862048226873612,-0.014893258559620422,0.012290270518592763
2020-05-19,47036,1745.11,75.645,132008.84595,42441.79785233173,4594.202147668271,0.0011800000071525575,42515.74581072791,4520.254189272091,True,False,0.006629224089854244,0.00819746713236592,0.011326435614491868
2020-05-20,47129,1749.5,75.555,132183.4725,42497.94154998634,4631.058450013661,0.0011800000071525575,42571.987329682,4557.012670317999,True,False,0.0013219655776208093,0.001975256841452913,0.011177223392397549
2020-05-21,46417,1726.34,75.62,130545.8308,41971.42791004228,4445.572089957721,0.0010999999940395355,42044.27986850747,4372.720131492533,True,False,-0.01246654171298178,-0.015222751360578378,0.011371215559627798
2020-05-22,47057,1736.07,75.95,131854.5165,42392.17981899143,4664.820181008567,0.0010999999940395355,42465.762098108586,4591.237901891414,True,False,0.009974808069304675,0.013693861418866702,0.011474934679709397
2020-05-26,46393,1712.45,75.459,129219.76455,41545.088028678445,4847.911971321555,0.0011800000071525575,41617.47361544834,4775.52638455166,True,False,-0.020184611005657008,-0.014211047078493041,0.01110775801983978
2020-05-27,46647,1709.25,75.92,129766.26000000001,41720.790264761206,4926.209735238794,0.0013500000536441803,41794.06595217906,4852.9340478209415,True,False,0.00422027607144367,0.005460030761371366,0.01066996502364657
2020-05-28,46474,1719.4,75.66,130089.804,41824.81199864967,4649.188001350332,0.001379999965429306,41898.37369371488,4575.626306285121,True,False,0.0024901798496510395,-0.0037156001123678545,0.010629082772006575
2020-05-29,46858,1728.3,75.605,130668.12150000001,42010.74525374958,4847.254746250423,0.0012800000607967378,42084.28806983312,4773.711930166879,True,False,0.004435673025852759,0.008228735413027002,0.010632776968495563
2020-06-01,47018,1740.34,75.505,131404.3717,42247.45501310142,4770.544986898582,0.0012800000607967378,42321.41220655894,4696.58779344106,True,False,0.00561869067555563,0.0034087552713821757,0.009767030912952394
2020-06-02,46796,1727.97,75.1,129770.54699999999,41722.16856623853,5073.831433761472,0.0014499999582767487,41795.79019971899,5000.209800281009,True,False,-0.012511507774362034,-0.004732777930475308,0.009999655622187627
2020-06-03,46203,1698.63,75.325,127949.30475000001,41136.626022794866,5066.373977205134,0.0014800000190734863,41209.31603831317,4993.683961686831,True,False,-0.01413373906228977,-0.01275299814091689,0.010324451212220535
2020-06-04,46781,1711.84,75.459,129173.73456,41530.28905428649,5250.710945713508,0.0014000000059604645,41603.40113011301,5177.598869886991,True,False,0.0095241489745999,0.012432406539808136,0.010342215336877769
2020-06-05,46346,1685.83,75.56,127381.3148,40954.013149645536,5391.986850354464,0.0014499999582767487,41026.279320107664,5319.720679892336,True,False,-0.013973211040931193,-0.009342149188557266,0.010606824755620959
2020-06-08,46110,1695.47,75.4,127838.43800000001,41100.9815615606,5009.0184384394015,0.0015299999713897705,41173.7777987288,4936.222201271201,True,False,0.0035821967838069093,-0.005105142177074872,0.01060532836858423
2020-06-09,46595,1714.57,75.505,129458.60784999999,41621.87787548025,4973.122124519752,0.0016500000655651093,41696.00794770859,4898.992052291411,True,False,0.012593935999623728,0.010463393019004634,0.01078933512363964
2020-06-10,46629,1737.1,75.635,131385.5585,42241.406433359596,4387.593566640404,0.0016500000655651093,42316.63990839163,4312.360091608367,True,False,0.014774995594957837,0.000729425931251714,0.011072088254954999
2020-06-11,47405,1727.51,75.971,131240.66221,42194.82122912213,5210.178770877872,0.0015299999713897705,42269.55482663644,5135.445173363558,True,False,-0.0011034412657671198,0.016505043201051717,0.011013833537320368
2020-06-12,47325,1730.8,76.05,131627.34,42319.14093269246,5005.859067307538,0.0015000000596046448,42393.99018680858,4931.00981319142,True,False,0.0029419941997583044,-0.0016890112745359038,0.010235631079793832
2020-06-15,46999,1725.53,75.979,131104.04387,42150.89744562509,4848.102554374913,0.001550000011920929,42225.622659346605,4773.377340653395,True,False,-0.003983512089646229,-0.006912372207422668,0.009780371651302352
2020-06-16,47534,1727.46,76.25,131718.825,42348.55402125163,5185.445978748372,0.001599999964237213,42423.80398490758,5110.196015092421,True,False,0.004678301046836682,0.011318919571210959,0.009805237944468054
2020-06-17,47320,1727.04,76.29,131755.88160000002,42360.46798591799,4959.532014082011,0.0016500000655651093,42435.91351388808,4884.086486111919,True,False,0.0002812915191939271,-0.004512205348988817,0.009784775040233921
2020-06-18,47328,1722.99,76.4,131636.43600000002,42322.06536241902,5005.934637580976,0.0014000000059604645,42396.57132234305,4931.42867765695,True,False,-0.000906978679381958,0.00016904741820319695,0.009673554910444223
2020-06-19,47907,1743.62,76.26,132968.4612,42750.32108926648,5156.678910733521,0.001430000066757202,42825.686570461046,5081.313429538954,True,False,0.010068116395596712,0.012159544998450388,0.009477769889829487
2020-06-22,47912,1755.44,75.79,133044.79760000002,42774.863793463766,5137.136206536234,0.0014000000059604645,42850.166883241174,5061.833116758826,True,False,0.000573929302921253,0.00010436343532166854,0.009151668251724284
2020-06-23,48186,1767.54,75.503,133454.57262,42906.60942337679,5279.390576623213,0.0014000000059604645,42982.14444499727,5203.85555500273,True,False,0.0030752443625129506,0.005702527472218833,0.00915832270483923
2020-06-24,48105,1762.43,75.665,133354.26595000003,42874.36010416835,5230.6398958316495,0.0013500000536441803,42949.66184675991,5155.338153240089,True,False,-0.0007518991894218182,-0.0016824006211521828,0.00900968952478501
2020-06-25,47952,1761.82,75.587,133170.68834,42815.338576044494,5136.661423955506,0.0012999999523162842,42890.36039458143,5061.639605418568,True,False,-0.001377564359930881,-0.0031856112389205627,0.008805204182705499
2020-06-26,48363,1771.47,75.62,133958.5614,43068.64545790667,5294.35454209333,0.0013300000131130218,43144.21750847672,5218.782491523278,True,False,0.005898832459189774,0.008534547987663808,0.008682897240283443
2020-06-29,48194,1772.28,75.51,133824.8628,43025.66039191731,5168.339608082693,0.00125,43100.87361310993,5093.126386890071,True,False,-0.000998557782348704,-0.0035005265816608596,0.00844838681995802
2020-06-30,48861,1781.66,75.545,134595.50470000002,43273.42733132928,5587.57266867072,0.0013500000536441803,43349.429969690325,5511.570030309675,True,False,0.005742068119506171,0.013745000279223093,0.008353399023523419
2020-07-01,48400,1770.32,75.49,133641.45679999999,42966.69403764849,5433.305962351507,0.0012999999523162842,43041.98106399069,5358.018936009314,True,False,-0.0071135008219156024,-0.009479718536947436,0.008403223936877365
2020-07-02,48437,1776.13,74.75,132765.7175,42685.13752471587,5751.862475284128,0.0013300000131130218,42760.03663838222,5676.963361617782,True,False,-0.0065744659968919004,0.0007641707570562814,0.00849681320038122
2020-07-06,48247,1783.9,74.635,133141.3765,42805.91460768081,5441.08539231919,0.0012800000607967378,42880.84942462504,5366.150575374959,True,False,0.002825492500172797,-0.003930334793468539,0.008166315064465579
2020-07-07,48796,1795.26,74.81,134303.4006,43179.51375247159,5616.48624752841,0.0014000000059604645,43255.52920903381,5540.470790966188,True,False,0.008689879271641035,0.011314692600317191,0.008118987883611711
2020-07-08,49160,1810.78,74.945,135708.90709999998,43631.39424823572,5528.605751764277,0.0013500000536441803,43708.02559644965,5451.974403550354,True,False,0.010410778727243181,0.007431942411342937,0.0072963127470256845
2020-07-09,48896,1803.19,75.155,135518.74445,43570.25558216921,5325.744417830792,0.0012300000339746475,43646.34906366709,5249.65093633291,True,False,-0.0014022366825246493,-0.005384691153778776,0.007299780315349308
2020-07-10,48883,1798.89,75.195,135267.53355,43489.48946260067,5393.510537399328,0.0011999999731779098,43565.334467999484,5317.665532000516,True,False,-0.0018554187747118391,-0.00026590576865377294,0.007321426178537364
2020-07-13,49180,1803.39,75.212,135636.56868000003,43608.13692349736,5571.863076502639,0.00125,43684.368372784804,5495.631627215196,True,False,0.0027244722780752403,0.006057349012644886,0.007302804363942163
2020-07-14,49277,1807.78,75.406,136317.45868,43827.047978523326,5449.952021476674,0.0013300000131130218,43903.95078916328,5373.049210836718,True,False,0.005007400915018297,0.0019704039607842997,0.0072910203155188225
2020-07-15,49182,1811.9,75.125,136118.98750000002,43763.238060025404,5418.761939974596,0.00125,43839.740641841265,5342.259358158735,True,False,-0.001457009279732651,-0.001929737849882319,0.006838204358199669
2020-07-16,48811,1797.05,75.18,135102.219,43436.33964023342,5374.660359766582,0.001030000001192093,43511.48398032624,5299.516019673763,True,False,-0.007497741613563618,-0.007572005604761563,0.006405617403159959
2020-07-17,49001,1809.9,74.898,135557.8902,43582.8412236565,5418.158776343502,0.0010499999672174453,43658.31077661485,5342.689223385147,True,False,0.003367113327924739,0.003885008771461195,0.006246706729348114
2020-07-20,49067,1816.09,74.75,135752.7275,43645.482823476465,5421.517176523535,0.0010499999672174453,43721.06084879234,5345.939151207662,True,False,0.0014362676635756742,0.0013460050162033858,0.005511613980990327
2020-07-21,49559,1842.22,74.54,137319.07880000002,44149.07608468501,5409.92391531499,0.0010999999940395355,44225.70789869171,5333.292101308289,True,False,0.011472209455463702,0.009977167912969924,0.0057660815763144555
2020-07-22,50115,1872.07,74.61,139675.1427,44906.567653158,5208.432346841997,0.0010000000149011613,44984.1445499644,5130.855450035597,True,False,0.017012056853412776,0.011156485482008077,0.006083510528697121
2020-07-23,50762,1887.44,74.815,141208.8236,45399.65714469433,5362.342855305673,0.001030000001192093,45478.19800022761,5283.8019997723895,True,False,0.010920496189593981,0.012827678696385129,0.005852332617202378
2020-07-24,51120,1901.46,74.76,142153.1496,45703.26477727587,5416.735222724128,0.0009799999743700027,45782.14272404701,5337.8572759529925,True,False,0.006665181536384161,0.007027766896064604,0.005863670753130204
2020-07-27,52227,1942.42,74.8,145293.016,46712.754513157684,5514.245486842316,0.0009300000220537186,46793.18240819277,5433.81759180723,True,False,0.02184750862273926,0.021423792475411298,0.006830894255414473
2020-07-28,52731,1959.5,74.909,146784.18550000002,47192.17628241195,5538.8237175880495,0.001030000001192093,47273.818174285385,5457.181825714615,True,False,0.010210878824853858,0.009603915354180353,0.006801058121072996
2020-07-29,53207,1970.73,74.948,147702.27203999998,47487.34773900043,5719.652260999574,0.0009000000357627869,47568.9919999076,5638.008000092399,True,False,0.006235190046317966,0.008986448740345732,0.006814188999973931
2020-07-30,52986,1960.5,74.876,146794.39800000002,47195.459674956204,5790.540325043796,0.0008500000089406968,47276.4078101283,5709.592189871699,True,False,-0.006165617532666719,-0.004162238924496573,0.007027866106791669
2020-07-31,53582,1975.89,74.918,148029.72702000002,47592.62688121916,5989.373118780837,0.0008299999684095383,47674.177856080336,5907.822143919664,True,False,0.008380157148709967,0.01118546306604952,0.007026912125293135
2020-08-03,53927,1977.25,75.185,148659.54125,47795.116707122994,6131.883292877006,0.0007800000160932541,47876.817898329704,6050.182101670296,True,False,0.004245621553630742,0.006418089355597608,0.006930776957300656
2020-08-04,54784,2018.52,75.061,151512.12972000003,48712.24451267543,6071.755487324568,0.0009000000357627869,48795.99471961951,5988.0052803804865,True,False,0.0190069525112031,0.01576690038290954,0.0074407246171207374
2020-08-05,55597,2040.4,74.798,152617.83920000002,49067.738100213806,6529.261899786194,0.000949999988079071,49152.30149692463,6444.698503075371,True,False,0.0072713278188097,0.01473106244700501,0.007455696445870268
2020-08-06,56117,2063.81,74.9,154579.369,49698.38410468275,6418.615895317249,0.0008799999952316285,49783.747929611,6333.252070388997,True,False,0.01277066591998467,0.009309553960990178,0.007537272836960162
2020-08-07,55018,2035.03,75.025,152678.12575,49087.12066166187,5930.879338338127,0.0008799999952316285,49171.4345573726,5846.565442627398,True,False,-0.012375727514601689,-0.01977839250956578,0.008100717371771121
2020-08-10,55243,2027.77,74.875,151829.27875,48814.21021749964,6428.78978250036,0.0008799999952316285,48898.05535190563,6344.944648094373,True,False,-0.005575228622968483,0.0040812311208551855,0.008303494634059248
2020-08-11,52144,1911.64,74.62,142646.5768,45861.90518751909,6282.094812480907,0.0010000000149011613,45941.13244696044,6202.867553039563,True,False,-0.062386643328462534,-0.0577325134433556,0.014712726631189235
2020-08-12,52505,1918.07,74.795,143462.04565,46124.08431526998,6380.915684730018,0.0010000000149011613,46203.764493832095,6301.2355061679045,True,False,0.00570042979642237,0.0068992810627510675,0.014712375890657438
2020-08-13,53148,1954.0,74.812,146182.648,46998.77762952722,6149.22237047278,0.0009000000357627869,47079.58189941808,6068.418100581919,True,False,0.018786343569284436,0.012172071571104734,0.014910047827022684
2020-08-14,52451,1944.29,74.903,145633.15387,46822.111296156385,5628.888703843615,0.0008799999952316285,46902.53472608194,5548.46527391806,True,False,-0.0037660385485430636,-0.013201074291574461,0.014856647280752717
2020-08-17,53435,1986.2,74.744,148456.53280000002,47729.84802353434,5705.151976465662,0.0008500000089406968,47811.71272442214,5623.287275577859,True,False,0.01920139198497444,0.018586561539373127,0.015144886715150923
2020-08-18,53738,2001.2,74.575,149239.49000000002,47981.57442088511,5756.42557911489,0.0010000000149011613,48064.46344674446,5673.536553255537,True,False,0.005260124054949382,0.0056544242916694515,0.015118290603111467
2020-08-19,52824,1929.82,74.847,144441.23753999997,46438.90158342308,6385.098416576919,0.000949999988079071,46518.93444023408,6305.065559765921,True,False,-0.03267956681193058,-0.01715475337625933,0.016430547164667287
2020-08-20,52302,1943.6,75.013,145795.2668,46874.231774559135,5427.768225440865,0.0008799999952316285,46954.74472859043,5347.255271409573,True,False,0.009330591177973566,-0.009931021634776195,0.016468943663801264
2020-08-21,52045,1940.16,74.922,145360.66752,46734.5049656791,5310.495034320898,0.0008799999952316285,46814.77791965675,5230.22208034325,True,False,-0.0029853391364763364,-0.004925882290062305,0.016480385573436195
2020-08-24,51385,1933.09,74.169,143375.35220999998,46096.211747874026,5288.788252125974,0.0008500000089406968,46175.27448834074,5209.725511659257,True,False,-0.013751984250822575,-0.012762427890395313,0.016741629113896008
2020-08-25,50936,1928.19,74.223,143116.04637,46012.84304660247,4923.156953397527,0.000949999988079071,46092.141633637315,4843.858366362685,True,False,-0.0018102177733426577,-0.008776358362312211,0.016743557686489195
2020-08-26,51619,1954.03,74.222,145032.01466,46628.84069638464,4990.159303615357,0.0009300000220537186,46709.124112428544,4909.875887571456,True,False,0.013298694570375915,0.013319879051793607,0.016866261937012933
2020-08-27,50507,1929.2,73.904,142575.5968,45839.084604626485,4667.915395373515,0.000949999988079071,45918.08373616105,4588.9162638389535,True,False,-0.017082145907573256,-0.02177788122983127,0.01714311023887958
2020-08-28,51050,1964.89,73.115,143662.93235,46188.670840902145,4861.329159097855,0.000949999988079071,46268.27244976147,4781.727550238531,True,False,0.007597445273453001,0.01069360407398782,0.01717386101544418
2020-08-31,51099,1970.15,73.257,144327.27855000002,46402.26294468469,4696.737055315309,0.000949999988079071,46482.23265842322,4616.767341576779,True,False,0.0046136802800723345,0.000959382935875302,0.01718047124303879
2020-09-01,51017,1970.49,73.004,143853.65196000002,46249.9885736332,4767.0114263668,0.0010000000149011613,46329.88625404792,4687.113745952083,True,False,-0.003287011500733879,-0.001606017032103743,0.0171122925719486
2020-09-02,50577,1942.98,73.269,142360.20162,45769.83349783786,4807.1665021621375,0.0010000000149011613,45848.901701792616,4728.098298207384,True,False,-0.010436000044116774,-0.008661983012672271,0.016990405227243308
2020-09-03,50768,1930.85,73.391,141707.01235,45559.82842766891,5208.171572331092,0.0010000000149011613,45638.53384411821,5129.46615588179,True,False,-0.004598844140318426,0.0037693073390659515,0.016902465071639384
2020-09-04,50728,1932.85,73.291,141660.50934999998,45544.87737714404,5183.122622855961,0.001030000001192093,45623.66946191593,5104.330538084068,True,False,-0.000328216869304616,-0.0007882084431092935,0.016857210912419384
2020-09-08,51433,1931.26,73.75,142430.425,45792.41082193322,5640.589178066781,0.001080000028014183,45871.819650599675,5561.180349400325,True,False,0.005420218963988635,0.013801963400874155,0.01637920177167669
2020-09-09,51486,1946.66,73.31,142709.6446,45882.181940939125,5603.818059060875,0.0010499999672174453,45961.633111689254,5524.366888310746,True,False,0.0019584738801534333,0.0010299362544343306,0.016259135577656982
2020-09-10,51832,1954.07,73.44,143506.9008,46138.505570112684,5693.494429887316,0.001030000001192093,46218.32462444947,5613.675375550527,True,False,0.005571014497910771,0.006697793094617315,0.016249480217750883
2020-09-11,51393,1941.5,73.44,142583.76,45841.709132412754,5551.290867587246,0.001030000001192093,45921.014732516574,5471.985267483426,True,False,-0.006453506740213442,-0.00850574273122502,0.016252744825258566
2020-09-14,51759,1956.37,73.385,143568.21245,46158.217708617995,5600.7822913820055,0.0010000000149011613,46237.9568532261,5521.043146773904,True,False,0.006880653839368728,0.007096353651405377,0.016225280146613646
2020-09-15,51818,1955.52,73.61,143945.8272,46279.62357933994,5538.376420660061,0.0010000000149011613,46359.57245475573,5458.427545244267,True,False,0.0026267584538391584,0.0011392491843032055,0.016209848190270847
2020-09-16,51876,1959.32,73.545,144098.1894,46328.60912759014,5547.390872409858,0.0010000000149011613,46408.6426264145,5467.3573735855025,True,False,0.0010579092460132283,0.0011186762213553003,0.015768339708018567
2020-09-17,51498,1942.6,73.61,142994.786,45973.8569614352,5524.143038564798,0.0008500000089406968,46052.70984290574,5445.290157094263,True,False,-0.00768676998433378,-0.007313283509357145,0.015712175213880797
2020-09-18,51764,1949.69,73.54,143380.20260000002,46097.77118330735,5666.228816692652,0.0008299999684095383,46176.76069124748,5587.23930875252,True,False,0.0026916933953367124,0.0051519549952856614,0.015487823961994213
2020-09-21,50512,1912.57,73.58,140726.9006,45244.715417879015,5267.284582120985,0.0007999999821186065,45322.1314433975,5189.8685566025015,True,False,-0.01867872441948409,-0.02448399514378783,0.015668018807257933
2020-09-22,50454,1899.28,73.52,139635.0656,44893.68257591589,5560.317424084111,0.0008799999952316285,44970.79366370745,5483.206336292547,True,False,-0.007788791999853183,-0.0011489017368199379,0.015687143584275576
2020-09-23,49576,1863.55,73.58,137120.009,44085.073705531526,5490.926294468474,0.0008799999952316285,44160.79589613276,5415.20410386724,True,False,-0.01817582454730025,-0.017555184419009603,0.011381155141652258
2020-09-24,49959,1868.04,73.91,138066.8364,44389.48555628788,5569.51444371212,0.0009300000220537186,44465.91335255446,5493.08664744554,True,False,0.00688136916501005,0.007695823384437233,0.011408274080536502
2020-09-25,49539,1860.05,73.685,137057.78425,44065.06799877827,5473.932001221729,0.0009000000357627869,44140.8283871739,5398.171612826103,True,False,-0.007335269900957434,-0.0084424308952827,0.010805001510241686
2020-09-28,49928,1880.85,73.765,138740.90025,44606.20195476393,5321.798045236072,0.0008799999952316285,44682.81925496347,5245.18074503653,True,False,0.0122055469425904,0.00782172948278088,0.0111116776672633
2020-09-29,50607,1897.69,73.76,139973.61440000002,45002.52846142718,5604.47153857282,0.0008500000089406968,45079.71535148124,5527.284648518762,True,False,0.008845769583393327,0.01350793901454218,0.010591343882335267
2020-09-30,50232,1885.44,73.57,138711.8208,44596.852701464464,5635.147298535536,0.0008500000089406968,44673.343789496896,5558.656210503104,True,False,-0.009055386919250862,-0.0074376328344757285,0.010577247968708986
2020-10-01,50345,1905.05,73.218,139483.9509,44845.098107929975,5499.9018920700255,0.0008299999684095383,44921.94113400571,5423.058865994288,True,False,0.005550997974950652,0.002247035555769937,0.008992438799231003
2020-10-05,50809,1912.9,73.117,139865.5093,44967.77189062325,5841.228109376752,0.0008500000089406968,45044.89916732444,5764.100832675562,True,False,0.0027317657031436645,0.00917419487926076,0.008805645444564605
2020-10-06,50617,1877.13,73.441,137858.30433,44322.44098895623,6294.55901104377,0.0008799999952316285,44398.57089058451,6218.4291094154905,True,False,-0.014454935594395486,-0.003786015998710767,0.009120913469475645
2020-10-07,50133,1887.22,73.335,138399.2787,44496.36815792435,5636.631842075651,0.0008799999952316285,44572.79680343877,5560.203196561233,True,False,0.003916454024895028,-0.009608014358772798,0.008887758332725863
2020-10-08,50239,1893.09,73.3,138763.497,44613.46697317022,5625.533026829777,0.0008799999952316285,44690.09675204026,5548.903247959737,True,False,0.0026281921064618633,0.0021121436138928705,0.008913764977249501
2020-10-09,50872,1929.43,73.02,140886.9786,45296.18165158262,5575.818348417379,0.0009300000220537186,45374.17055592645,5497.829444073548,True,False,0.015186975164974682,0.012521056461858596,0.00902440943400425
2020-10-12,51166,1921.95,73.364,141001.93980000002,45333.14250807788,5832.857491922121,0.0009000000357627869,45411.08307732201,5754.916922677992,True,False,0.0008156489941216922,0.005762574993192238,0.008498570092875992
2020-10-13,50306,1890.82,73.41,138805.0962,44626.84141656084,5679.158583439159,0.0009300000220537186,44703.67788134665,5602.322118653348,True,False,-0.015702884193332385,-0.016950894672176624,0.008804519645145467
2020-10-14,50614,1900.89,73.255,139249.69695,44769.78377031524,5844.21622968476,0.0010000000149011613,44847.12437052364,5766.875629476359,True,False,0.0031979389663977387,0.006103863580385891,0.00877632925351774
2020-10-15,50775,1907.82,73.435,140100.7617,45043.407237127656,5731.592762872344,0.000949999988079071,45121.03509736489,5653.964902635111,True,False,0.006093187655607473,0.003175889599940201,0.008865821447330901
2020-10-16,50605,1898.97,73.444,139467.95268000002,44839.95456459884,5765.04543540116,0.0009000000357627869,44917.047203456226,5687.952796543774,True,False,-0.00452704518202354,-0.0033537218255838513,0.008710505896853285
2020-10-19,50751,1904.27,73.36,139697.24719999998,44913.67440963235,5837.325590367647,0.0009000000357627869,44990.89379387664,5760.106206123361,True,False,0.0016427160094556442,0.002880936520400004,0.008688291474254168
2020-10-20,50937,1906.39,73.45,140024.34550000002,45018.83887665376,5918.161123346239,0.000949999988079071,45096.42439575008,5840.57560424992,True,False,0.0023387429331954345,0.0036582528407200178,0.008703488056682685
2020-10-21,51313,1924.49,73.6,141642.46399999998,45539.0756667256,5773.924333274401,0.0009000000357627869,45617.3702936574,5695.629706342603,True,False,0.011489719388504007,0.007354556377560593,0.008911205681290559
2020-10-22,50741,1904.04,73.67,140270.6268,45098.020094201616,5642.979905798384,0.0008500000089406968,45175.3707684343,5565.629231565697,True,False,-0.009732418061564932,-0.011209869085705943,0.009068480252401166
2020-10-23,50820,1900.79,73.842,140358.13517999998,45126.15467069622,5693.845329303782,0.0008299999684095383,45203.4792931491,5616.520706850897,True,False,0.0006236594012596733,0.0015557155981788034,0.00899757418095681
2020-10-26,50953,1901.69,73.97,140668.0093,45225.78143938785,5727.218560612149,0.0007999999821186065,45303.16506789934,5649.834932100661,True,False,0.002205305461237299,0.0026136612994160616,0.008946695069424195
2020-10-27,50984,1906.83,73.624,140388.45192,45135.901721671195,5848.0982783288055,0.0009000000357627869,45213.50317788852,5770.496822111483,True,False,-0.0019893331822435152,0.0006082188205588098,0.008842003477050192
2020-10-28,50483,1877.06,74.19,139259.0814,44772.8009388011,5710.199061198902,0.0009000000357627869,44849.77812147054,5633.221878529461,True,False,-0.008077143728892894,-0.009875212067876135,0.008916835366435408
2020-10-29,50276,1867.13,74.38,138877.1294,44650.00061086373,5625.999389136268,0.0008299999684095383,44726.50933324326,5549.490666756741,True,False,-0.0027465121423814547,-0.0041088198815258424,0.008912089834561017
2020-10-30,50641,1877.95,74.567,140033.09764999998,45021.65275612069,5619.347243879311,0.0008299999684095383,45098.79831232809,5542.2016876719135,True,False,0.008289225398592955,0.0072336988137425996,0.008989953670332632
2020-11-02,51032,1895.1,74.51,141203.901,45398.074493224245,5633.925506775755,0.0008299999684095383,45475.865056056224,5556.134943943776,True,False,0.008326145702107867,0.007691362063320529,0.009121104167863438
2020-11-03,51509,1908.36,74.625,142411.365,45786.282894208045,5722.717105791955,0.0009000000357627869,45865.00254069431,5643.99745930569,True,False,0.008514854030189988,0.009303662743314853,0.008588942811512658
2020-11-04,50829,1903.21,74.368,141537.92127999998,45505.46442683299,5323.535573167013,0.0008299999684095383,45583.43900459228,5245.560995407723,True,False,-0.006152130095722553,-0.013289491838889984,0.008540217395859003
2020-11-05,51901,1948.56,73.925,144047.29799999998,46312.24717475524,5588.752825244759,0.0008500000089406968,46391.68045224094,5509.319547759063,True,False,0.017574027887973066,0.020870999964877943,0.008343382957211378
2020-11-06,52190,1951.51,73.976,144364.90376,46414.359721574736,5775.640278425264,0.0008299999684095383,46493.891710685115,5696.108289314885,True,False,0.0022024441854238646,0.005552847846364919,0.008285613529403707
2020-11-09,49795,1861.86,74.035,137842.8051,44317.45787451573,5477.542125484273,0.0008799999952316285,44393.579216958104,5401.420783041896,True,False,-0.04623020574525252,-0.046976328271719006,0.011947518470272504
2020-11-10,50561,1876.5,74.29,139405.185,44819.774301927435,5741.225698072565,0.0009000000357627869,44896.83224517201,5664.167754827991,True,False,0.01127075033777785,0.015265950740420276,0.011916279747378822
2020-11-11,50230,1864.71,74.462,138850.03602,44641.289893420355,5588.710106579645,0.0009000000357627869,44718.04097118792,5511.959028812082,True,False,-0.003990219587241685,-0.00656807036206967,0.011823710139178599
2020-11-12,50652,1875.76,74.685,140091.1356,45040.31237642066,5611.687623579339,0.0008500000089406968,45117.56407223102,5534.43592776898,True,False,0.008898706223187555,0.008366258826408558,0.011818005214808604
2020-11-13,50956,1888.04,74.582,140813.79927999998,45272.653971417996,5683.346028582004,0.0008299999684095383,45350.22962352764,5605.770376472363,True,False,0.005145265779044051,0.00598379865917846,0.01181205477553969
2020-11-16,50870,1888.52,74.38,140468.1176,45161.51481344543,5708.485186554572,0.0007500000298023224,45238.60256619813,5631.397433801867,True,False,-0.00245790314474888,-0.001689156412866745,0.011813461696441556
2020-11-17,50806,1878.6,74.48,139918.128,44984.689182889386,5821.310817110614,0.0007999999821186065,45061.66029020124,5744.339709798762,True,False,-0.003923090479804547,-0.001258900988481731,0.011517465003719694
2020-11-18,50377,1871.41,74.12,138708.90920000002,44595.916601025616,5781.083398974384,0.0007500000298023224,44672.038914613215,5704.961085386785,True,False,-0.008679892691499868,-0.008479736134207006,0.011617578070757516
2020-11-19,50063,1867.37,74.11,138390.79069999998,44493.63920459112,5569.36079540888,0.0005999999865889549,44569.03745252156,5493.962547478441,True,False,-0.0022960590709546046,-0.0062525094176762944,0.01161503978814689
2020-11-20,50279,1870.49,74.12,138640.7188,44573.99289469031,5705.007105309691,0.0005799999833106995,44649.453912333505,5629.546087666495,True,False,0.00180433026016955,0.004305282606249516,0.011259643151709738
2020-11-23,49555,1835.85,74.26,136330.221,43831.15115662224,5723.84884337776,0.0007000000029802323,43905.78763039171,5649.212369608293,True,False,-0.016805791781550818,-0.014504331041886368,0.011639921223988173
2020-11-24,48683,1807.51,74.079,133898.53329,43049.345986786044,5633.654013213956,0.0007999999821186065,43123.0056227609,5559.994377239098,True,False,-0.017997739397591615,-0.017753270686687826,0.011746096822002608
2020-11-25,48568,1805.3,73.789,133211.2817,42828.38963460703,5739.610365392968,0.0007999999821186065,42901.67120294591,5666.328797054091,True,False,-0.0051458468985525535,-0.0023650153438510902,0.01173715961312332
2020-11-27,48189,1788.13,73.935,132205.39155,42504.98868294565,5684.011317054348,0.000729999989271164,42577.47192873509,5611.528071264911,True,False,-0.0075797420982346335,-0.00783409858439414,0.011698438389901642
2020-11-30,47898,1777.02,74.0,131499.48,42278.0330187921,5619.966981207901,0.0007500000298023224,42350.19885666725,5547.801143332748,True,False,-0.005353812631498007,-0.006057029352021991,0.011705730440527315
2020-12-01,48641,1814.87,73.5,133392.94499999998,42886.795698233305,5754.204301766695,0.0007999999821186065,42960.177202338615,5680.822797661385,True,False,0.014296348788657532,0.015393046765383443,0.012062593570049851
2020-12-02,48959,1831.01,73.77,135073.6077,43427.14090054174,5531.859099458263,0.0007500000298023224,43501.26819043285,5457.731809567151,True,False,0.012520626044085876,0.00651641650177941,0.012316046292887416
2020-12-03,49061,1840.36,73.87,135947.3932,43708.06925265645,5352.930747343547,0.0007500000298023224,43782.6760688752,5278.3239311248035,True,False,0.006448124127942613,0.0020812086679686793,0.012170461215966405
2020-12-04,49322,1837.61,73.776,135571.51536,43587.2218110502,5734.7781889498,0.0007500000298023224,43661.62234858813,5660.377651411873,True,False,-0.0027687064750551095,0.005305807147510936,0.012071432207470508
2020-12-07,49923,1863.69,73.779,137501.18451,44207.624386323085,5715.375613676915,0.0007000000029802323,44282.901925489925,5640.098074510075,True,False,0.014133241964694182,0.012111589434957716,0.012387186639742849
2020-12-08,50049,1871.36,73.725,137966.01599999997,44357.07106917227,5691.928930827729,0.0006800000369548797,44432.530049131434,5616.469950868566,True,False,0.003374862272750146,0.002520707132329398,0.012398433663445748
2020-12-09,49256,1839.11,73.73,135597.5803,43595.6018776022,5660.398122397797,0.0007000000029802323,43669.83725381614,5586.162746183858,True,False,-0.017315863008650338,-0.01597133793273735,0.012765994376482046
2020-12-10,49081,1835.31,73.745,135344.93595,43514.37489350074,5566.625106499261,0.0007000000029802323,43588.471954942914,5492.528045057086,True,False,-0.0018649300724059394,-0.0035591930756382157,0.012700093669670474
2020-12-11,49306,1839.03,73.738,135606.39414,43598.4355908499,5707.564409150102,0.0006499999761581421,43672.49631588448,5633.503684115523,True,False,0.0019299279399429437,0.004573782964015916,0.01270598489989948
2020-12-14,48916,1827.17,73.64,134552.79880000002,43259.69707589178,5656.302924108219,0.0005999999865889549,43333.00430415706,5582.995695842939,True,False,-0.007799850673616743,-0.007941236170163134,0.012648775140164817
2020-12-15,49416,1853.46,73.558,136336.81068000002,43833.269786358454,5582.730213641546,0.0007000000029802323,43907.9098677688,5508.090132231198,True,False,0.01317169511396124,0.010169717066474506,0.012806297452060763
2020-12-16,49544,1864.15,73.64,137276.006,44135.22786824634,5408.772131753663,0.0007500000298023224,44210.56381629073,5333.436183709273,True,False,0.006865168233891415,0.002586905242161892,0.012766761490683294
2020-12-17,50263,1885.87,73.525,138658.59175,44579.73917726301,5683.260822736993,0.0007999999821186065,44656.01739437365,5606.982605626348,True,False,0.010021195831881413,0.014408056312339332,0.01289235441955896
2020-12-18,50100,1880.66,73.575,138369.5595,44486.813220377124,5613.186779622876,0.0007999999821186065,44562.93243641586,5537.06756358414,True,False,-0.0020866641427624033,-0.003248211857280073,0.012423358453434662
2020-12-21,50146,1876.21,74.028,138892.07388,44654.805369170674,5491.194630829326,0.0007800000160932541,44731.138497806416,5414.861502193584,True,False,0.003769111450500793,0.000917742418223803,0.012442043490553903
2020-12-22,49768,1859.56,73.854,137335.94423999998,44154.49844551256,5613.50155448744,0.0007800000160932541,44229.97634720363,5538.023652796372,True,False,-0.011267112676182831,-0.007566543296324252,0.009337316201394085
2020-12-23,49909,1872.08,73.78,138122.0624,44407.24111434404,5501.75888565596,0.0007500000298023224,44483.04137121304,5425.958628786961,True,False,0.005707732396537131,0.0028291400031578507,0.009156737365010586
2020-12-24,49787,1876.56,73.555,138030.3708,44377.76160239202,5409.23839760798,0.0007500000298023224,44453.51153966173,5333.488460338267,True,False,-0.0006640651491424172,-0.0024474414399378278,0.009130717628564386
2020-12-28,49761,1871.19,73.548,137622.28212000002,44246.55814297427,5514.441857025733,0.0007999999821186065,44322.26627026968,5438.733729730317,True,False,-0.002960892803431947,-0.000522361083923358,0.008978788292205683
2020-12-29,49722,1877.99,73.405,137853.85595,44321.01080264279,5400.9891973572085,0.0009000000357627869,44397.21122953395,5324.788770466053,True,False,0.0016812627487118987,-0.0007840535970548675,0.008924563871878169
2020-12-30,49881,1893.37,73.144,138488.65528,44525.10337421834,5355.896625781657,0.0007000000029802323,44600.921522324876,5280.078477675124,True,False,0.004594301787050094,0.0031926776313917146,0.008969649714658263
2020-12-31,50081,1896.49,73.054,138546.18046,44543.598135258086,5537.401864741914,0.0006499999761581421,44619.2644092617,5461.735590738303,True,False,0.0004152920384404096,0.004001525917250386,0.008947053133563773
2021-01-04,51349,1942.28,73.08,141941.8224,45635.321555451956,5713.678444548044,0.0006800000369548797,45712.95505855934,5636.044941440661,True,False,0.02421356926708024,0.025003767344650825,0.00985750492769187
2021-01-05,51456,1949.35,73.13,142555.9655,45832.772999823166,5623.227000176834,0.0007800000160932541,45911.11975171705,5544.880248282949,True,False,0.004317390715020138,0.0020816115682480265,0.009860568664921509
2021-01-06,50545,1918.81,73.136,140334.08815999998,45118.423380005464,5426.576619994536,0.0007800000160932541,45195.54901939042,5349.450980609581,True,False,-0.015708739145120047,-0.01786304495048031,0.010318380156048114
2021-01-07,50918,1912.5,73.43,140434.875,45150.82707733856,5767.172922661441,0.0007999999821186065,45228.082455097414,5689.917544902586,True,False,0.0007179343699153315,0.007352467014089636,0.009793140133931712
2021-01-08,49035,1848.26,73.34,135551.3884,43580.75084797531,5454.249152024691,0.0007999999821186065,43655.31974488627,5379.68025511373,True,False,-0.03539303957498919,-0.037682166775826996,0.011347679440104957
2021-01-11,49386,1844.66,73.474,135534.54884,43575.33680775476,5810.663192245243,0.0007999999821186065,43649.8964409656,5736.103559034404,True,False,-0.00012423779848639327,0.0071326543742782555,0.011299851988181722
2021-01-12,49098,1855.63,73.225,135878.50675,43685.92176121658,5412.078238783419,0.0007999999821186065,43760.67061094696,5337.32938905304,True,False,0.0025345729473927334,-0.00584868244526224,0.0111985468019564
2021-01-13,49354,1843.41,73.17,134882.3097,43365.63721124632,5988.362788753679,0.0007999999821186065,43439.8380377067,5914.161962293299,True,False,-0.007358535538740425,0.005200515519592502,0.0112431272340109
2021-01-14,49238,1846.37,73.08,134932.71959999998,43381.84435835195,5856.155641648053,0.0007500000298023224,43455.8943300074,5782.1056699925975,True,False,0.00037366265857989047,-0.002353133185788033,0.010952400999031137
2021-01-15,48745,1826.59,73.13,133578.5267,42946.461555773465,5798.538444226535,0.0007500000298023224,43019.76835745385,5725.231642546147,True,False,-0.010086760984873724,-0.010063055025869147,0.010865852022817006
2021-01-19,49011,1839.34,73.192,134624.97327999998,43282.90169273554,5728.098307264459,0.000729999989271164,43356.71150422088,5654.2884957791175,True,False,0.007803417108325549,0.005442134631246406,0.010897951264244879
2021-01-20,49528,1870.91,72.915,136417.40265,43859.18068706094,5668.8193129390565,0.0007500000298023224,43934.0454406173,5593.954559382699,True,False,0.013226385682311428,0.010493403504449866,0.011162378139368356
2021-01-21,49418,1869.91,72.97,136447.3327,43868.80341440674,5549.196585593258,0.000729999989271164,43943.612357048594,5474.387642951406,True,False,0.00021937646197953516,-0.002223435920945723,0.010848451251327284
2021-01-22,49131,1852.55,72.985,135208.36174999998,43470.46530133264,5660.534698667361,0.0007000000029802323,43544.48759273028,5586.512407269722,True,False,-0.009121690183858281,-0.005824530160145411,0.010943709039814186
2021-01-25,49144,1854.99,72.97,135358.6203,43518.77451090714,5625.22548909286,0.0007000000029802323,43592.87906409709,5551.120935902909,True,False,0.0011106940271033696,0.00026456372578636476,0.010484894674341447
2021-01-27,48879,1843.99,73.07,134740.3493,43319.99591685823,5559.004083141772,0.0005999999865889549,43393.40532662725,5485.594673372747,True,False,-0.004578115057485686,-0.005406907472698724,0.010512675810830098
2021-01-28,48672,1840.36,72.944,134243.21984,43160.16520327295,5511.834796727053,0.0005499999970197678,43233.126095623295,5438.8739043767055,True,False,-0.0036963598008290274,-0.004243940312045224,0.01052448417552502
2021-01-29,49111,1846.09,72.906,134591.03754000002,43271.99110711014,5839.008892889862,0.00048000000417232515,43344.89165534895,5766.108344651053,True,False,0.0025876009810855295,0.008979126218598041,0.010441026704603935
2021-02-01,48424,1860.16,73.12,136014.8992,43729.77291944637,4694.227080553632,0.00048000000417232515,43803.444695082835,4620.555304917165,True,False,0.01052360356715529,-0.014087483706094398,0.010336585873623792
2021-02-02,47752,1837.35,72.917,133974.04995,43073.625138649986,4678.374861350014,0.0005000000074505806,43146.262424027336,4605.737575972664,True,False,-0.015118308569339713,-0.013974607723037326,0.01060312953151869
2021-02-03,47703,1833.76,72.815,133525.2344,42929.32769623997,4773.672303760031,0.00039999999105930326,43001.368207951775,4701.631792048225,True,False,-0.0033556424066080227,-0.001026661867979145,0.010411404333645496
2021-02-04,46695,1792.26,72.955,130754.3283,42038.46136286912,4656.538637130878,0.00029999999329447744,42108.660795045595,4586.339204954405,True,False,-0.020970275670789528,-0.02135719643668842,0.011016513396204344
2021-02-05,46978,1811.62,72.815,131913.1103,42411.018149082905,4566.981850917095,0.00023000000044703483,42481.59529323247,4496.404706767527,True,False,0.008823244508191611,0.006042314455962662,0.011143900452445968
2021-02-08,47726,1830.16,72.935,133482.7196,42915.65888083335,4810.341119166653,0.00019999999552965163,42986.96981373667,4739.030186263328,True,False,0.011828577725369679,0.015796915753380786,0.011258673284087136
2021-02-09,47818,1837.06,72.856,133840.84336,43030.79825743084,4787.201742569159,0.00032999999821186065,43102.76105962228,4715.23894037772,True,False,0.0026793296503786006,0.0019258148797171729,0.011210406796473909
2021-02-10,47863,1842.22,72.795,134104.4049,43115.53519700355,4747.464802996452,0.00035000000149011613,43187.71070295208,4675.289297047922,True,False,0.001967279708927626,0.0009406256899053119,0.011223812816515355
2021-02-11,47377,1825.36,72.71,132721.9256,42671.05811243107,4705.94188756893,0.00035000000149011613,42742.48956270883,4634.510437291166,True,False,-0.010362483105730416,-0.010205884470302972,0.011349912743629717
2021-02-12,47169,1823.46,72.595,132374.0787,42559.222820582894,4609.777179417106,0.00035000000149011613,42630.46705832264,4538.53294167736,True,False,-0.002624310393162943,-0.004399981714095442,0.01133932801031484
2021-02-16,46777,1794.31,72.87,130751.36970000001,42037.510151590664,4739.4898484093355,0.00035000000149011613,42107.88104111214,4669.118958887862,True,False,-0.012334265516800407,-0.008345268026702754,0.011453845883807788
2021-02-17,46134,1776.26,72.835,129373.89709999999,41594.642757245965,4539.357242754035,0.00035000000149011613,41664.27228572185,4469.727714278153,True,False,-0.010590939454800706,-0.01384142385144713,0.011552430375360022
2021-02-18,46046,1775.49,72.585,128873.94165,41433.90346745543,4612.096532544572,0.00023000000044703483,41502.854572741846,4543.145427258154,True,False,-0.003871909070120046,-0.001909308455920267,0.010412940997579065
2021-02-19,46095,1782.31,72.56,129324.4136,41578.73345443438,4516.266545565617,0.00023000000044703483,41647.925574610665,4447.074425389335,True,False,0.003489351484261757,0.0010635874283790442,0.010393353502241569
2021-02-22,46782,1808.66,72.45,131037.41700000002,42129.476425482666,4652.523574517334,0.0002500000037252903,42199.65441886767,4582.345581132329,True,False,0.01315882680550211,0.014794029304960144,0.010535181723384354
2021-02-23,46632,1805.06,72.382,130653.85292,42006.1578021766,4625.842197823396,0.00023000000044703483,42076.061208974155,4555.938791025845,True,False,-0.0029314264460516422,-0.003211512812269208,0.01052037364647806
2021-02-24,46369,1804.36,72.39,130617.6204,41994.508785184946,4374.491214815054,0.00028000000864267347,42064.565674338446,4304.434325661554,True,False,-0.00027735534822738396,-0.005655868239878924,0.008479145208229573
2021-02-25,46085,1769.88,72.745,128749.92060000001,41394.029803719844,4690.9701962801555,0.00032999999821186065,41463.25534680299,4621.744653197013,True,False,-0.014402203733117538,-0.006143615057742142,0.00880889423368279
2021-02-26,45569,1733.49,73.937,128169.05013,41207.275750317494,4361.724249682506,0.00035000000149011613,41276.25682552508,4292.743174474919,True,False,-0.004521826146973877,-0.011259856672190769,0.008785776919429372
2021-03-01,45021,1723.84,73.405,126538.4752,40683.03412799203,4337.965872007968,0.00028000000864267347,40750.903163606,4270.096836393997,True,False,-0.012803682996196806,-0.012098613191474563,0.008956023883598212
2021-03-02,45224,1738.09,73.26,127332.4734,40938.31028662369,4285.689713376312,0.00035000000149011613,41006.841113021044,4217.158886978956,True,False,0.006255152811064095,0.0044988717910274915,0.009076253166759793
2021-03-03,44721,1710.95,72.94,124796.693,40123.03856479174,4597.961435208257,0.00035000000149011613,40190.20462443531,4530.795375564689,True,False,-0.0201156093257171,-0.011184729416586728,0.009558808656616324
2021-03-04,44581,1697.19,72.739,123451.90341000001,39690.6789943254,4890.321005674603,0.00028000000864267347,39756.8925441244,4824.107455875601,True,False,-0.010834323045461721,-0.003135430666594488,0.009487139646848046
2021-03-05,44442,1700.86,73.19,124485.94339999999,40023.130322954006,4418.869677045994,0.00028000000864267347,40089.898481118544,4352.101518881456,True,False,0.008341170971567016,-0.0031227910306013055,0.009239707528959156
2021-03-08,44233,1681.24,73.36,123335.7664,39653.34010641889,4579.659893581113,0.00035000000149011613,39719.71988975343,4513.280110246567,True,False,-0.009282360769766069,-0.004713851412575655,0.009286476872689272
2021-03-09,44844,1715.36,72.776,124837.03935999998,40136.010211069486,4707.989788930514,0.00035000000149011613,40203.19798527902,4640.802014720983,True,False,0.012098757302411042,0.013718683444715605,0.009634724728000558
2021-03-10,44774,1726.05,72.73,125535.6165,40360.60780941052,4413.392190589482,0.00029999999329447744,40428.0054176641,4345.994582335901,True,False,0.0055803134763364876,-0.00156218648565733,0.009729143456414194
2021-03-11,44876,1721.41,72.7,125146.50700000001,40235.506293503946,4640.493706496054,0.00028000000864267347,40302.628745604954,4573.371254395046,True,False,-0.00310440814100292,0.0022755168770284117,0.009722065763754771
2021-03-12,44737,1726.41,72.69,125492.7429,40346.823637211244,4390.176362788756,0.0002500000037252903,40414.03214210037,4322.967857899632,True,False,0.0027628244209853825,-0.003102230959260269,0.009765217465602999
2021-03-15,44906,1731.84,72.535,125619.01439999999,40387.420836883306,4518.579163116694,0.00014999999664723872,40454.36446433034,4451.635535669659,True,False,0.001005699709170276,0.0037705163865511654,0.009742456787447569
2021-03-16,44820,1730.94,72.515,125519.1141,40355.30216856624,4464.697831433761,8.000000379979611e-05,40421.95999279902,4398.04000720098,True,False,-0.0007955805505598723,-0.0019169477372281793,0.009443307785002885
2021-03-17,44848,1744.44,72.57,126594.01079999999,40700.88922468532,4147.110775314679,8.000000379979611e-05,40768.11788050667,4079.8821194933334,True,False,0.008527149973660005,0.0006245260496515038,0.009355452009395632
2021-03-18,44942,1736.41,72.7,126237.00700000001,40586.10992332053,4355.890076679469,3.0000000260770322e-05,40652.98192231371,4289.018077686291,True,False,-0.0028240525262547564,0.0020937751273081132,0.009353080865692347
2021-03-19,45008,1744.74,72.413,126341.85762,40619.82015528799,4388.179844712009,4.999999888241291e-05,40686.81457956521,4321.185420434791,True,False,0.000830240694766864,0.0014674821977603456,0.008637518095564138
2021-03-22,44885,1738.69,72.38,125846.3822,40460.52122751458,4424.478772485418,4.999999888241291e-05,40527.25291946277,4357.747080537229,True,False,-0.003929414455468034,-0.0027365885388492585,0.008441643308399976
2021-03-23,44636,1727.11,72.555,125310.46605,40288.22031282653,4347.779687173468,9.999999776482581e-05,40354.83366965682,4281.166330343178,True,False,-0.004267587900466498,-0.0055629548851969845,0.00806379235069079
2021-03-24,44841,1734.19,72.595,125893.52305,40475.677351423474,4365.322648576526,0.00014999999664723872,40542.76726727187,4298.232732728131,True,False,0.004642108185633195,0.004582191148332449,0.00811177629296605
2021-03-25,44726,1726.82,72.665,125479.3753,40342.52585721864,4383.474142781357,0.00014999999664723872,40409.39506959459,4316.60493040541,True,False,-0.0032950897048951997,-0.002567911467261708,0.008078953467675634
2021-03-26,44629,1731.97,72.615,125767.00154999999,40434.99977494493,4194.000225055068,0.00014999999664723872,40502.02226622229,4126.977733777712,True,False,0.002289596206375709,-0.0021711160674337143,0.007968498807147912
2021-03-29,43754,1711.99,72.755,124555.83244999999,40045.60015753854,3708.399842461462,8.000000379979611e-05,40111.7464241542,3642.2535758458034,True,False,-0.009676932240596169,-0.019800834741376783,0.008096834255289996
2021-03-30,43941,1684.8,73.445,123740.13599999998,39783.34785474303,4157.652145256972,0.00013000000268220902,39849.224703515676,4091.775296484324,True,False,-0.006570379612285531,0.004264787808564946,0.007910107524081134
2021-03-31,44418,1707.01,73.148,124864.36747999999,40144.79639911907,4273.20360088093,0.00013000000268220902,40211.27176692998,4206.728233070018,True,False,0.009044398857393046,0.010796967684736486,0.007972909208885404
2021-04-01,44957,1730.18,73.332,126877.55975999999,40792.05226421464,4164.947735785361,8.000000379979611e-05,40859.431500741346,4097.568499258654,True,False,0.015994437002460966,0.01206168469149446,0.008546252212712827
2021-04-05,44985,1728.44,73.319,126727.49236,40743.804510746384,4241.195489253616,0.00014999999664723872,40811.3388571697,4173.6611428303,True,False,-0.0011834734068662386,0.0006226234885711972,0.008513170388886215
2021-04-06,45685,1743.57,73.49,128134.95929999999,41196.31530213641,4488.684697863588,0.00014999999664723872,41264.59970174973,4420.400298250272,True,False,0.01104502635977692,0.015440915581501846,0.008402746699936152
2021-04-07,46128,1737.28,74.368,129198.03903999999,41538.10312022762,4589.896879772379,9.999999776482581e-05,41606.78305852513,4521.216941474871,True,False,0.008262335530623695,0.009650124445462394,0.008549631584228405
2021-04-08,46576,1755.94,74.577,130952.73738,42102.25131576833,4473.748684231672,4.999999888241291e-05,42171.69071941147,4404.309280588532,True,False,0.013490061220058634,0.009665246107221097,0.008916588369944875
2021-04-09,46344,1743.1,74.734,130268.83539999998,41882.37188740816,4461.628112591839,3.0000000260770322e-05,41951.37968184764,4392.62031815236,True,False,-0.0052361949689538655,-0.004993553208944384,0.008552654097142611
2021-04-12,46188,1732.51,74.99,129920.92489999998,41770.516147700415,4417.483852299585,9.999999776482581e-05,41839.58036238965,4348.41963761035,True,False,-0.0026742843911120536,-0.003371809704713652,0.008522658239856352
2021-04-13,46674,1743.83,75.27,131258.08409999998,42200.42249264551,4473.577507354486,0.00014999999664723872,42270.371236658284,4403.628763341716,True,False,0.010239497333477144,0.010467240363082756,0.008322784149567296
2021-04-14,46317,1736.0,75.06,130304.16,41893.72900155931,4423.27099844069,0.00014999999664723872,41963.169389891475,4353.830610108525,True,False,-0.00729408277277714,-0.007678200124792792,0.008407361360937667
2021-04-15,46881,1763.21,74.73,131764.6833,42363.29779606797,4517.702203932029,9.999999776482581e-05,42433.342127902084,4447.657872097916,True,False,0.01114621946389308,0.012103411771374686,0.007631087504771508
2021-04-16,47022,1776.31,74.54,132406.14740000002,42569.533139357314,4452.466860642686,8.000000379979611e-05,42639.848371933746,4382.1516280662545,True,False,0.004856443529713942,0.0030031011995086013,0.007263355140325956
2021-04-19,47084,1769.31,74.86,132450.5466,42583.80780298037,4500.192197019627,0.00014999999664723872,42654.392022169624,4429.607977830376,True,False,0.00033526961124031153,0.0013176632514517311,0.007181650825471328
2021-04-20,47498,1777.25,75.395,133995.76374999998,43080.60628225118,4417.393717748819,0.00014999999664723872,43152.01396309318,4345.986036906819,True,False,0.01159884309533364,0.008754364340751953,0.007054497062248915
2021-04-21,47892,1793.46,75.439,135296.82893999998,43498.90814217048,4393.091857829517,0.00013000000268220902,43570.93755015093,4321.062449849072,True,False,0.009662912006317102,0.008260870963611047,0.006956683304943748
2021-04-22,47426,1783.94,75.12,134009.57280000002,43085.04599160866,4340.954008391338,0.00014999999664723872,43156.461031431325,4269.538968568675,True,False,-0.009559861446279502,-0.009777874330679313,0.007280801088101651
2021-04-23,47169,1777.18,74.93,133164.09740000003,42813.219541209204,4355.780458790796,0.00014999999664723872,42884.184018746666,4284.815981253334,True,False,-0.006329053470177036,-0.005433704367669253,0.007384530550862526
2021-04-26,47117,1780.19,74.757,133081.66383,42786.716552799524,4330.283447200476,8.000000379979611e-05,42857.390523212656,4259.609476787344,True,False,-0.0006192291832424771,-0.001103027072359209,0.007399388289288014
2021-04-27,46960,1776.69,74.59,132523.3071,42607.20082948864,4352.79917051136,9.999999776482581e-05,42677.648435522286,4282.351564477714,True,False,-0.004204420953101427,-0.003337694564048308,0.007483159252819184
2021-04-28,46697,1781.32,74.493,132695.87076,42662.681293102054,4034.318706897946,8.000000379979611e-05,42733.15038534317,3963.8496146568286,True,False,0.001301291149028997,-0.005616252737149383,0.007468016447133998
2021-04-29,46400,1771.24,74.1,131248.884,42197.46459401675,4202.535405983253,8.000000379979611e-05,42267.165253578845,4132.834746421155,True,False,-0.010964425169319092,-0.0063804635504820465,0.007711299766474799
2021-04-30,46431,1768.59,74.055,130972.93245000001,42108.74417670038,4322.255823299623,3.0000000260770322e-05,42178.12495508757,4252.875044912427,True,False,-0.0021047192457465413,0.000667880366522633,0.007699453219510339
2021-05-03,46963,1792.36,73.82,132312.0152,42539.268956869804,4423.731043130196,4.999999888241291e-05,42609.429135374885,4353.570864625115,True,False,0.010172205502771975,0.011392718037332012,0.007869854879918241
2021-05-04,46782,1778.48,73.77,131198.46959999998,42181.2560001286,4600.7439998714035,9.999999776482581e-05,42250.99934038212,4531.000659617879,True,False,-0.008451673027656415,-0.003861544080546417,0.008020088156193816
2021-05-05,46591,1786.44,73.81,131857.13640000002,42393.0221357725,4197.977864227498,8.000000379979611e-05,42463.045812126584,4127.954187873416,True,False,0.005007824668980387,-0.004091124123716631,0.007973180421553266
2021-05-06,47536,1815.18,73.605,133606.32390000002,42955.398556432556,4580.601443567444,8.000000379979611e-05,43026.35115133232,4509.648848667683,True,False,0.013178558086347646,0.020079929288450475,0.008230078809204911
2021-05-07,47719,1830.48,73.254,134089.98192000002,43110.898104714914,4608.101895285086,8.000000379979611e-05,43182.10754966908,4536.892450330917,True,False,0.003613486893591703,0.0038423227157096556,0.008173789773049125
2021-05-10,47925,1835.44,73.46,134831.42239999998,43349.27657659106,4575.723423408941,4.999999888241291e-05,43420.77270375214,4504.22729624786,True,False,0.005514193714561166,0.0043076474957466715,0.008196012738201365
2021-05-11,47625,1836.94,73.375,134785.4725,43334.50335171283,4290.496648287168,9.999999776482581e-05,43406.15349441998,4218.846505580019,True,False,-0.00034085327228408315,-0.006279455484843136,0.007896564132247182
2021-05-12,47491,1815.44,73.538,133503.82672,42922.444972430756,4568.555027569244,9.999999776482581e-05,42993.4138094947,4497.5861905053025,True,False,-0.009554279900234745,-0.0028176140428862397,0.008034054605602576
2021-05-13,47452,1826.57,73.48,134216.3636,43151.53072805312,4300.46927194688,8.000000379979611e-05,43222.80728890332,4229.192711096679,True,False,0.005323009531641563,-0.000821545605121963,0.007958401283144628
2021-05-14,47682,1842.19,73.3,135032.527,43413.93315864774,4268.066841352258,4.999999888241291e-05,43485.53592415616,4196.46407584384,True,False,0.0060625386271983125,0.004835294387240562,0.007570848774845674
2021-05-17,48437,1866.13,73.335,136852.64355,43999.11378140724,4437.886218592757,4.999999888241291e-05,44071.68168754825,4365.318312451753,True,False,0.013389062278053015,0.015710016293545098,0.007817938211988626
2021-05-18,48288,1868.22,73.055,136482.8121,43880.210297876445,4407.789702123555,9.999999776482581e-05,43952.76272346547,4335.237276534528,True,False,-0.0027060644203916392,-0.0030809018942040407,0.007705746821241355
2021-05-19,48660,1869.57,73.22,136889.9154,44011.09695050397,4648.903049496032,4.999999888241291e-05,44083.68462053146,4576.315379468542,True,False,0.0029783775774927237,0.007674254769938107,0.007620037911352503
2021-05-20,48519,1876.69,73.015,137026.52035,44055.01642901924,4463.983570980759,3.0000000260770322e-05,44127.60399702839,4391.396002971611,True,False,0.0009974206984041747,-0.0029018635496255167,0.007301060588818852
2021-05-21,48368,1880.3,72.827,136936.60809999998,44026.108990949564,4341.891009050436,3.0000000260770322e-05,44098.64892940828,4269.3510705917215,True,False,-0.0006563821470199025,-0.00311703576864879,0.007202323353765186
2021-05-24,48514,1881.07,72.835,137007.73344999997,44048.97630491744,4465.0236950825565,3.0000000260770322e-05,44121.55392087221,4392.446079127789,True,False,0.000519268630961659,0.003013978045927184,0.007159465861791898
2021-05-25,48780,1899.26,72.795,138256.6317,44450.50611667497,4329.493883325027,9.999999776482581e-05,44524.00148088431,4255.998519115688,True,False,0.009074235373787444,0.0054679767047448365,0.007114956765163454
2021-05-26,48728,1896.44,72.725,137918.599,44341.82616104296,4386.173838957038,4.999999888241291e-05,44414.95930401856,4313.040695981443,True,False,-0.0024479593477550188,-0.001066579253590711,0.006956215847539826
2021-05-27,48561,1896.08,72.71,137863.97679999997,44324.26472904978,4236.735270950223,4.999999888241291e-05,44397.36890788862,4163.631092111384,True,False,-0.00039612510366764667,-0.003433073914250349,0.006742705170337201
2021-05-28,48543,1902.64,72.41,137770.1624,44294.102721558666,4248.8972784413345,8.000000379979611e-05,44367.266552706045,4175.733447293955,True,False,-0.000680716865442562,-0.0003707365341523789,0.00672365400561686
2021-06-01,48935,1900.19,72.865,138457.34435,44515.036683974475,4419.963316025525,9.999999776482581e-05,44588.63874432657,4346.36125567343,True,False,0.004975488326353986,0.008042883792002135,0.00675343712850173
2021-06-02,49108,1907.94,72.96,139203.3024,44754.86758724901,4353.132412750987,0.00014999999664723872,44829.0504174501,4278.949582549903,True,False,0.005373176598449052,0.0035290674408105694,0.006523466462622695
2021-06-03,48293,1870.57,73.045,136635.78565,43929.39239956918,4363.60760043082,0.00014999999664723872,44002.206974450026,4290.793025549974,True,False,-0.018616584917633943,-0.016735331699308492,0.007269544147699795
2021-06-04,48650,1889.97,72.87,137722.1139,44278.65478161621,4371.345218383787,0.00014999999664723872,44352.04827167165,4297.951728328349,True,False,0.007919100772687883,0.007365186012729076,0.007149159627093093
2021-06-07,48911,1899.0,72.811,138268.089,44454.18972141399,4456.81027858601,0.00017999999225139617,44527.98396193087,4383.01603806913,True,False,0.003956486907707823,0.005350511426863282,0.007035712963644634
2021-06-08,48908,1892.82,72.955,138090.6831,44397.152442651146,4510.847557348854,0.00019999999552965163,44470.92510376134,4437.074896238657,True,False,-0.0012838812607312805,-6.13377769337882e-05,0.007042857073691238
2021-06-09,48904,1888.3,72.985,137817.5755,44309.3463758098,4594.6536241901995,0.00019999999552965163,44382.97313370647,4521.026866293527,True,False,-0.001979699270931003,-8.178955551937863e-05,0.006995196455653496
2021-06-10,48975,1898.14,73.08,138716.0712,44598.219235777324,4376.780764222676,0.00019999999552965163,44672.32600012553,4302.673999874467,True,False,0.006498296843917356,0.0014507711041800964,0.0070591410667426475
2021-06-11,48717,1876.64,73.245,137454.49680000002,44192.61395019854,4524.386049801462,0.00017999999225139617,44265.973973254804,4451.026026745196,True,False,-0.00913626085906266,-0.005281918679544279,0.006955142750082217
2021-06-14,48318,1865.99,73.185,136562.47815,43905.82350860836,4412.176491391641,0.00014999999664723872,43978.59901719027,4339.400982809733,True,False,-0.006510704682894765,-0.008223883109597404,0.007080152837071286
2021-06-15,48230,1858.69,73.36,136353.4984,43838.63500892183,4391.364991078168,0.00019999999552965163,43911.47960786823,4318.520392131773,True,False,-0.0015314588283635918,-0.0018229279605823333,0.006899879357940016
2021-06-16,48279,1811.95,73.275,132770.63625,42686.71893838314,5592.281061616857,0.00028000000864267347,42757.930599705105,5521.069400294895,True,False,-0.026627666443490124,0.0010154494235870277,0.00839476399631862
2021-06-17,46781,1773.31,74.186,131554.77566,42295.810973041625,4485.189026958375,0.00028000000864267347,42366.37050634044,4414.629493659559,True,False,-0.00919979018801843,-0.031519545920221104,0.008525421895343076
2021-06-18,46592,1763.34,74.12,130698.7608,42020.59601009532,4571.403989904677,0.00028000000864267347,42090.69641898216,4501.303581017841,True,False,-0.006528170499577617,-0.004048285010025648,0.008222725232660065
2021-06-21,46904,1782.95,74.14,132187.913,42499.36920282283,4404.630797177168,0.00029999999329447744,42570.338298483686,4333.661701516314,True,False,0.011329354255151223,0.006674107087693218,0.008480024111574577
2021-06-22,46838,1778.51,74.34,132214.4334,42507.895703055925,4330.104296944075,0.0003799999877810478,42579.159008611576,4258.840991388424,True,False,0.00020060638984501332,-0.0014081203922556723,0.008405756156879671
2021-06-23,46921,1778.73,74.15,131892.82950000002,42404.49772533638,4516.502274663617,0.00039999999105930326,42475.657510009245,4445.342489990755,True,False,-0.0024354048838083836,0.0017704971614756003,0.008411767687124204
2021-06-24,46701,1775.18,74.19,131700.6042,42342.695902390406,4358.3040976095945,0.00043000001460313797,42413.856558327745,4287.143441672255,True,False,-0.001458498653606296,-0.004699758709311927,0.00824693154078941
2021-06-25,46757,1780.34,74.22,132136.83479999998,42482.94719243814,4274.052807561857,0.00043000001460313797,42554.343553107625,4202.656446892375,True,False,0.003306816494048293,0.0011983994243849102,0.008206351084900691
2021-06-28,46821,1778.18,74.275,132074.3195,42462.84807176042,4358.151928239582,0.00039999999105930326,42534.105775246375,4286.894224753625,True,False,-0.000473222270514834,0.0013678430823192231,0.00811177018524207
2021-06-29,46438,1761.09,74.3,130848.987,42068.89481891105,4369.105181088948,0.00039999999105930326,42139.49142203861,4298.508577961387,True,False,-0.009320903404330998,-0.008213730648352294,0.007801653390174283
2021-06-30,46817,1769.8,74.365,131611.177,42313.94441140065,4503.055588599353,0.00039999999105930326,42384.952236855344,4432.047763144656,True,False,0.0058080596384430085,0.00812829524814218,0.00791019834877794
2021-07-01,46985,1776.6,74.565,132472.179,42590.76277589339,4394.237224106611,0.00039999999105930326,42662.23513544865,4322.764864551347,True,False,0.00652070667253517,0.003582017006711974,0.008000818895228275
2021-07-02,47286,1786.79,74.518,133148.01722,42808.049647145825,4477.950352854175,0.0003799999877810478,42879.816152445375,4406.183847554625,True,False,0.005088767255282561,0.006385866764539121,0.008072239220492149
2021-07-06,47694,1796.69,74.591,134016.90378999998,43087.40295786647,4606.59704213353,0.00039999999105930326,43159.70873864601,4534.291261353988,True,False,0.0065045188580363025,0.008591335219462986,0.008186503627232212
2021-07-07,47887,1803.41,74.8,134895.068,43369.7390968862,4517.260903113798,0.00043000001460313797,43442.62579000277,4444.37420999723,True,False,0.0065312624487116585,0.004038465015143603,0.00829076647406409
2021-07-08,47735,1802.56,74.74,134723.3344,43314.5255035607,4420.474496439303,0.00043000001460313797,43387.31940533665,4347.680594663347,True,False,-0.0012739013486896236,-0.003179187384177768,0.00809077439348371
2021-07-09,47898,1807.98,74.487,134671.00626,43297.70162843409,4600.298371565907,0.00043000001460313797,43370.46725619575,4527.532743804251,True,False,-0.00038848730474407456,0.0034088684417203914,0.00808559752176113
2021-07-12,47768,1805.88,74.545,134619.32460000002,43281.085601298895,4486.914398701105,0.00043000001460313797,43353.82330435324,4414.176695646762,True,False,-0.0003838359919529076,-0.0027177906470255385,0.008085618700909073
2021-07-13,47887,1807.44,74.6,134835.024,43350.43451701577,4536.5654829842315,0.00045000001788139346,43423.36014789272,4463.639852107277,True,False,0.0016010092039308798,0.0024881095894829846,0.008097442831135228
2021-07-14,48265,1827.06,74.47,136061.1582,43744.645522208106,4520.354477791894,0.00045000001788139346,43818.23430875057,4446.765691249428,True,False,0.009052490612890849,0.007862591466404197,0.008229425832379718
2021-07-15,48358,1829.19,74.55,136366.1145,43842.691176234184,4515.308823765816,0.0003799999877810478,43916.192229297354,4441.807770702646,True,False,0.002238809825128974,0.0019250080978407097,0.008170902657572397
2021-07-16,48040,1810.89,74.61,135110.5029,43439.00297394183,4600.997026058169,0.0003799999877810478,43511.82725495517,4528.172745044831,True,False,-0.009250303509543222,-0.006597671186636432,0.007622721578098419
2021-07-19,48069,1812.34,74.858,135668.14772,43618.28981304355,4450.71018695645,0.00039999999105930326,43691.486485033376,4377.513514966624,True,False,0.004118829952672977,0.0006034814820698321,0.007510906429718699
2021-07-20,47861,1810.03,74.535,134910.58604999998,43374.728262092685,4486.271737907315,0.00045000001788139346,43447.69476076499,4413.305239235007,True,False,-0.005599580121527442,-0.004336502156938991,0.0075179843372955345
2021-07-21,47584,1803.31,74.495,134337.57845,43190.502178211456,4393.497821788544,0.00045000001788139346,43263.15876526371,4320.84123473629,True,False,-0.0042563593043813365,-0.005804406259169026,0.007543860129997376
2021-07-22,47624,1806.69,74.455,134517.10395,43248.220923690256,4375.779076309744,0.00043000001460313797,43320.903394739034,4303.096605260966,True,False,0.0013354837273401234,0.0008402655733444127,0.007552055744095081
2021-07-23,47521,1801.34,74.427,134068.33218,43103.93755686659,4417.062443133407,0.00045000001788139346,43176.44852185776,4344.551478142239,True,False,-0.0033417462547168392,-0.0021651172470728104,0.007436590536556423
2021-07-26,47455,1797.27,74.34,133609.05180000002,42956.275595994026,4498.724404005974,0.00039999999105930326,43028.36132948292,4426.638670517081,True,False,-0.0034315998152213934,-0.0013898250215607104,0.007296584364340947
2021-07-27,47551,1798.73,74.504,134012.57992000002,43086.01280241774,4464.987197582261,0.00045000001788139346,43158.49361375437,4392.50638624563,True,False,0.0030156637430330457,0.0020209256820226612,0.0072532150199893074
2021-07-28,47535,1806.88,74.5,134612.56,43278.91073351874,4256.089266481264,0.00045000001788139346,43351.71604456286,4183.2839554371385,True,False,0.004467050834276764,-0.0003365374534843701,0.007309917769051821
2021-07-29,48210,1827.95,74.248,135721.63160000002,43635.48526693138,4574.514733068623,0.00039999999105930326,43708.71079493558,4501.289205064422,True,False,0.00820523527463909,0.014100186606537201,0.0055625013364435216
2021-07-30,47901,1813.58,74.344,134828.79151999997,43348.43072966064,4552.569270339358,0.00039999999105930326,43421.17454605034,4479.825453949663,True,False,-0.0066001990379932545,-0.006430087391856982,0.005420881320006194
2021-08-02,47937,1813.39,74.356,134836.42684,43350.88554021251,4586.114459787488,0.0003799999877810478,43423.5620947976,4513.437905202401,True,False,5.662814098525056e-05,0.0007512677996872844,0.0052435253509432785
2021-08-03,47854,1809.94,74.251,134389.85494000002,43207.30944748984,4646.690552510161,0.00045000001788139346,43279.994308323636,4574.005691676364,True,False,-0.0033174495937659688,-0.0017329398538757123,0.004924519236067008
2021-08-04,47872,1811.41,74.175,134361.33675,43198.14064333596,4673.859356664041,0.00045000001788139346,43270.81008008382,4601.189919916178,True,False,-0.00021222745043639375,0.00037607338052674335,0.004926107780125351
2021-08-05,47959,1804.01,74.1,133677.141,42978.166765798065,4980.833234201935,0.00043000001460313797,43050.39538688277,4908.604613117233,True,False,-0.005105216547805568,0.001815696880998193,0.00500513871645484
2021-08-06,46682,1762.69,74.242,130865.63098000002,42074.245978748375,4607.754021251625,0.00043000001460313797,42144.95548077957,4537.044519220428,True,False,-0.021256418081537453,-0.02698782783101495,0.006381195072245253
2021-08-09,45949,1729.46,74.488,128824.01648,41417.8521645474,4531.147835452597,0.00045000001788139346,41487.526737185945,4461.4732628140555,True,False,-0.01572381944066255,-0.015826565622748714,0.006940714510984413
2021-08-10,45936,1728.71,74.435,128676.52885,41370.43382577523,4565.5661742247685,0.0005000000074505806,41440.19893141272,4495.80106858728,True,False,-0.0011455326895664422,-0.00028296240053854227,0.006940553559566956
2021-08-11,46351,1751.56,74.263,130076.10028,41820.4061536483,4530.593846351701,0.00045000001788139346,41890.75791681432,4460.24208318568,True,False,0.010817939000221561,0.008993743373450835,0.007067625773169255
2021-08-12,46335,1752.44,74.315,130232.5786,41870.71506422106,4464.284935778938,0.00043000001460313797,41941.08251449876,4393.917485501239,True,False,0.0012022521839931619,-0.0003452517135043257,0.006982180203213709
2021-08-13,46886,1779.15,74.242,132087.65430000002,42467.13530631602,4418.86469368398,0.00045000001788139346,42538.57502008716,4347.424979912837,True,False,0.014143831794700605,0.01182150838867137,0.007368893413872806
2021-08-16,47138,1787.24,74.17,132559.5908,42618.86630122012,4519.133698779879,0.0005799999833106995,42691.01741026453,4446.982589735468,True,False,0.003566536277990292,0.005360346366869954,0.0073371269038515555
2021-08-17,47206,1785.96,74.375,132830.775,42706.053981063225,4499.946018936775,0.0006300000101327896,42778.52849537097,4427.471504629029,True,False,0.0020436634432248134,0.0014415333624911966,0.007242253435616549
2021-08-18,47069,1787.59,74.29,132800.0611,42696.17924027843,4372.820759721573,0.0005499999970197678,42768.355779053236,4300.644220946764,True,False,-0.00023125252013524435,-0.002906392923636941,0.0071267359623465405
2021-08-19,47119,1780.18,74.38,132409.7884,42570.70374716671,4548.296252833286,0.00043000001460313797,42642.247590509745,4476.752409490255,True,False,-0.0029431258488119135,0.001061706474216478,0.00713931574672694
2021-08-20,47110,1780.87,74.352,132411.24624,42571.172453260886,4538.827546739114,0.00043000001460313797,42642.71708430608,4467.282915693919,True,False,1.1010001543248627e-05,-0.00019102399531711157,0.007140052790771235
2021-08-23,47511,1805.2,74.135,133828.502,43026.830421013714,4484.169578986286,0.00039999999105930326,43099.034553880636,4411.965446119364,True,False,0.01064656315537814,0.008475970465748791,0.00742786114294003
2021-08-24,47532,1802.61,74.136,133638.29496,42965.67748324143,4566.32251675857,0.00048000000417232515,43038.06198332665,4493.938016673354,True,False,-0.0014222854890849168,0.0004419052500814464,0.0074231417867854305
2021-08-25,47108,1790.68,74.12,132725.2016,42672.11137010305,4435.888629896952,0.00045000001788139346,42743.89590184275,4364.104098157251,True,False,-0.006856021552913273,-0.008960330448477872,0.007299396080365648
2021-08-26,47163,1792.16,74.155,132897.62480000002,42727.54667481152,4435.453325188479,0.00043000001460313797,42799.354106605235,4363.645893394765,True,False,0.0012982560765177956,0.0011668488981845452,0.007287782622885814
2021-08-27,47416,1816.67,73.475,133479.82825,42914.72929091581,4501.270709084187,0.00043000001460313797,42986.851299697555,4429.148700302445,True,False,0.004371273697507654,0.0053500376080506135,0.007170324608134179
2021-08-30,47049,1810.17,73.299,132683.65083000003,42658.75249730739,4390.247502692611,0.0003799999877810478,42730.26871008524,4318.731289914758,True,False,-0.0059826374187708226,-0.007770112665139762,0.007187733197920319
2021-08-31,47060,1813.43,72.951,132291.53193,42532.683437555264,4527.316562444736,0.00039999999105930326,42604.05833308119,4455.941666918807,True,False,-0.002959667257517137,0.0002337714788190497,0.007142221727208935
2021-09-01,47093,1813.66,72.995,132388.1117,42563.7345314836,4529.265468516402,0.00039999999105930326,42635.16153443389,4457.838465566107,True,False,0.0007297861895373792,0.0007009867205781547,0.00711344645405459
2021-09-02,47048,1809.4,73.006,132097.0564,42470.15814940441,4577.841850595592,0.00039999999105930326,42541.42812006906,4506.57187993094,True,False,-0.002200920524817617,-0.0009560128621397626,0.00711150065616536
2021-09-03,47342,1826.19,72.997,133306.39143000002,42858.968100053055,4483.0318999469455,0.00039999999105930326,42930.89054000401,4411.109459995991,True,False,0.009113245585978473,0.0062294936065441855,0.007307098832709364
2021-09-07,46989,1794.13,73.442,131764.49546,42363.23740415066,4625.762595849337,0.00035000000149011613,42434.153561848616,4554.846438151384,True,False,-0.011633969910898977,-0.007484318999564364,0.007580899917810571
2021-09-08,47072,1788.93,73.796,132015.87828,42444.05879724147,4627.941202758528,0.00039999999105930326,42515.284970092696,4556.715029907304,True,False,0.0019060015158718373,0.001764812654392208,0.007566032102634813
2021-09-09,47021,1794.69,73.546,131992.27074,42436.46880254634,4584.53119745366,0.0003799999877810478,42507.612362888736,4513.387637111264,True,False,-0.00017883948014907366,-0.0010840339875293635,0.007508176996417939
2021-09-10,46858,1787.34,73.524,131412.38616,42250.0317199029,4607.968280097099,0.0003799999877810478,42320.86272365863,4537.137276341367,True,False,-0.0044030012502299905,-0.0034725585870494955,0.0073462342427161815
2021-09-13,46946,1793.49,73.565,131938.09185,42419.04989792145,4526.9501020785465,0.0003799999877810478,42490.16425595444,4455.835744045558,True,False,0.003992446812844688,0.0018762531622472352,0.007326074448113743
2021-09-14,47267,1804.27,73.647,132879.07269,42721.582037391294,4545.417962608706,0.00035000000149011613,42793.09806483665,4473.901935163347,True,False,0.007106675294037698,0.006814372584533063,0.007463707241392136
2021-09-15,46949,1792.59,73.445,131656.77255,42328.60371019338,4620.396289806617,0.00035000000149011613,42399.4618910073,4549.538108992703,True,False,-0.009241158509014817,-0.006750471418315137,0.007617923331178751
2021-09-16,46120,1753.39,73.575,129005.66925,41476.25484270259,4643.74515729741,0.00029999999329447744,41545.51545416103,4574.484545838968,True,False,-0.020341977149177487,-0.017815210772055227,0.00841923251590163
2021-09-17,46025,1754.16,73.645,129185.11319999999,41533.94736926712,4491.052630732876,0.00028000000864267347,41603.23593177515,4421.764068224853,True,False,0.0013900107291953277,-0.0020619682817167332,0.008402989857487837
2021-09-20,46297,1763.88,73.653,129915.05364000001,41768.62849518543,4528.371504814568,0.0002500000037252903,41838.20539912395,4458.794600876048,True,False,0.005634441536765497,0.005892437057357441,0.007576692791529352
2021-09-21,46641,1774.25,73.745,130842.06625,42066.66974777758,4574.3302522224185,0.00019999999552965163,42136.56995534936,4504.430044650639,True,False,0.007110191398040103,0.007402818459214564,0.007099820964153742
2021-09-22,46682,1767.91,73.825,130515.95575000001,41961.82286559391,4720.177134406091,0.0002500000037252903,42031.7215868062,4650.278413193802,True,False,-0.0024955091620606855,0.0008786687662819068,0.007114990873327661
2021-09-23,46083,1742.57,73.81,128619.0917,41351.96736701658,4731.032632983421,0.0002500000037252903,41420.85020959053,4662.149790409472,True,False,-0.014640226778309584,-0.012914532966877229,0.007352841483220357
2021-09-24,45995,1749.86,73.821,129176.41505999998,41531.150854405445,4463.849145594555,0.0002500000037252903,41600.33217535272,4394.66782464728,True,False,0.0043237699156738535,-0.0019114235059976329,0.007397886406204245
2021-09-27,46064,1749.85,73.825,129182.67625,41533.163872233024,4530.836127766976,0.0002500000037252903,41602.34854640384,4461.651453596161,True,False,4.846889629074459e-05,0.0014990389406995472,0.006880288952136982
2021-09-28,45819,1733.68,74.2,128639.05600000001,41358.38603372611,4460.613966273893,0.00029999999329447744,41427.44981772719,4391.550182272811,True,False,-0.0042170305107423955,-0.005332881613401717,0.006858966141324379
2021-09-29,45550,1726.11,74.298,128246.52077999999,41232.183124085714,4317.816875914286,0.00029999999329447744,41301.03616363258,4248.963836367417,True,False,-0.00305611183342902,-0.005888228550451009,0.006844092459560662
2021-09-30,46221,1756.66,74.17,130291.4722,41889.64978217886,4331.350217821142,0.00028000000864267347,41959.531741424544,4261.468258575456,True,False,0.01581967929816914,0.014623616561780226,0.007514605921124785
2021-10-01,46315,1760.36,74.15,130530.694,41966.561319465654,4348.438680534346,0.00028000000864267347,42036.57158555903,4278.4284144409685,True,False,0.0018343676119644662,0.0020316424382431156,0.00751464285530652
2021-10-04,46618,1769.51,74.588,131984.21188,42433.87782082402,4184.122179175982,0.00028000000864267347,42504.66768266175,4113.332317338252,True,False,0.01107390629121208,0.006520849938486973,0.007805212979620058
2021-10-05,46459,1759.96,74.565,131231.4174,42191.84895590529,4267.1510440947095,0.00035000000149011613,42262.478208943256,4196.521791056744,True,False,-0.00571999872937927,-0.0034165294253765983,0.007596811588222296
2021-10-06,46781,1762.48,74.778,131794.72944000002,42372.95784718762,4408.042152812377,0.00039999999105930326,42444.064704198136,4336.935295801864,True,False,0.004283322460656985,0.006906934365145221,0.007648141062957576
2021-10-07,46737,1755.29,74.825,131339.57425,42226.622164708155,4510.377835291845,0.00039999999105930326,42297.48345305936,4439.516546940642,True,False,-0.0034594930236164037,-0.0009409953858450884,0.00757503104949891
2021-10-08,46922,1756.67,75.131,131980.37377,42432.643840725315,4489.356159274685,0.00039999999105930326,42503.85085792345,4418.149142076552,True,False,0.004867088800417049,0.0039505064243727205,0.00762963193499204
2021-10-11,46941,1753.86,75.403,132246.30558000001,42518.14283923032,4422.8571607696795,0.00039999999105930326,42589.493333904895,4351.506666095105,True,False,0.002012907254074415,0.0004048453652559956,0.007592638609665642
2021-10-12,47097,1759.93,75.488,132853.59584,42713.39104602375,4383.608953976247,0.00039999999105930326,42785.069190384056,4311.930809615944,True,False,0.004581603531753444,0.0033178107382601826,0.007565380381265262
2021-10-13,47753,1792.65,75.306,134997.3009,43402.60771295835,4350.39228704165,0.00045000001788139346,43475.62111142683,4277.37888857317,True,False,0.01600704614813069,0.013832587452032443,0.008080778841109113
2021-10-14,47748,1795.56,74.995,134658.0222,43293.527159322904,4454.4728406770955,0.00039999999105930326,43366.178840999244,4381.821159000756,True,False,-0.002516389256712738,-0.00010471094553085415,0.008101725259161682
2021-10-15,47106,1767.26,75.03,132597.5178,42631.060105775876,4474.939894224124,0.0003799999877810478,42702.52989302909,4403.470106970912,True,False,-0.015420037528976754,-0.013536799788618365,0.00860150634788448
2021-10-18,47186,1764.6,75.21,132715.566,42669.0134550774,4516.986544922598,0.00043000001460313797,42740.7225166039,4445.277483396101,True,False,0.0008898785246417492,0.001696856980348119,0.008434639206388822
2021-10-19,47196,1768.87,75.12,132877.5144,42721.08103589628,4474.918964103723,0.0005000000074505806,42793.12380789061,4402.87619210939,True,False,0.001219522886871651,0.00021190481315127628,0.008152825225920611
2021-10-20,47380,1781.83,74.81,133298.7023,42856.495989197356,4523.504010802644,0.0005000000074505806,42928.76711844223,4451.232881557771,True,False,0.003164732422429204,0.0038910554929667217,0.00816471008594134
2021-10-21,47314,1782.76,74.889,133509.11364,42924.14475541338,4389.855244586623,0.0005000000074505806,42996.52996427707,4317.47003572293,True,False,0.0015772505230331427,-0.0013939639404237322,0.008167287666888505
2021-10-22,47668,1792.48,74.999,134434.20752,43221.569122446024,4446.430877553976,0.0005000000074505806,43294.45589342706,4373.544106572939,True,False,0.006905173465850516,0.007454078438344149,0.0081997717722237
2021-10-25,48030,1807.47,75.022,135600.01434000002,43596.38443905027,4433.615560949729,0.0005000000074505806,43669.90328051594,4360.096719484063,True,False,0.008634565316138557,0.007565502448173329,0.008306029112255588
2021-10-26,47680,1792.63,74.942,134343.27745999998,43192.334451106784,4487.665548893216,0.0005000000074505806,43265.17192214713,4414.8280778528715,True,False,-0.009311184962876213,-0.007313792919638702,0.008423870745816015
2021-10-27,47804,1796.69,75.069,134875.72161,43363.519092706614,4440.480907293386,0.0005000000074505806,43436.645241275815,4367.354758724185,True,False,0.0039554774815209045,0.0025972952475402816,0.008247647122533164
2021-10-28,47777,1798.62,74.788,134515.19256,43247.60639799379,4529.39360200621,0.00048000000417232515,43320.46586518646,4456.534134813541,True,False,-0.0026766252778520805,-0.0005649658555187334,0.007256876197669263
2021-10-29,47502,1782.81,74.935,133594.86735,42951.715192823955,4550.284807176045,0.00048000000417232515,43024.07617056596,4477.923829434039,True,False,-0.006865306173663423,-0.005772536731764095,0.00741189677079413
2021-11-01,47692,1793.05,74.837,134186.48285,43141.923851013555,4550.076148986445,0.00039999999105930326,43214.321124328664,4477.678875671336,True,False,0.004418653219432508,0.0039918535265339025,0.007389645738075767
2021-11-02,47683,1787.28,74.695,133500.8796,42921.49745205523,4761.502547944772,0.00045000001788139346,42993.70150986337,4689.298490136629,True,False,-0.005122428962420565,-0.00018872870305037403,0.007382825013440799
2021-11-03,46961,1769.52,74.452,131744.30304,42356.74539521276,4604.254604787238,0.00045000001788139346,42427.99940717954,4533.000592820463,True,False,-0.013245120779188584,-0.015257470228813788,0.007791347140441408
2021-11-04,47559,1791.7,74.548,133567.6516,42942.96513254136,4616.034867458642,0.00035000000149011613,43014.85175580161,4544.14824419839,True,False,0.013745157238679421,0.012653575517179126,0.0076348937179125526
2021-11-05,47959,1816.73,74.191,134785.01543,43334.3564004051,4624.6435995949,0.00039999999105930326,43407.07659839833,4551.923401601671,True,False,0.009072927758659095,0.008375433703809903,0.007749026029633048
2021-11-08,48025,1824.26,73.921,134851.12346,43355.610609738455,4669.3893902615455,0.00035000000149011613,43428.18800248488,4596.81199751512,True,False,0.0004903499330375189,0.0013752294216100803,0.007746755177836359
2021-11-09,48263,1831.48,74.175,135850.029,43676.765958814925,4586.234041185075,0.00039999999105930326,43750.060760724096,4512.939239275904,True,False,0.007380168609243124,0.004943512892429798,0.007744525797445114
2021-11-10,48857,1849.57,74.415,137635.75155000002,44250.888662047684,4606.111337952316,0.00045000001788139346,44325.329068666426,4531.670931333574,True,False,0.013059164719244901,0.012232442479358594,0.007950930616560551
2021-11-11,49208,1861.52,74.312,138333.27424,44475.14724709438,4732.852752905623,0.00039999999105930326,44549.78182764988,4658.21817235012,True,False,0.005055090319455654,0.0071585478796583335,0.007555396675965041
2021-11-12,49277,1864.04,74.347,138585.78188,44556.330277942994,4720.669722057006,0.00043000001460313797,44631.21114278089,4645.788857219108,True,False,0.0018236932735626772,0.0014012288427637382,0.007555404820759357
2021-11-15,49269,1862.46,74.404,138574.47384,44552.69466137251,4716.305338627491,0.0003799999877810478,44627.38601554257,4641.613984457428,True,False,-8.159928974601356e-05,-0.00016236072529729126,0.007365344742788645
2021-11-16,49038,1849.91,74.457,137738.74886999998,44284.00304467342,4753.996955326576,0.00039999999105930326,44358.31686255007,4679.683137449931,True,False,-0.0060491315631251335,-0.00469957226148586,0.00737689761578345
2021-11-17,49262,1866.96,74.255,138631.11479999998,44570.905139293,4691.094860707002,0.00045000001788139346,44645.88388892385,4616.116111076153,True,False,0.006457788264933566,0.004557484999369827,0.007414623806977231
2021-11-18,49047,1858.46,74.165,137832.6859,44314.20447859566,4732.7955214043395,0.00045000001788139346,44388.75139731555,4658.248602684449,True,False,-0.00577602650165854,-0.004373970700032436,0.007481812894397564
2021-11-19,48829,1844.6,74.35,137146.00999999998,44093.4332149115,4735.5667850885,0.00045000001788139346,44167.60874442012,4661.3912555798815,True,False,-0.0049944038400956585,-0.0044546234111164,0.007550031065398446
2021-11-22,47963,1805.04,74.445,134376.2028,43202.92018583117,4760.079814168828,0.00039999999105930326,43275.41981824223,4687.580181757767,True,False,-0.020402774814011374,-0.01789451832048558,0.008521640402087879
2021-11-23,47460,1789.73,74.447,133240.02931,42837.632198948675,4622.367801051325,0.00045000001788139346,42909.695175668254,4550.304824331746,True,False,-0.00849111660719385,-0.010542629322165603,0.008640857462238702
2021-11-24,47469,1788.5,74.622,133461.447,42908.81958622019,4560.18041377981,0.0005000000074505806,42981.178951457194,4487.821048542806,True,False,0.001660416312154022,0.00018961539733831673,0.008110692580007095
2021-11-26,47610,1791.81,75.065,134502.21765,43243.43487067372,4366.565129326278,0.00043000001460313797,43316.10929833592,4293.890701664081,True,False,0.007768037393461658,0.0029659568014715845,0.008233753669977273
2021-11-29,47613,1785.01,75.05,133965.0005,43070.71567508479,4542.2843249152065,0.0003799999877810478,43142.922532678866,4470.0774673211345,True,False,-0.004002111473778637,6.3009987103719e-05,0.00774779441782751
2021-11-30,47439,1773.78,75.1,133210.878,42828.25984213995,4610.7401578600475,0.00048000000417232515,42900.41283401125,4538.587165988749,True,False,-0.005645154097862314,-0.0036611579842419435,0.007823359395880487
2021-12-01,47525,1782.66,75.021,133736.93586,42997.39124535824,4527.608754641762,0.0005000000074505806,43069.89997357225,4455.100026427754,True,False,0.0039412837540242435,0.0018112131652035979,0.007852228381746477
2021-12-02,47307,1768.64,74.989,132628.54496000003,42641.035561914265,4665.964438085735,0.00043000001460313797,42712.697604109875,4594.302395890125,True,False,-0.008322379416641134,-0.004597612282933404,0.007982421107036387
2021-12-03,47425,1783.74,75.241,134210.38134,43149.60738823604,4275.392611763957,0.00043000001460313797,43222.12413049222,4202.875869507778,True,False,0.011856252997885338,0.002491239729518501,0.008275154546087893
2021-12-06,47787,1778.11,75.395,134060.60345,43101.452714324754,4685.547285675246,0.00043000001460313797,43173.88852838047,4613.11147161953,True,False,-0.0011166165113200585,0.007604120159533003,0.00817921966968982
2021-12-07,47922,1784.04,75.409,134532.67236,43253.22628000064,4668.773719999357,0.0005799999833106995,43326.45132131906,4595.5486786809415,True,False,0.003515124454652217,0.00282105318269588,0.008043130171830027
2021-12-08,47900,1782.06,75.384,134338.81104,43190.898464803,4709.101535196998,0.0005999999865889549,43264.08910798266,4635.9108920173385,True,False,-0.0014420372970953288,-0.0004591847464373854,0.007864212282334231
2021-12-09,47802,1774.46,75.599,134147.40154000002,43129.358927451896,4672.641072548104,0.0005299999937415123,43202.19672538894,4599.803274611062,True,False,-0.00142584254579824,-0.0020480247905856085,0.007832160093931862
2021-12-10,47993,1782.51,75.718,134968.09218,43393.21689841979,4599.783101580208,0.0005000000074505806,43466.393127937175,4526.606872062825,True,False,0.006099189406024307,0.003987687313559147,0.007899313939019274
2021-12-13,48106,1786.94,75.77,135396.4438,43530.93503946502,4575.064960534983,0.00043000001460313797,43604.09263665993,4501.907363340069,True,False,0.003168699451340612,0.0023517425172101306,0.007805566964815531
2021-12-14,47895,1770.18,76.045,134613.3381,43279.16089829119,4615.839101708807,0.00048000000417232515,43352.073525514454,4542.926474485546,True,False,-0.005800589076739955,-0.004395794622198121,0.007849108427067287
2021-12-15,47900,1777.06,76.355,135687.4163,43624.4848007459,4275.5151992541,0.00045000001788139346,43697.87144868199,4202.128551318012,True,False,0.007947324124983215,0.00010438958201460874,0.007911375511225883
2021-12-16,48407,1799.03,76.184,137057.30151999998,44064.91279759512,4342.08720240488,0.00035000000149011613,44138.67756384961,4268.322436150389,True,False,0.010045266872441968,0.01052892694725475,0.0076502740369454435
2021-12-17,48467,1797.68,76.013,136647.04984000002,43933.013918047815,4533.9860819521855,0.00029999999329447744,44006.37703674588,4460.622963254122,True,False,-0.0029977746805550055,0.0012387226226266996,0.007315824319716111
2021-12-20,48130,1789.32,75.73,135505.2036,43565.90210104972,4564.097898950276,0.0003799999877810478,43638.939124922246,4491.060875077754,True,False,-0.008391280437206132,-0.006977470671732973,0.007326343425627344
2021-12-21,47933,1788.36,75.705,135387.79379999998,43528.154001961186,4404.845998038814,0.0006499999761581421,43602.09533955997,4330.904660440028,True,False,-0.0008668353075108335,-0.0041014808232819515,0.007328535765348585
2021-12-22,48026,1803.4,75.46,136084.56399999998,43752.170656035494,4273.829343964506,0.0006499999761581421,43826.492531045675,4199.507468954325,True,False,0.005133279392933698,0.0019383284343865818,0.007263099919195416
2021-12-23,48012,1807.91,75.035,135656.52685,43614.553619367594,4397.446380632406,0.0005799999833106995,43688.39036556054,4323.609634439461,True,False,-0.0031503333019616176,-0.00029155126302445327,0.006853930593968022
2021-12-27,47933,1810.9,74.98,135781.282,43654.6633015577,4278.336698442297,0.00043000001460313797,43728.028835070814,4204.971164929186,True,False,0.0009192172550535556,-0.0016467771713623,0.006779893346911772
2021-12-28,47888,1805.37,74.715,134888.21955,43367.537270725166,4520.462729274834,0.0005000000074505806,43440.67019535611,4447.329804643887,True,False,-0.0065989384519304995,-0.0009392513813928638,0.006849217331736976
2021-12-29,47673,1803.66,74.57,134498.9262,43242.37664571511,4430.623354284893,0.00045000001788139346,43315.12049782736,4357.87950217264,True,False,-0.00289021675409368,-0.004499751211734116,0.006856815734844001
2021-12-30,47746,1815.01,74.415,135063.96915000002,43424.04203706979,4321.95796293021,0.0002500000037252903,43496.37647825891,4249.623521741087,True,False,0.004192296397729845,0.0015300938857506676,0.006851454558759871
2021-12-31,47994,1828.39,74.486,136189.45754,43785.89468709309,4208.105312906911,0.00032999999821186065,43859.120279128176,4134.879720871824,True,False,0.008298474696472786,0.00518070931038013,0.006925180428467988
2022-01-03,47473,1800.85,74.4,133983.24,43076.579806131136,4396.420193868864,0.0005299999937415123,43149.328469541964,4323.671530458036,True,False,-0.016332268959542144,-0.010914874719267892,0.0074462356194815015
2022-01-04,47763,1814.56,74.53,135239.1568,43480.366132428826,4282.633867571174,0.0007999999821186065,43554.763265949776,4208.236734050224,True,False,0.009330025476923515,0.006090152806505493,0.007634454697220438
2022-01-05,47974,1809.53,74.285,134420.93605,43217.302248943044,4756.697751056956,0.0008500000089406968,43291.42717638976,4682.572823610237,True,False,-0.0060685528394268965,0.004407916304861032,0.006739863655944286
2022-01-06,47499,1788.68,74.385,133050.96180000002,42776.845628305506,4722.154371694494,0.0009000000357627869,42850.3911959472,4648.6088040527975,True,False,-0.010243963880158148,-0.009950539299431481,0.006823193999818081
2022-01-07,47481,1795.63,74.278,133375.80514,42881.28510939284,4599.71489060716,0.0008799999952316285,42954.93962715475,4526.060372845248,True,False,0.0024385200083389728,-0.00037902716815108376,0.006831383439567466
2022-01-10,47471,1801.41,74.025,133349.37525,42872.78770877876,4598.2122912212435,0.0009000000357627869,42946.49822815229,4524.50177184771,True,False,-0.0001981806895612266,-0.0002106327415319706,0.00667110807302356
2022-01-11,47694,1822.01,73.817,134495.31217,43241.21470895559,4452.785291044413,0.0011800000071525575,43316.555521741684,4377.444478258316,True,False,0.008556779102162498,0.004686605541306737,0.006822271042182677
2022-01-12,47802,1825.32,73.797,134703.14004,43308.03287089877,4493.967129101227,0.0011500000208616258,43383.383130700895,4418.616869299105,True,False,0.0015440498233464908,0.002261875807253328,0.006738100777770162
2022-01-13,47759,1822.09,73.972,134783.64148,43333.9146655521,4425.0853344478965,0.0010999999940395355,43409.13156210647,4349.868437893529,True,False,0.0005974426050912425,-0.000899948784591384,0.006704583930934353
2022-01-14,47803,1817.22,74.156,134757.76632000002,43325.59561464145,4477.404385358554,0.0011800000071525575,43401.0834474884,4401.916552511597,True,False,-0.00019199395217706303,0.0009208681925728827,0.006507125125788293
2022-01-18,47926,1813.54,74.565,135226.6101,43476.332277717935,4449.667722282065,0.0012999999523162842,43552.51230149603,4373.487698503966,True,False,0.003473121352466653,0.0025697556161108854,0.00617555765374479
2022-01-19,48368,1839.96,74.455,136994.2218,44044.63221180896,4323.367788191041,0.0016500000655651093,44123.07729727338,4244.922702726617,True,False,0.012986783787761217,0.009180283386725703,0.006590680173108398
2022-01-20,48372,1838.36,74.468,136898.99248,44014.0152973138,4357.984702686197,0.001679999977350235,44092.51457375951,4279.4854262404915,True,False,-0.0006953755615133967,8.269588592675337e-05,0.006573949753816199
2022-01-21,48243,1833.24,74.409,136409.55516000002,43856.65766232096,4386.342337679038,0.0015800000727176665,43934.51518367916,4308.484816320837,True,False,-0.0035815772863470306,-0.0026703943830317894,0.006608172380925885
2022-01-24,48537,1843.06,74.642,137569.68451999998,44229.647634510584,4307.352365489416,0.001550000011920929,44308.05806163327,4228.941938366726,True,False,0.008468789789269533,0.006075654151311968,0.0067535529881986
2022-01-25,48836,1847.56,74.787,138173.46972,44423.7689391869,4412.231060813101,0.0018500000238418578,44503.620841101365,4332.379158898635,True,False,0.0043793374790624595,0.006141352115299734,0.006714554733140434
2022-01-27,47974,1796.51,75.209,135113.72059,43440.03748452747,4533.962515472529,0.0018500000238418578,43518.121125227204,4455.878874772796,True,False,-0.02239312413611005,-0.01780854831977069,0.00791572327072973
2022-01-28,47652,1791.03,75.046,134409.63738,43213.669644895264,4438.330355104736,0.0017299999296665192,43290.919407128174,4361.0805928718255,True,False,-0.005224666366015627,-0.006734595549723643,0.007902031771620225
2022-01-31,47840,1796.47,74.556,133937.61732,43061.91178484736,4778.088215152638,0.0017299999296665192,43138.89026119546,4701.109738804538,True,False,-0.0035179830503253547,0.003937507705261477,0.00777817022177787
2022-02-01,47966,1800.65,74.751,134600.38815,43274.99739579148,4691.002604208523,0.002029999941587448,43353.42576438389,4612.574235616114,True,False,0.004936151771688659,0.0026303169455974087,0.007594610508920899
2022-02-02,48049,1806.5,74.823,135167.74949999998,43457.408169498594,4591.591830501406,0.0018500000238418578,43535.52303407387,4513.476965926129,True,False,0.0042062950166408646,0.0017288969572359272,0.0076300878911219824
2022-02-03,47884,1804.4,74.644,134687.63360000003,43303.047438391186,4580.952561608814,0.0019300000369548798,43381.17008409524,4502.82991590476,True,False,-0.003558323729350312,-0.0034399041560860964,0.007504723848505416
2022-02-04,48081,1807.49,74.645,134920.09105,43377.78418827462,4703.215811725378,0.0022300000488758086,43457.11319797833,4623.886802021669,True,False,0.0017244128142445058,0.004105669290424491,0.007511713475954395
2022-02-07,48168,1820.31,74.655,135895.24305,43691.30260260098,4476.697397399017,0.002029999941587448,43770.4854516133,4397.514548386702,True,False,0.007201632195635483,0.0018078114825986725,0.007570807954035129
2022-02-08,48345,1825.48,74.719,136398.04012,43852.95549375472,4492.044506245278,0.002750000059604645,43935.031224761726,4409.968775238274,True,False,0.003693059451221811,0.003667903773364236,0.007577154920693134
2022-02-09,48575,1832.43,74.808,137080.42344,44072.34666195123,4502.653338048767,0.0027000001072883606,44154.65155049577,4420.3484495042285,True,False,0.00499040931633058,0.004746191327992823,0.007627111873079413
2022-02-10,48867,1826.57,75.102,137179.06014000002,44104.059073737684,4762.940926262316,0.0037000000476837156,44190.055094901545,4676.944905098455,True,False,0.0007192947566676752,0.005993326780073922,0.007514474748050762
2022-02-11,49024,1859.96,75.348,140144.26608,45057.39420965486,3966.6057903451365,0.0033799999952316283,45144.061718841636,3879.9382811583637,True,False,0.021385283280065063,0.0032076520745483476,0.008386425618565984
2022-02-14,49827,1870.29,75.686,141554.76894,45510.881071262076,4316.118928737924,0.0036000001430511477,45599.245385915754,4227.754614084246,True,False,0.010014337804179383,0.016247031666845362,0.008520269916491121
2022-02-15,49332,1853.06,75.177,139307.49162000002,44788.3651743373,4543.6348256627025,0.004000000059604645,44876.80202311594,4455.197976884061,True,False,-0.01600304202823411,-0.00998404808122976,0.008999706533191926
2022-02-16,49546,1868.37,75.05,140221.1685,45082.11889337213,4463.881106627872,0.0037299999594688415,45170.13335624718,4375.866643752823,True,False,0.006537291263993137,0.004328573274843257,0.008454530248715994
2022-02-17,50277,1897.27,75.105,142494.46335,45812.99961419133,4464.000385808671,0.003449999988079071,45901.38461322873,4375.615386771271,True,False,0.016082194192237897,0.014646185092261102,0.008754263698490299
2022-02-18,50034,1897.87,74.687,141746.21669,45572.43290626457,4461.56709373543,0.0031799998879432677,45659.340516869226,4374.659483130774,True,False,-0.00526489303563082,-0.0048449417379428095,0.008730736875259281
2022-02-22,50186,1898.13,74.63,141657.4419,45543.89116980404,4642.108830195961,0.0033000001311302186,45631.19441049098,4554.805589509022,True,False,-0.0006264900978716058,0.0030333290071255445,0.00844637484551226
2022-02-23,50226,1907.55,74.64,142379.532,45776.048354686776,4449.951645313224,0.003400000035762787,45864.173582176714,4361.826417823286,True,False,0.0050844905556485355,0.0007967175659455378,0.008463943684657013
2022-02-24,51403,1903.14,75.615,143905.9311,46266.79669490571,5136.203305094292,0.0028299999237060545,46353.694990700584,5049.305009299416,True,False,0.010663577169349535,0.023163715610685386,0.008590188119043487
2022-02-25,50039,1887.56,75.075,141708.567,45560.32825887762,4478.67174112238,0.0029800000786781313,45646.46242740038,4392.53757259962,True,False,-0.015387226276489759,-0.026893835130422043,0.009108543912887422
2022-02-28,50530,1907.9,75.52,144084.608,46324.242609352645,4205.757390647355,0.0028799998760223387,46411.43953143132,4118.560468568678,True,False,0.016628079003696655,0.009764517917579738,0.009504972071541792
2022-03-01,51565,1943.22,75.782,147261.09803999998,47345.50711013229,4219.49288986771,0.0031299999356269835,47435.601070372286,4129.398929627714,True,False,0.02180650579594482,0.02027592846421517,0.010145436140293
2022-03-02,51133,1926.11,75.638,145687.10818,46839.45799668848,4293.542003311522,0.0032499998807907103,46929.051853376004,4203.948146623996,True,False,-0.01074596104712826,-0.008413066429058372,0.010436980481334741
2022-03-03,51569,1935.21,75.971,147019.83891000002,47267.940556529014,4301.059443470986,0.003350000083446503,47358.74325776625,4210.256742233752,True,False,0.009106308906886431,0.008490635417015772,0.010503701901843318
2022-03-04,52274,1968.45,76.425,150438.79125,48367.15843876091,3906.841561239089,0.003050000071525574,48458.877869293035,3815.1221307069645,True,False,0.02298876256109018,0.013578398772673412,0.010986264322304979
2022-03-07,53461,1998.11,76.975,153804.51724999998,49449.26366807594,4011.7363319240612,0.003050000071525574,49543.035112383775,3917.9648876162246,True,False,0.022126128771340493,0.022453300581423547,0.011491421906090702
2022-03-08,54146,2052.41,76.905,157840.59105,50746.89055894031,3399.1094410596925,0.0036000001430511477,50845.421154250565,3300.5788457494345,True,False,0.02590317874564171,0.012731685725739109,0.0120770810048181
2022-03-09,52724,1991.49,76.382,152113.98918,48905.74667802659,3818.2533219734105,0.0037000000476837156,49001.10523945347,3722.894760546529,True,False,-0.036955437716191156,-0.0266133419856069,0.014259811386649869
2022-03-10,53183,1995.86,76.31,152304.0766,48966.861157104504,4216.138842895496,0.0036000001430511477,49061.93563215398,4121.064367846018,True,False,0.0012488578443508372,0.008668036558578965,0.014263472657201398
2022-03-11,52828,1985.29,76.511,151896.52318999998,48835.82979085954,3992.1702091404586,0.0036500000953674314,48930.850939375145,3897.1490606248553,True,False,-0.0026795059189607326,-0.006697443227240386,0.013473805934577213
2022-03-14,52238,1951.11,76.45,149162.3595,47956.77640779976,4281.223592200236,0.0037799999117851257,48050.60057311494,4187.399426885058,True,False,-0.018164146761769345,-0.011231153785469176,0.013973888622833667
2022-03-15,51522,1917.84,76.42,146561.3328,47120.52752905621,4401.472470943787,0.0044800001382827755,47215.432057465856,4306.567942534144,True,False,-0.017591378998644477,-0.01380129847768613,0.014444908024026122
2022-03-16,51105,1927.93,76.2,146908.266,47232.069059752124,3872.9309402478757,0.0043299999833106995,47326.61475875482,3778.3852412451815,True,False,0.002364356396961741,-0.00812656113736317,0.014440666392773473
2022-03-17,51597,1942.64,75.937,147518.25368,47428.18450656678,4168.81549343322,0.0036000001430511477,47520.27147391484,4076.728526085157,True,False,0.004143570717825431,0.009581191481425435,0.014440477763523705
2022-03-18,51383,1921.09,76.065,146127.71085,46981.114938833256,4401.885061166744,0.00382999986410141,47073.223739987414,4309.776260012586,True,False,-0.00947095068301775,-0.004156152807261356,0.014571620159300445
2022-03-21,51546,1935.95,76.285,147683.94574999998,47481.45570434195,4064.544295658052,0.004550000131130219,47577.36090304184,3968.6390969581626,True,False,0.010593517437057793,0.003167234428770769,0.014640586081035961
2022-03-22,51219,1921.44,76.159,146334.94896,47047.7434886749,4171.256511325097,0.005199999809265137,47145.29130827756,4073.708691722437,True,False,-0.009176323564718597,-0.0063640559267682155,0.014783671973805949
2022-03-23,51580,1943.38,76.53,148726.8714,47816.76383686724,3763.2361631327585,0.004799999892711639,47914.33083613838,3665.6691638616176,True,False,0.01621338087488085,0.007023443495992586,0.014994692194075471
2022-03-24,51841,1957.48,76.305,149365.51140000002,48022.09121159998,3818.9087884000182,0.004830000102519989,48120.19582125738,3720.804178742619,True,False,0.004284852709875311,0.005047341528225188,0.014991828264636473
2022-03-25,51687,1957.4,76.285,149320.259,48007.542238011796,3679.457761988204,0.005199999809265137,48107.08008451719,3579.9199154828093,True,False,-0.0003030100850512925,-0.002975042763045208,0.014998024759355013
2022-03-28,51442,1923.2,76.09,146336.288,47048.17399971064,4393.8260002893585,0.0050800001621246335,47145.25771667751,4296.742283322492,True,False,-0.020186073027564717,-0.004751339795998598,0.015143972456205999
2022-03-29,50730,1919.19,75.666,145217.43054,46688.4532415966,4041.5467584033977,0.005550000071525574,46786.60201381988,3943.39798618012,True,False,-0.007675175319994177,-0.013937507843781624,0.015143036287809011
2022-03-30,51042,1933.06,75.823,146570.40837999998,47123.44539360521,3918.5546063947913,0.005249999761581421,47221.34423170891,3820.6557682910934,True,False,0.009273776053618902,0.006131371643203615,0.0148737167508305
2022-03-31,51633,1937.23,75.928,147089.99943999999,47290.49767389521,4342.50232610479,0.0049300000071525575,47387.497191162285,4245.502808837715,True,False,0.0035387242432510005,0.011512179734151019,0.014850104288969938
2022-04-01,51264,1924.3,75.995,146237.1785,47016.3095793078,4247.690420692197,0.005,47113.01775829928,4150.9822417007235,True,False,-0.0058148266312574495,-0.00717225151005934,0.01465023008018269
2022-04-04,51229,1932.44,75.451,145804.53044,46877.21010175704,4351.7898982429615,0.005379999876022339,46975.0993101464,4253.900689853603,True,False,-0.0029629218243177394,-0.0006829734979069249,0.0146230242901979
2022-04-05,51619,1923.76,75.465,145176.5484,46675.30933817737,4943.690661822628,0.006679999828338623,46777.774842455045,4841.225157544955,True,False,-0.004316315119013572,0.007584043818530779,0.014652151210625996
2022-04-06,51433,1925.48,75.947,146234.42956000002,47015.42577523431,4417.574224765689,0.006629999876022339,47118.4442936244,4314.555706375599,True,False,0.007260438947735686,-0.0036098319679132903,0.014679360296461353
2022-04-07,51681,1932.17,75.913,146676.82121,47157.657887376015,4523.342112623985,0.006600000262260437,47260.87152738093,4420.1284726190715,True,False,0.0030206554730508347,0.00481021933373711,0.014569810787684682
2022-04-08,51854,1945.85,75.96,147806.76599999997,47520.94330220071,4333.056697799293,0.006679999828338623,47625.26521218381,4228.734787816189,True,False,0.00767411417454526,0.003341868179968086,0.014301167670003698
2022-04-11,51985,1953.43,75.836,148140.31748,47628.18251322198,4356.817486778018,0.006800000071525574,47733.21063554442,4251.789364455581,True,False,0.0022541301459160956,0.0025231381176235457,0.014011392240574759
2022-04-12,52656,1966.59,76.082,149622.10038,48104.586422749846,4551.413577250154,0.00737999975681305,48212.96341088922,4443.0365891107795,True,False,0.009952868751519251,0.012824976771050519,0.013562172374088341
2022-04-13,52871,1977.72,76.122,150548.00184,48402.270432587975,4468.729567412025,0.007400000095367431,48511.397832481016,4359.602167518984,True,False,0.006169197996231353,0.004074792185640022,0.013428164677280856
2022-04-14,52793,1973.52,76.292,150563.78784,48407.345745655635,4385.654254344365,0.0074800002574920655,48516.80360250859,4276.196397491411,True,False,0.00010485142432476024,-0.0014763782209267211,0.013343258004240613
2022-04-18,53104,1978.5,76.284,150927.894,48524.40850708119,4579.5914929188075,0.007549999952316284,48634.41087662892,4469.589123371079,True,False,0.0024153657228210314,0.005873648811921311,0.01267517944816827
2022-04-19,52603,1949.84,76.445,149055.5188,47922.426350732225,4680.573649267775,0.008330000042915344,48034.14340814848,4568.856591851523,True,False,-0.012483353645823479,-0.009479102639811644,0.012166907698052985
2022-04-20,52499,1957.41,76.269,149289.70329,47997.71835645506,4501.281643544942,0.007950000166893005,48108.10835747008,4390.891642529918,True,False,0.001569889649689463,-0.001979030540684901,0.011070074537270793
2022-04-21,52356,1951.49,76.262,148824.53038,47848.16190460881,4507.838095391191,0.00800000011920929,47958.405029331705,4397.594970668295,True,False,-0.0031207720732307773,-0.0027275778676494047,0.008877242593205204
2022-04-22,52250,1929.73,76.475,147576.10175,47446.7830790747,4803.216920925297,0.007799999713897705,47555.31967964121,4694.6803203587915,True,False,-0.008423976721955051,-0.0020266530845525032,0.008978028019481263
2022-04-25,51462,1897.69,76.748,145643.91212000002,46825.57015126915,4636.429848730848,0.007979999780654907,46933.38005195101,4528.619948048989,True,False,-0.013179302271337005,-0.015196219608580978,0.009244401708988102
2022-04-26,51655,1905.56,76.68,146118.3408,46978.102400051444,4676.897599948556,0.008330000042915344,47087.61804361929,4567.381956380712,True,False,0.003252162289012453,0.003743325065069301,0.00871715915948062
2022-04-27,51357,1886.12,76.632,144537.14784,46469.737437908916,4887.262562091084,0.008080000281333924,46577.110905082394,4779.889094917606,True,False,-0.010880293820983511,-0.005785749840657672,0.008346638361787471
2022-04-28,51391,1894.34,76.67,145239.0478,46695.40334689023,4695.596653109773,0.007850000262260437,46802.413473711975,4588.586526288025,True,False,0.004844437488491622,0.0006618133927861485,0.008387794070884594
2022-04-29,51809,1896.4,76.535,145140.974,46663.8719115212,5145.128088478799,0.008080000281333924,46771.69394786419,5037.306052135813,True,False,-0.0006754858899811578,0.0081008194937008,0.008344189205386529
2022-05-02,50831,1862.77,76.485,142473.96345,45806.40874821162,5024.591251788377,0.007649999856948852,45910.62689605998,4920.373103940023,True,False,-0.018546234206356368,-0.01905747466073803,0.00882947348603874
2022-05-03,51022,1867.79,76.47,142829.9013,45920.845338948995,5101.154661051005,0.008949999809265136,46030.24188833498,4991.758111665018,True,False,0.002495150459862331,0.0037505075724558073,0.008588232814359891
2022-05-04,50836,1880.92,76.282,143480.33944,46129.96590094363,4706.034099056371,0.008330000042915344,46237.50436344651,4598.495636553489,True,False,0.004543597583544608,-0.003652147239131596,0.008509036602730266
2022-05-05,51653,1876.84,76.514,143604.53576,46169.895915250694,5483.104084749306,0.008029999732971192,46276.386386021455,5376.613613978545,True,False,0.0008652237611708283,0.01594351211171886,0.007899307503694759
2022-05-06,51381,1882.96,76.979,144948.37784,46601.95085440545,4779.049145594552,0.008149999976158142,46709.89855523586,4671.101444764143,True,False,0.009314421947956442,-0.005279822813201358,0.008070550647193258
2022-05-09,51026,1853.92,77.365,143428.5208,46113.305833748615,4912.6941662513855,0.00800000011920929,46219.5518152881,4806.448184711902,True,False,-0.010540865927422975,-0.006933147578317159,0.008254394014649084
2022-05-10,50662,1838.14,77.225,141950.3615,45638.066937804426,5023.933062195574,0.008780000209808349,45746.15063264641,4915.849367353592,True,False,-0.010359368621150567,-0.00715918406696579,0.0076539563959550985
2022-05-11,50862,1852.12,77.425,143400.39099999997,46104.26189978619,4757.738100213814,0.008830000162124634,46213.63959305927,4648.36040694073,True,False,0.010163225213474637,0.003939960181264942,0.007809967811274717
2022-05-12,50249,1821.72,77.435,141064.88820000002,45353.38087353514,4895.619126464859,0.009049999713897704,45461.79921746577,4787.20078253423,True,False,-0.016420670281950194,-0.012125436610668328,0.008113276136916961
2022-05-13,49944,1811.15,77.48,140327.902,45116.43448486505,4827.565515134949,0.009430000185966491,45225.698911149426,4718.301088850574,True,False,-0.005238143341222964,-0.006088268484212184,0.008091881840477794
2022-05-16,50291,1823.79,77.833,141951.04707,45638.28735351327,4652.712646486732,0.009800000190734863,45750.20690631657,4540.793093683431,True,False,0.01150041804406663,0.0069237568956533,0.00839059080730111
2022-05-17,50237,1814.67,77.476,140593.37292,45201.785303904704,5035.214696095296,0.010379999876022339,45314.79457472826,4922.205425271743,True,False,-0.00961041523740948,-0.0010743276538638254,0.008531045738134962
2022-05-18,50235,1815.61,77.81,141272.6141,45420.1662513865,4814.833748613499,0.01003000020980835,45532.41164371484,4702.5883562851595,True,False,0.004819613050890931,-3.981208695490391e-05,0.008579378358446134
2022-05-19,50579,1841.72,77.415,142576.7538,45839.45658848683,4739.543411513172,0.01,45952.62485073141,4626.3751492685915,True,False,0.009189020826263153,0.006824475471759265,0.008649638560476519
2022-05-20,50842,1845.68,77.865,143713.8732,46205.04869226936,4636.95130773064,0.009779999852180482,46318.28198260611,4523.7180173938905,True,False,0.007943853361304723,0.005186314264522564,0.00877134343468824
2022-05-23,50934,1853.22,77.545,143707.9449,46203.14270098221,4730.857299017793,0.009929999709129333,46316.94234709624,4617.057652903757,True,False,-4.125156566065926e-05,0.0018078923333263023,0.008629912444789887
2022-05-24,51146,1865.9,77.475,144560.6025,46477.27828057936,4668.721719420639,0.010429999828338622,46593.66789975418,4552.332100245818,True,False,0.005915734438020897,0.004153610987339276,0.008702197746724533
2022-05-25,50815,1852.83,77.531,143651.76273000002,46185.07972736188,4629.920272638119,0.010449999570846557,46300.81372514081,4514.186274859188,True,False,-0.006306757738950555,-0.006492701381495373,0.008512682181370041
2022-05-26,50858,1850.02,77.636,143628.15271999998,46177.48893854389,4680.511061456113,0.01027999997138977,46292.55708425642,4565.442915743581,True,False,-0.000164369374839339,0.0008458489975457127,0.008397339532668103
2022-05-27,50961,1852.73,77.624,143816.31352,46237.98399537029,4723.01600462971,0.01024999976158142,46353.0885904716,4607.911409528402,True,False,0.0013091977684379225,0.0020231987180082452,0.00840848639487843
2022-05-31,50924,1837.09,77.598,142554.50981999998,45832.3049881846,5091.695011815398,0.010299999713897705,45946.588509119465,4977.411490880535,True,False,-0.008812433132245317,-0.0007263091058848271,0.008476498810171955
2022-06-01,50504,1845.55,77.56,143140.858,46020.82016493321,4483.179835066789,0.01103000044822693,46138.3419714662,4365.658028533799,True,False,0.004104714806825165,-0.008281784134074401,0.008301730191940844
2022-06-02,51078,1868.13,77.399,144591.39387,46487.177928528945,4590.822071471055,0.011130000352859498,46606.2737203788,4471.726279621202,True,False,0.010082624724383578,0.011301335064650477,0.008546829905186638
2022-06-03,51287,1850.77,77.615,143647.51355,46183.713585287835,5103.286414712165,0.011349999904632568,46302.86917802398,4984.130821976018,True,False,-0.006549314957575637,0.00408343262663547,0.00859802355850575
2022-06-06,50871,1841.0,77.814,143255.574,46057.702187856674,4813.297812143326,0.01159999966621399,46177.481508496465,4693.518491503535,True,False,-0.0027322103583138787,-0.008144292163510404,0.008494847588914787
2022-06-07,50929,1851.97,77.664,143831.39808,46242.83379040944,4686.166209590563,0.012250000238418579,46365.57157176471,4563.428428235289,True,False,0.004011501100274193,0.0011394893177951162,0.008219638990464706
2022-06-08,51036,1853.26,77.709,144014.98134,46301.857135049104,4734.142864950896,0.012330000400543212,46425.0568364947,4610.943163505297,True,False,0.0012755643149774958,0.002098760148601498,0.008197101206335208
2022-06-09,50971,1847.61,77.815,143771.77214999998,46223.66362306492,4747.3363769350835,0.012380000352859497,46346.84573360302,4624.154266396981,True,False,-0.0016902046042803168,-0.001274422516052699,0.007963550095340088
2022-06-10,51645,1870.96,78.144,146204.29824,47005.73833812915,4639.261661870849,0.01287999987602234,47132.941539453255,4512.058460546745,True,False,0.016777819966345486,0.013136541915152638,0.008502797813098666
2022-06-13,50682,1818.77,78.104,142053.21208,45671.13414245985,5010.86585754015,0.014980000257492066,45802.63072250495,4879.369277495047,True,False,-0.028803226245768847,-0.018822567485182132,0.010020406612646407
2022-06-14,50251,1808.1,78.022,141071.5782,45355.53175687623,4895.468243123767,0.01743000030517578,45495.280108951636,4755.719891048364,True,False,-0.0069343119865190855,-0.00854037073472927,0.009519710800492576
2022-06-15,50433,1833.38,78.171,143317.14798,46077.49866735255,4355.501332647451,0.016950000524520874,46217.64810984482,4215.35189015518,True,False,0.015792584196038174,0.0036152754803459803,0.009955377842522905
2022-06-16,50945,1856.71,77.977,144780.67567,46548.03339495555,4396.96660504445,0.014830000400543213,46681.47922005529,4263.520779944709,True,False,0.01016002315431613,0.010100896707217305,0.01009341209849797
2022-06-17,50824,1839.35,77.952,143381.01119999998,46098.03115405018,4725.968845949821,0.015099999904632568,46231.2128338097,4592.787166190297,True,False,-0.009714514740596864,-0.0023779354620165494,0.010256516145184974
2022-06-21,50775,1832.56,78.133,143183.41048,46034.5010947321,4740.498905267901,0.014880000352859498,46166.66442966625,4608.335570333751,True,False,-0.001379101775160891,-0.0009645764977837553,0.010104469502677862
2022-06-22,50898,1837.39,78.18,143647.15020000003,46183.59676563732,4714.403234362682,0.015449999570846558,46318.35807822312,4579.641921776878,True,False,0.0032335475199424518,0.002419522587204366,0.00993978521370483
2022-06-23,50608,1822.43,78.145,142413.79235,45787.063304772775,4820.936695227225,0.01559999942779541,45921.23370168823,4686.76629831177,True,False,-0.00862309605412042,-0.005713963490359669,0.009881967285045548
2022-06-24,50614,1826.18,78.255,142907.7159,45945.86329512756,4668.136704872442,0.015980000495910644,46081.93827868167,4532.061721318329,True,False,0.0034622279015606794,0.00011855130321517595,0.00972128881975064
2022-06-27,50681,1822.73,78.44,142974.9412,45967.47671483917,4713.523285160831,0.016330000162124634,46104.941995712674,4576.058004287326,True,False,0.000470299960977267,0.0013228690413294943,0.009220569728917237
2022-06-28,50824,1819.69,78.995,143746.41155000002,46215.51000691242,4608.489993087584,0.017380000352859498,46357.71759150234,4466.28240849766,True,False,0.005381337694855628,0.0028175970563943673,0.009198553314176005
2022-06-29,50836,1817.11,78.945,143451.74894999998,46120.77385181731,4715.226148182694,0.01705000042915344,46261.435149274366,4574.564850725634,True,False,-0.0020519818294099518,0.0002360810555919316,0.008985357705772898
2022-06-30,50719,1806.89,78.965,142681.06885,45872.99463082933,4846.005369170671,0.01600000023841858,46008.929433908605,4710.070566091395,True,False,-0.005386882704262976,-0.002304171173546191,0.008856062885086868
2022-07-01,52227,1810.18,78.956,142924.57208,45951.28267879821,6275.717321201788,0.01603000044822693,46087.56311297577,6139.436887024232,True,False,0.001705171425943453,0.02929900869841282,0.008821763290842466
2022-07-05,52238,1764.35,79.298,139909.4263,44981.891523461985,7256.108476538015,0.016299999952316284,45116.298175063916,7121.701824936084,True,False,-0.021321764884098347,0.0002105968513981696,0.009504405540172324
2022-07-06,50581,1738.3,79.047,137407.4001,44177.472020833666,6403.527979166334,0.018400000333786012,44317.12365162029,6263.876348379708,True,False,-0.018045021827055852,-0.032234187689366575,0.009873268670892261
2022-07-07,50691,1739.61,79.175,137733.62175,44282.3546385455,6408.645361454503,0.01853000044822693,44422.81247164559,6268.187528354407,True,False,0.0023713061808892464,0.002172368339900223,0.009895325251227435
2022-07-08,50832,1741.82,79.26,138056.6532,44386.21158390535,6445.788416094649,0.01843000054359436,44526.63286416312,6305.367135836881,True,False,0.0023425887499778668,0.002777697480537991,0.009825297874873413
2022-07-11,50709,1733.67,79.41,137670.7347,44262.13599755655,6446.86400244345,0.019529999494552613,44406.179369266494,6302.820630733506,True,False,-0.0027992776121555456,-0.002422667891009949,0.009787347453879486
2022-07-12,50532,1725.81,79.45,137115.6045,44083.657626955166,6448.342373044834,0.0211299991607666,44232.93672252232,6299.063277477682,True,False,-0.004040455263076533,-0.0034966106683593547,0.009795813889001534
2022-07-13,50849,1735.23,79.65,138211.0695,44435.857540148216,6413.142459851784,0.023229999542236326,44594.025667317925,6254.974332682075,True,False,0.00795760733824424,0.0062536576500233886,0.009936842738376313
2022-07-14,50323,1709.45,79.89,136567.96050000002,43907.58612374814,6415.413876251863,0.022730000019073486,44062.06307916144,6260.9369208385615,True,False,-0.011959635965229037,-0.010398227560766615,0.010034744993219569
2022-07-15,50212,1706.78,79.76,136132.7728,43767.67013358625,6444.329866413747,0.022400000095367432,43920.46354921751,6291.5364507824925,True,False,-0.0031916897631153263,-0.0022081871010858002,0.009984266919197436
2022-07-18,50457,1709.01,79.99,136703.7099,43951.23053675631,6505.769463243691,0.02259999990463257,44105.389777220225,6351.610222779775,True,False,0.004185202270045857,0.004867446457443517,0.009801201820137205
2022-07-19,50395,1711.07,79.85,136628.93949999998,43927.19131287475,6467.808687125253,0.024500000476837158,44088.15069897879,6306.849301021211,True,False,-0.0005471018704071606,-0.0012295246065642338,0.009763575350211828
2022-07-20,50309,1696.43,79.98,135680.4714,43622.25196521292,6686.7480347870805,0.02378000020980835,43779.50311838187,6529.496881618128,True,False,-0.00696613409275847,-0.001707976265222408,0.009809952182551786
2022-07-21,50427,1718.49,79.85,137221.4265,44117.6801646117,6309.319835388298,0.023599998950958254,44276.06220365994,6150.937796340062,True,False,0.011293226534647673,0.0023427583777480146,0.01004622131814729
2022-07-22,50720,1726.46,79.83,137823.3018,44311.18742263732,6408.812577362682,0.023550000190734863,44470.08140124058,6249.918598759417,True,False,0.0043765700541245345,0.005793564209603574,0.010092337572784892
2022-07-25,50567,1718.78,79.691,136971.29698,44037.26171652708,6529.7382834729215,0.023929998874664307,44196.553793444036,6370.446206555964,True,False,-0.006201050195025567,-0.0030211205065090196,0.010129345873221559
2022-07-26,50612,1717.0,79.843,137090.431,44075.56416480461,6536.435835195392,0.024749999046325685,44237.9762083168,6374.0237916831975,True,False,0.00086939558020053,0.0008895127045557869,0.009532051500645731
2022-07-27,50722,1733.89,79.845,138442.44705000002,44510.24709437846,6211.752905621543,0.023829998970031737,44670.88290020789,6051.117099792107,True,False,0.009813906136479226,0.0021710392011816356,0.008341052603591921
2022-07-28,51274,1755.11,79.626,139752.38886,44931.4028517691,6342.597148230903,0.02308000087738037,45090.778945699974,6183.221054300026,True,False,0.009417511200088095,0.010824059558447013,0.008463677121857768
2022-07-29,51365,1765.22,79.336,140045.49392,45025.63824649959,6339.361753500409,0.022980000972747803,45184.977218074135,6180.022781925865,True,False,0.0020951206942947964,0.001773205581581108,0.007916659687171994
2022-08-01,51260,1771.73,78.959,139894.02907000002,44976.94120275854,6283.058797241458,0.02265000104904175,45134.88362005706,6125.116379942941,True,False,-0.0010821256188663822,-0.002046285732301934,0.0076427927884588475
2022-08-02,51274,1759.75,78.587,138293.47325,44462.35094121241,6811.649058787589,0.024630000591278078,44625.74809687201,6648.251903127988,True,False,-0.011507155914848188,0.0002730801507208674,0.0077187379595027505
2022-08-03,51216,1764.9,79.108,139617.7092,44888.10236790073,6327.897632099273,0.02427999973297119,45051.76810946779,6164.23189053221,True,False,0.009529994156094655,-0.0011318178591385268,0.007963310266654847
2022-08-04,51802,1790.97,79.16,141773.1852,45581.103477100645,6220.896522899355,0.02378000020980835,45745.41597270961,6056.584027290388,True,False,0.015320454237727805,0.011376775331191795,0.008466417454410582
2022-08-05,51641,1774.15,79.36,140796.544,45267.10627421351,6373.893725786489,0.024100000858306884,45431.481757674694,6209.518242325306,True,False,-0.006912595285737378,-0.003112827934290878,0.008414996047435423
2022-08-08,52183,1788.52,79.584,142337.57568,45762.55909463565,6420.440905364347,0.024600000381469728,45930.62120272152,6252.378797278478,True,False,0.010885631862467191,0.01044084072394743,0.00863808290852456
2022-08-09,52383,1794.08,79.563,142742.38704,45892.7088719919,6490.2911280081025,0.02569999933242798,46065.41357857888,6317.586421421118,True,False,0.0028399865653286555,0.003825339859744547,0.00865461109712989
2022-08-10,52184,1792.13,79.09,141739.56170000002,45570.29327889145,6613.706721108552,0.025350000858306885,45740.46882733873,6443.531172661271,True,False,-0.007050215300261299,-0.0038061767143052505,0.008682945373595872
2022-08-11,52246,1789.45,79.58,142404.431,45784.05356310383,6461.946436896171,0.02490000009536743,45953.32768990814,6292.672310091861,True,False,0.004679813971112063,0.0011873983967165638,0.008727486909291296
2022-08-12,52456,1801.76,79.641,143493.96816000002,46134.34763290306,6321.65236709694,0.025,46305.297466630946,6150.702533369054,True,False,0.007621885521212487,0.004011390070806752,0.008786137965633201
2022-08-16,51821,1775.54,79.248,140707.99392,45238.63678364172,6582.363216358281,0.025980000495910646,45409.92511077163,6411.074889228366,True,False,-0.019606222729786175,-0.012179250445043723,0.00949249996716222
2022-08-17,51563,1761.05,79.35,139739.31749999998,44927.200315077076,6635.799684922924,0.02568000078201294,45096.197467834834,6466.802532165166,True,False,-0.00690810881626397,-0.004991111498693245,0.008738179349700692
2022-08-18,51642,1758.2,79.75,140216.45,45080.60186152684,6561.39813847316,0.02565000057220459,45250.064469694495,6391.935530305505,True,False,0.003408631057934341,0.0015309338778111145,0.008065917160983215
2022-08-19,51517,1747.83,79.92,139686.5736,44910.242770106255,6606.757229893745,0.025799999237060545,45079.620748741865,6437.379251258135,True,False,-0.0037861472603074446,-0.0024234446083802688,0.008099524958240725
2022-08-22,51217,1735.7,79.85,138595.645,44559.501342292664,6657.498657707336,0.026480000019073486,44730.0564217078,6486.943578292201,True,False,-0.007840487933867464,-0.0058403421017270635,0.008230628478277104
2022-08-23,51458,1747.67,79.847,139546.20648999998,44865.11372996608,6592.886270033923,0.027030000686645506,45038.87452577307,6419.12547422693,True,False,0.006835110830375881,0.004694432775072791,0.008300062591458173
2022-08-24,51480,1750.89,79.78,139686.0042,44910.05970389184,6569.940296108158,0.027130000591278076,45084.36512821245,6395.634871787552,True,False,0.0010013008265393525,0.0004274417675681524,0.00825691386826806
2022-08-25,51628,1758.44,79.862,140432.53527999998,45150.074840452035,6477.925159547965,0.027300000190734863,45325.94512970441,6302.054870295593,True,False,0.0053301209467184855,0.002870778245015361,0.008190052884774646
2022-08-26,51242,1736.86,79.961,138881.06246,44651.26511807352,6590.734881926481,0.02755000114440918,44826.11350329257,6415.886496707433,True,False,-0.011109296424963808,-0.007504652699891536,0.008146688711006756
2022-08-29,51181,1737.82,79.954,138945.66027999998,44672.033783979285,6508.966216020715,0.027980000972747804,44848.54852616569,6332.451473834313,True,False,0.0004650223745722338,-0.0011911388499124451,0.008115920470910476
2022-08-30,50701,1723.55,79.665,137306.61075000002,44145.06751651744,6555.93248348256,0.02872999906539917,44322.2321329391,6378.767867060902,True,False,-0.011866463628538616,-0.009422735154634865,0.008401090790946135
2022-08-31,50520,1710.7,79.491,135985.2537,43720.24167698169,6799.758323018308,0.02859999895095825,43895.23234617418,6624.7676538258165,True,False,-0.009670008649656165,-0.0035763367862119183,0.008590057145151783
2022-09-01,50169,1696.09,79.673,135132.57856999998,43446.10046136287,6722.899538637132,0.0286299991607666,43620.10143485401,6548.898565145988,True,False,-0.00629009116971322,-0.006971991415194866,0.008572448232691423
2022-09-02,50313,1711.44,79.717,136430.86248,43863.50811966499,6449.491880335008,0.028199999332427977,44037.62437938374,6275.375620616258,True,False,0.00956162432048139,0.002866186950505028,0.008498356503063846
2022-09-06,50354,1701.15,79.87,135870.8505,43683.46022151847,6670.539778481529,0.028450000286102294,43857.762961931,6496.237038068997,True,False,-0.00411317845492624,0.000814566884222683,0.008482295944426847
2022-09-07,50570,1717.69,79.63,136779.65469999998,43975.64733872393,6594.352661276069,0.02933000087738037,44154.30945750734,6415.690542492659,True,False,0.006666465298269043,0.004280455190068472,0.008508089248513095
2022-09-08,50429,1707.28,79.667,136013.87576,43729.443876091114,6699.556123908886,0.02950000047683716,43907.71923082089,6521.2807691791095,True,False,-0.00561436299623409,-0.0027921086664516046,0.008566169652197048
2022-09-09,50592,1716.05,79.635,136657.64175,43936.41929364862,6655.5807063513785,0.029679999351501465,44116.19111076262,6475.808889237378,True,False,0.0047219246955185305,0.003227054601621419,0.008408620066717474
2022-09-12,50696,1724.07,79.35,136804.9545,43983.781407237126,6712.218592762874,0.02994999885559082,44164.72709412964,6531.272905870363,True,False,0.0010773887637268104,0.0020535509941542397,0.00820718740444113
2022-09-13,50233,1701.55,79.577,135404.24435,43533.44297265581,6699.557027344192,0.03153000116348267,43718.213022547294,6514.786977452706,True,False,-0.010291514900644972,-0.00917483077895846,0.008371110136716584
2022-09-14,50101,1695.8,79.431,134699.0898,43306.73068947224,6794.269310527758,0.03128000020980835,43489.64486348124,6611.3551365187595,True,False,-0.005221380582064059,-0.002631213270797659,0.008404451855197809
2022-09-15,49394,1663.74,79.839,132831.33786,42706.23494462038,6687.765055379619,0.030950000286102296,42885.449601298846,6508.550398701154,True,False,-0.01396313908979745,-0.014212008644019631,0.008518877898815135
2022-09-16,49451,1674.94,79.686,133469.26884,42911.33436429984,6539.665635700163,0.03069999933242798,43090.52427660178,6360.475723398224,True,False,0.004791068320709394,0.0011533209837262157,0.008352618561398847
2022-09-19,49361,1675.78,79.693,133547.93554,42936.62627678557,6424.373723214427,0.030350000858306886,43114.681505714034,6246.318494285966,True,False,0.0005892257201829917,-0.0018216415999642902,0.007740151229229628
2022-09-20,49218,1663.11,79.751,132634.68561,42643.00982526082,6574.990174739178,0.03243000030517578,42827.16850503703,6390.831494962971,True,False,-0.006861856791566795,-0.002901228462534205,0.007739044490120371
2022-09-21,49428,1673.74,79.907,133743.54218,42999.515224974675,6428.484775025325,0.03190000057220459,43183.33233683011,6244.6676631698865,True,False,0.008325477529401899,0.004257654993276053,0.0076051190380296025
2022-09-22,49955,1670.53,81.047,135391.44491,43529.32786020865,6425.67213979135,0.03130000114440918,43713.25407620344,6241.7459237965595,True,False,0.012246072812180445,0.010605534943037877,0.007998494074139925
2022-09-23,49382,1643.09,81.25,133501.0625,42921.55625572685,6460.4437442731505,0.031080000400543213,43102.13503921544,6279.864960784558,True,False,-0.014060738046159543,-0.011536614860519032,0.008256557486328453
2022-09-26,49110,1621.57,81.61,132336.3277,42547.08560129889,6562.914398701112,0.031649999618530274,42728.090650869664,6381.909349130336,True,False,-0.008762817391128268,-0.005523305273309655,0.00824652420159407
2022-09-27,49160,1628.8,81.705,133081.104,42786.53656340927,6373.463436590733,0.0325,42971.56231155785,6188.437688442151,True,False,0.005612127658811122,0.0010176046466807466,0.008169737222843627
2022-09-28,49726,1659.44,81.406,135088.37264000002,43431.88793544135,6294.112064558649,0.03230000019073486,43618.98740611546,6107.012593884538,True,False,0.014970429543689486,0.011447650448332214,0.00811364459609044
2022-09-29,49902,1660.29,81.461,135248.88369,43483.49339784912,6418.506602150883,0.03217999935150147,43670.38445205594,6231.615547944057,True,False,0.0011874875926519857,0.003533146968439186,0.008057137136878771
2022-09-30,50029,1659.67,81.509,135278.04203,43492.86801485364,6536.131985146363,0.03180000066757202,43678.43514118955,6350.564858810452,True,False,0.00021556700897947347,0.0025417551785497654,0.008016666611007311
2022-10-03,50245,1699.22,81.494,138476.23468,44521.11006156863,5723.88993843137,0.03150000095367431,44709.961846237886,5535.038153762114,True,False,0.023366489122756774,0.004308202207767007,0.009164639166752952
2022-10-04,51127,1726.24,81.451,140603.97423999998,45205.193704888516,5921.806295111484,0.03315000057220459,45403.10425680038,5723.895743199617,True,False,0.015248525118528465,0.017401693901285264,0.009473005705703284
2022-10-05,51361,1715.81,81.631,140063.28611,45031.35856414872,6329.6414358512775,0.03292999982833862,45227.690231373235,6133.309768626765,True,False,-0.0038528811532064625,0.004566396194937002,0.009426606452270829
2022-10-06,51711,1710.85,82.06,140392.351,45137.15530406546,6573.844695934538,0.032880001068115235,45333.761934302616,6377.238065697384,True,False,0.0023466459394245183,0.006791395243219622,0.009434124511808467
2022-10-07,51716,1694.52,82.82,140340.1464,45120.37114794154,6595.628852058457,0.03292999982833862,45317.090900037074,6398.909099962926,True,False,-0.0003719170461936758,9.668655194281219e-05,0.009383845605810886
2022-10-10,50871,1667.96,82.37,137389.8652,44171.83442377867,6699.165576221327,0.03285000085830689,44364.12695572713,6506.87304427287,True,False,-0.021246477217624578,-0.01647419479920675,0.009961592363225837
2022-10-11,50874,1665.31,82.256,136981.73936,44040.619017152414,6833.380982847586,0.033399999141693115,44234.33991430143,6639.660085698568,True,False,-0.0029749881855748875,5.897095682086943e-05,0.009971563839411071
2022-10-12,50713,1672.51,82.159,137411.74909,44178.87025254393,6534.129747456071,0.03532999992370606,44380.23876145536,6332.761238544641,True,False,0.0031342586476702777,-0.003169699563864806,0.00975435597467846
2022-10-13,50615,1665.8,82.172,136882.1176,44008.589901458035,6606.4100985419645,0.0358299994468689,44210.999119142725,6404.000880857275,True,False,-0.003861786299548017,-0.0019343129353411525,0.00961188162125495
2022-10-14,50067,1641.76,82.34,135182.5184,43462.15647756683,6604.84352243317,0.03628000020980835,43663.66740810504,6403.332591894963,True,False,-0.012494246475847234,-0.010885866621339531,0.009821223686947315
2022-10-17,50231,1649.94,82.171,135577.21974000003,43589.05581043935,6641.944189560651,0.03687999963760376,43793.31472077367,6437.685279226331,True,False,0.002915511902164229,0.0032702575556699367,0.009672220280055573
2022-10-18,50192,1651.83,82.291,135930.74253,43702.715941935785,6489.284058064215,0.0383299994468689,43912.740588873065,6279.259411126935,True,False,0.0026041445475911374,-0.000776714536723271,0.00965646748653428
2022-10-19,49981,1628.49,83.013,135185.84037000002,43463.224514925976,6517.775485074024,0.03892999887466431,43674.25196775215,6306.748032247851,True,False,-0.005495082790209555,-0.004212718238472153,0.009622808647456524
2022-10-20,49938,1627.66,82.82,134802.8012,43340.07465397784,6597.925346022159,0.038900001049041746,43550.3967990948,6387.6032009052,True,False,-0.0028374484553393754,-0.0008606972178370987,0.009584106444638038
2022-10-21,50361,1656.66,82.529,136722.49314,43957.26948414166,6403.73051585834,0.038849999904632566,44170.40524596554,6190.594754034457,True,False,0.014140295334908489,0.008434830016373518,0.009903165868934923
2022-10-24,50319,1648.6,82.744,136411.7584,43857.36601990129,6461.633980098712,0.03913000106811523,44071.03160944239,6247.968390557609,True,False,-0.002275327040143041,-0.0008343266276590197,0.009909688455912941
2022-10-25,50353,1652.52,82.515,136357.68779999999,43839.9819312939,6513.0180687061,0.039649999141693114,44055.44569899404,6297.554301005963,True,False,-0.0003964564320636361,0.0006754609284150894,0.00972152376648384
2022-10-26,50411,1664.49,81.901,136323.39549,43828.956705836965,6582.043294163035,0.03930000066757202,44043.09928103713,6367.900718962868,True,False,-0.00025151953899416903,0.0011512049225017543,0.009667551496461082
2022-10-27,50450,1662.94,82.368,136973.04192,44037.822727345796,6412.177272654204,0.03930000066757202,44252.9857947292,6197.014205270803,True,False,0.004754161157516927,0.0007733415679734496,0.009305880074585408
2022-10-28,49956,1641.76,82.261,135052.81936,43420.45729901779,6535.542700982209,0.039700000286102294,43634.03851809248,6321.961481907521,True,False,-0.014118175722094284,-0.00984012879877926,0.009674956129922276
2022-10-31,50070,1633.12,82.77,135173.3424,43459.2063272622,6610.793672737796,0.03974999904632568,43673.157623138824,6396.842376861176,True,False,0.0008920161334982187,0.0022794083410146234,0.009675325654265534
2022-11-01,50250,1647.5,82.65,136165.875,43778.31273007861,6471.687269921393,0.040500001907348634,43996.547041362246,6253.452958637754,True,False,0.007315839091202905,0.0035885205973318107,0.009654457167786365
2022-11-02,50414,1634.89,82.712,135225.02168,43475.821589210216,6938.178410789784,0.040250000953674314,43691.650199865326,6722.349800134674,True,False,-0.006933593578697021,0.003258367342811579,0.009650400358308426
2022-11-03,49876,1629.15,82.731,134781.20865,43333.13249312778,6542.867506872222,0.040250000953674314,43548.252747086284,6327.747252913716,True,False,-0.003287431028207199,-0.010728989147657077,0.009404662128609244
2022-11-04,50615,1680.27,81.962,137718.28974,44277.425286543315,6337.574713456685,0.04013000011444092,44496.79445001406,6118.205549985942,True,False,0.021557432953430884,0.01470804991637525,0.009826844396054553
2022-11-07,50901,1674.68,81.804,136995.52272,44045.05046698925,6855.949533010753,0.039830000400543214,44262.17693838743,6638.823061612573,True,False,-0.005261975589903948,0.0056345946781971605,0.009726738026780674
2022-11-08,51581,1712.52,81.37,139347.7524,44801.309306026655,6779.690693973345,0.04090000152587891,45026.123526907635,6554.876473092365,True,False,0.01702438020854788,0.013270817895795685,0.010122253182561635
2022-11-09,51474,1706.32,81.335,138783.5372,44619.9100422782,6854.089957721801,0.04092999935150146,44843.92456249924,6630.07543750076,True,False,-0.004057191657682406,-0.0020765618058247205,0.009843583502220607
2022-11-10,52033,1754.75,80.63,141485.4925,45488.60819521918,6544.391804780818,0.04054999828338623,45715.55616497419,6317.443835025813,True,False,0.0192817523562778,0.01080130686397012,0.010400426523021096
2022-11-11,52275,1770.69,80.477,142499.81913000002,45814.72153616152,6460.2784638384765,0.04063000202178955,46043.599288981575,6231.400711018425,True,False,0.007143545119417528,0.004640112631843917,0.010447669318302146
2022-11-14,52601,1771.8,80.965,143453.787,46121.42909961902,6479.5709003809825,0.04067999839782715,46352.02955269701,6248.970447302992,True,False,0.006672211076487364,0.006216885655096606,0.009671462840481862
2022-11-15,52545,1778.25,81.061,144146.72325,46344.21311106467,6200.786888935327,0.04130000114440918,46578.30098108414,5966.6990189158605,True,False,0.004818750775160394,-0.0010651856522339463,0.009329615561226025
2022-11-16,52883,1773.77,81.48,144526.7796,46466.403973829314,6416.596026170686,0.04125,46700.91711210017,6182.082887899829,True,False,0.002633124036921789,0.006411980840562378,0.009292444834658306
2022-11-17,52698,1760.87,81.51,143528.5137,46145.4542736348,6552.545726365199,0.0411299991607666,46377.890166905694,6320.109833094306,True,False,-0.006931099130051674,-0.003504421995086971,0.009401400676846527
2022-11-18,52501,1749.74,81.617,142808.52958,45913.97417653962,6587.0258234603825,0.04135000228881836,46146.078524902456,6354.921475097544,True,False,-0.005028938129216957,-0.00374528712781326,0.009458606287854185
2022-11-21,52201,1737.81,81.699,141977.33919,45646.740460076835,6554.259539923165,0.04098000049591064,45876.098724276744,6324.901275723256,True,False,-0.005837317376544944,-0.005730565242001144,0.00861299581267708
2022-11-22,52161,1740.24,81.714,142201.97136,45718.9613258958,6442.038674104202,0.04197999954223633,45952.45922931611,6208.540770683889,True,False,0.0015809188666874479,-0.0007665625794585573,0.008578859765998518
2022-11-23,52259,1749.28,81.604,142748.24512,45894.592287041654,6364.407712958346,0.04199999809265137,46129.06300372093,6129.936996279073,True,False,0.003834174516335216,0.0018770356018637613,0.008585119525003383
2022-11-25,52386,1756.14,81.685,143450.29590000003,46120.30668574277,6265.693314257231,0.041750001907348636,46354.978059096975,6031.021940903025,True,False,0.004906050084356595,0.0024272552410994617,0.008553577151773122
2022-11-28,52148,1740.75,81.64,142114.83,45690.944748983224,6457.055251016776,0.04183000087738037,45923.73338343668,6224.26661656332,True,False,-0.009353212382714197,-0.0045535502561932124,0.008393305883915425
2022-11-29,52357,1749.73,81.616,142805.96368000002,45913.14922114875,6443.850778851251,0.042529997825622556,46149.725056368196,6207.2749436318045,True,False,0.0048514187162797835,0.003999813954177798,0.00841065990627055
2022-11-30,52434,1768.45,81.359,143879.32355,46258.242175317886,6175.757824682114,0.042529997825622556,46496.59616462273,5937.40383537727,True,False,0.007488105830577856,0.0014695921187522839,0.00847515345409126
2022-12-01,53339,1802.89,81.12,146250.43680000002,47020.57221856062,6318.427781439379,0.04192999839782715,47260.52354058468,6078.476459415317,True,False,0.016345555445152215,0.017112535048123493,0.008752050635526724
2022-12-02,53346,1797.82,81.41,146360.5262,47055.96675615284,6290.03324384716,0.04208000183105469,47296.68182005092,6049.318179949078,True,False,0.0007524626149728398,0.0001312274454710658,0.00869920909173183
2022-12-05,53300,1768.39,81.89,144813.4571,46558.57286157506,6741.427138424937,0.041579999923706056,46794.820382531936,6505.179617468064,True,False,-0.010626523982310242,-0.0008626671952580205,0.008755216454864696
2022-12-06,53446,1770.91,82.48,146064.65680000003,46960.84260613758,6485.157393862421,0.0421999979019165,47201.53659377154,6244.46340622846,True,False,0.008602967064778812,0.002735467203276744,0.00880077356035535
2022-12-07,53665,1786.22,82.204,146834.42888,47208.32989213432,6456.670107865677,0.04183000087738037,47448.84938042227,6216.150619577733,True,False,0.005256239366451417,0.004089221558412069,0.008802027766443114
2022-12-08,53741,1789.23,82.28,147217.8444,47331.600752326915,6409.3992476730855,0.041500000953674315,47571.45797595309,6169.54202404691,True,False,0.002607806652966401,0.0014151911938660004,0.008787038556912971
2022-12-09,53950,1796.63,82.41,148060.2783,47602.44933849888,6347.550661501118,0.04172999858856201,47844.58355355364,6105.416446446361,True,False,0.005706052165541649,0.0038814805767900086,0.00879693746344664
2022-12-12,53791,1781.15,82.634,147183.5491,47320.57456556336,6470.425434436642,0.041680002212524415,47561.079556062534,6229.920443937466,True,False,-0.00593903543880301,-0.002951524775662669,0.008377874634312162
2022-12-13,54376,1810.29,82.375,149122.63874999998,47944.00589965758,6431.994100342417,0.04248000144958496,48190.84806190716,6185.151938092837,True,False,0.01308860504309737,0.010816713115856236,0.008572395876166573
2022-12-14,54340,1807.27,82.474,149052.78598000002,47921.547729355225,6418.452270644775,0.0421999979019165,48167.165733131464,6172.834266868536,True,False,-0.00046853473146594147,-0.0006622760461353908,0.008563633511666195
2022-12-15,53795,1776.66,82.843,147183.84438000002,47320.66950021702,6474.330499782976,0.04212999820709228,47562.93410204253,6232.065897957473,True,False,-0.012618064111171886,-0.010080077952329179,0.00884945155378912
2022-12-16,53957,1792.34,82.706,148237.27204,47659.35410484351,6297.645895156493,0.041630001068115235,47901.38406933839,6055.61593066161,True,False,0.007131732068988229,0.003006907009802078,0.008805648431982043
2022-12-19,53945,1787.44,82.649,147730.12856,47496.30381146816,6448.696188531838,0.041630001068115235,47737.505752640915,6207.494247359085,True,False,-0.0034270259178384973,-0.0002224240523710691,0.00816502584170761
2022-12-20,54541,1817.41,82.6,150118.066,48264.04295336537,6276.957046634627,0.04230000019073486,48511.815123351866,6029.184876648134,True,False,0.016034937587541376,0.010987703412901985,0.008403687979609926
2022-12-21,54684,1814.13,82.88,150355.0944,48340.24929670295,6343.750703297053,0.04204999923706055,48587.41430010588,6096.5856998941235,True,False,0.001577701308502211,0.0026184496535404354,0.007980453011126638
2022-12-22,54066,1792.57,82.96,148711.60719999997,47811.85628627002,6254.14371372998,0.04208000183105469,48056.43810733165,6009.561892668353,True,False,-0.010990884211102466,-0.011365639588790501,0.008272973738727226
2022-12-23,54104,1797.91,82.78,148830.9898,47850.238654813766,6253.761345186234,0.04192999839782715,48094.42385892018,6009.576141079822,True,False,0.0008024572455168879,0.0007025977916834447,0.007628024118784058
2022-12-27,54546,1813.93,82.83,150247.8219,48305.76041281528,6240.239587184718,0.04195000171661377,48552.350021465034,5993.649978534966,True,False,0.00947471130458011,0.008136262095137296,0.0076970853760446835
2022-12-28,54324,1804.09,82.736,149263.19024,47989.19421930008,6334.80578069992,0.043379998207092284,48239.83731740772,6084.162682592279,True,False,-0.006574951619287002,-0.004078264125954304,0.007785328732254399
2022-12-29,54642,1814.89,82.758,150196.66662,48289.31362065363,6352.686379346371,0.04295000076293945,48539.808677837114,6102.191322162886,True,False,0.006234420955893427,0.005836699571914627,0.00781149278529343
2022-12-30,54779,1824.4,82.717,150908.8948,48518.30012699536,6260.69987300464,0.042600002288818356,48768.58007856135,6010.419921438654,True,False,0.004730762892277409,0.002504091017042013,0.007832544406267471
2023-01-03,55380,1839.49,82.774,152261.94526,48953.31562685871,6426.684373141288,0.04255000114440918,49205.6373706498,6174.362629350202,True,False,0.008926052672781659,0.01091160891203722,0.0077830179786870695
2023-01-04,55688,1854.09,82.641,153223.85169,49262.57549471925,6425.424505280753,0.04400000095367432,49522.392898546765,6165.607101453235,True,False,0.006297573364501932,0.005546166123549454,0.007706190527493734
2023-01-05,55071,1833.19,82.568,151362.83192,48664.244191168196,6406.755808831804,0.04498000144958496,48924.84655491984,6146.153445080163,True,False,-0.01222012011117733,-0.011141422049742541,0.008021585998983905
2023-01-06,55628,1865.71,82.27,153491.96169999999,49348.77480026363,6279.225199736371,0.04493000030517578,49612.83900702171,6015.1609929782935,True,False,0.013968383921411708,0.01006340979974157,0.0083059336888364
2023-01-09,55792,1871.59,82.17,153788.5503,49444.13017827576,6347.869821724242,0.044829998016357425,49708.29605719303,6083.703942806969,True,False,0.0019304100359134962,0.0029438183169309537,0.00830302969409639
2023-01-10,55642,1877.27,81.602,153188.98654,49251.36609706303,6390.63390293697,0.04565000057220459,49517.8393571453,6124.160642854702,True,False,-0.003906243619998637,-0.0026921781610241423,0.008369968955412553
2023-01-11,55641,1876.38,81.637,153182.03406,49249.13082450528,6391.869175494721,0.04554999828338623,49515.18500559158,6125.814994408422,True,False,-4.538601586783827e-05,-1.7972197011757355e-05,0.008095355097432715
2023-01-12,55801,1896.86,81.1,153835.346,49459.17533396563,6341.824666034372,0.044749999046325685,49723.09465161534,6077.905348384658,True,False,0.004255869331961535,0.0028714507983773354,0.008090117856233463
2023-01-13,56224,1920.21,81.28,156074.6688,50179.13379523205,6044.866204767954,0.0448799991607666,50447.43391128594,5776.566088714062,True,False,0.01445169027602418,0.0075519216310499515,0.008334961475356036
2023-01-17,56306,1908.39,81.63,155781.8757,50084.99869789573,6221.001302104269,0.04493000030517578,50353.002422510355,5952.997577489645,True,False,-0.0018777427711181207,0.0014573893986295923,0.00796283982875159
2023-01-18,56220,1903.76,81.44,155042.2144,49847.19224524571,6372.807754754293,0.0453000020980835,50115.44751579725,6104.552484202752,True,False,-0.004759365311538435,-0.0015285359249303308,0.008058129712205351
2023-01-19,56443,1931.39,81.24,156906.1236,50446.45252142042,5996.547478579581,0.04525000095367432,50717.72430826831,5725.275691731687,True,False,0.011950256851879858,0.003958713885251796,0.00789856759494838
2023-01-20,56569,1926.57,80.979,156011.71203,50158.89273875931,6410.107261240693,0.04538000106811523,50429.1570254276,6139.842974572399,True,False,-0.005716606111299957,0.0022298526211118274,0.007960312053526314
2023-01-23,56705,1931.3,81.478,157358.46139999997,50591.882392656764,6113.117607343236,0.04534999847412109,50864.3542681741,5840.645731825898,True,False,0.008595314906155258,0.002401258282544275,0.008027634622537024
2023-01-24,56881,1937.45,81.594,158084.2953,50825.24323629173,6055.756763708268,0.045729999542236326,51100.567916796805,5780.432083203195,True,False,0.004602008862705282,0.003098975945161147,0.008038457559188805
2023-01-25,56865,1945.93,81.491,158575.78163,50983.259642805475,5881.740357194525,0.04545000076293945,51258.26066107693,5606.739338923071,True,False,0.0031041912793590485,-0.0002813285760470807,0.008015268358814612
2023-01-27,56789,1927.34,81.51,157097.4834,50507.9760798624,6281.0239201376025,0.04547999858856201,50780.5386466762,6008.461353323801,True,False,-0.009366070557844343,-0.0013373926360343226,0.008159671436481464
2023-01-30,56754,1922.52,81.52,156723.83039999998,50387.84394039255,6366.156059607449,0.04534999847412109,50659.21692934673,6094.7830706532695,True,False,-0.0023813116581959753,-0.0006165065412850968,0.007931684402907226
2023-01-31,56864,1927.88,81.739,157582.98332000003,50664.067812304085,6199.932187695915,0.04570000171661377,50938.39379921094,5925.606200789058,True,False,0.005466983357358818,0.0019363135131524212,0.007950836423743125
2023-02-01,57599,1950.42,81.73,159407.8266,51250.76811291334,6348.231887086658,0.04519999980926514,51526.153286297376,6072.846713702624,True,False,0.011513667790828176,0.012842754467787683,0.007651153647018173
2023-02-02,57710,1912.37,82.039,156888.92243,50440.92222097192,7269.077779028077,0.04510000228881836,50711.53906002439,6998.460939975608,True,False,-0.015927811021245162,0.001925262282846342,0.008315802365202938
2023-02-03,57424,1865.53,82.206,153357.75918,49305.62772035302,8118.372279646981,0.04522999763488769,49570.68331290997,7853.316687090031,True,False,-0.022764567377604464,-0.0049681343176236495,0.009418557477202227
2023-02-06,56926,1867.36,82.74,154505.36639999997,49674.59173404921,7251.408265950791,0.04532999992370605,49942.04128161011,6983.958718389891,True,False,0.007455342586879069,-0.00871015563565685,0.009078129760035795
2023-02-07,57175,1873.81,82.86,155263.8966,49918.46467439356,7256.535325606441,0.04570000171661377,50188.75351376212,6986.2464862378765,True,False,0.004897398203647142,0.004364561139250357,0.00910610532287666
2023-02-08,57128,1875.59,82.65,155017.5135,49839.2507274101,7288.749272589899,0.045850000381469726,50109.72843629802,7018.271563701979,True,False,-0.0015881270599172558,-0.0008223756620359314,0.008834397017893817
2023-02-09,56797,1861.39,82.511,153585.15029,49378.73560531773,7418.264394682272,0.0461299991607666,49647.85666044077,7149.143339559232,True,False,-0.009282962618408655,-0.005810856815973301,0.009046645609198847
2023-02-10,56711,1864.67,82.51,153853.9217,49465.14755574132,7245.852444258679,0.04635000228881836,49735.63890216658,6975.361097833418,True,False,0.0017484536154227233,-0.0015153119860430461,0.008907388228312284
2023-02-13,56486,1853.39,82.592,153075.18688,49214.778684070916,7271.221315929084,0.04644999980926514,49484.307641509105,7001.692358490895,True,False,-0.005074373653185006,-0.00397537560743892,0.008868730310805827
2023-02-14,56679,1854.29,82.91,153739.1839,49428.25852396033,7250.741476039671,0.04659999847412109,49699.56934724105,6979.430652758951,True,False,0.004328337391430434,0.003410951921937043,0.008835521678729858
2023-02-15,56151,1836.19,82.75,151944.7225,48851.326217306734,7299.673782693266,0.0464300012588501,49118.78395871064,7032.216041289357,True,False,-0.01174076865420006,-0.009359281294421925,0.009089493067811625
2023-02-16,56229,1837.44,82.71,151974.6624,48860.95211149871,7368.047888501293,0.04664999961853027,49129.3509057189,7099.6490942811,True,False,0.00019702527436145974,0.001388147580089046,0.008939939242122653
2023-02-17,56232,1841.59,82.75,152391.57249999998,48994.991721188926,7237.008278811074,0.046799998283386234,49264.734174589226,6967.265825410774,True,False,0.0027395309527712608,5.335182864659614e-05,0.008876020654963951
2023-02-21,56157,1834.32,82.844,151962.40608,48857.011616056065,7299.988383943935,0.04688000202178955,49126.31745489899,7030.682545101008,True,False,-0.0028201813325881377,-0.0013346503863024474,0.008597951851067702
2023-02-22,56060,1825.04,82.83,151168.0632,48601.62464031379,7458.375359686208,0.046950001716613766,48869.803921531304,7190.196078468696,True,False,-0.005240942621850493,-0.0017287937506595432,0.008239796273742477
2023-02-23,55630,1822.64,82.59,150531.83760000003,48397.0735126272,7232.9264873728025,0.046900000572204587,48663.92410587464,6966.075894125359,True,False,-0.004217611881371808,-0.0076999216494403454,0.008253488132997979
2023-02-24,55535,1810.81,82.897,150110.71657000002,48261.68005851432,7273.319941485679,0.04703000068664551,48528.30264194164,7006.697358058358,True,False,-0.0028014750379228553,-0.0017091714681185103,0.008241206797924939
2023-02-27,55447,1817.31,82.642,150186.13301999998,48285.92699213914,7161.073007860861,0.04664999961853027,48551.16710765962,6895.832892340382,True,False,0.0005022793391835887,-0.001585843081627359,0.008243259665782949
2023-02-28,55714,1827.15,82.64,150995.676,48546.20090986545,7167.799090134547,0.04710000038146973,48814.67618375949,6899.3238162405105,True,False,0.005375789010779685,0.004803852312645457,0.008268778256798021
2023-03-01,56047,1836.81,82.43,151408.2483,48678.84588551128,7368.154114488723,0.04724999904632568,48948.658194028896,7098.341805971104,True,False,0.0027286190609737758,0.005959162596019079,0.0077953562135726785
2023-03-02,55915,1836.0,82.35,151194.59999999998,48610.15641326538,7304.84358673462,0.04723000049591065,48879.50765242928,7035.492347570718,True,False,-0.001412070882349638,-0.0023579439659686483,0.007794036027360124
2023-03-03,55879,1854.97,81.68,151513.94960000002,48712.829617245654,7166.170382754346,0.04717999935150147,48982.54847045739,6896.45152954261,True,False,0.002109948456345831,-0.0006440417418532134,0.007780564103185103
2023-03-06,55752,1846.85,81.81,151090.7985,48576.78348095874,7175.216519041263,0.04728000164031983,48846.15054086978,6905.849459130222,True,False,-0.0027967266109971416,-0.0022753546020807237,0.007406219745657312
2023-03-07,55077,1813.52,82.0,148708.63999999998,47810.902310029414,7266.097689970586,0.0484499979019165,48080.64582876146,6996.354171238541,True,False,-0.01589201532491075,-0.0121810779900395,0.007837831444029572
2023-03-08,54955,1813.59,81.95,148623.7005,47783.59364701722,7171.406352982784,0.048829998970031735,48054.68396026658,6900.316039733421,True,False,-0.0005713438515820459,-0.0022175376253145106,0.007601870423733701
2023-03-09,55272,1830.89,82.02,150169.5978,48280.61079942771,6991.389200572288,0.04848000049591064,48553.12408875462,6718.875911245377,True,False,0.01034769589986983,0.005751782665630143,0.007840073360879099
2023-03-10,56101,1867.83,81.96,153087.34679999997,49218.688186216976,6882.311813783024,0.048029999732971194,49494.665663182845,6606.334336817155,True,False,0.01924334522135737,0.01488718649523093,0.008689644009312786
2023-03-13,57539,1913.23,82.235,157334.46905,50584.16867876606,6954.831321233942,0.04657999992370605,50861.740669776096,6677.259330223904,True,False,0.027365262817496863,0.025309341076197506,0.009986548899699
2023-03-14,57417,1902.12,82.245,156439.8594,50296.545211953635,7120.454788046365,0.046799998283386234,50573.45338208328,6843.54661791672,True,False,-0.005702264289741942,-0.002122552033876239,0.010032730725861125
2023-03-15,58263,1918.1,82.88,158972.128,51110.68786470976,7152.312135290238,0.04558000087738037,51386.925287428174,6876.074712571826,True,False,0.01605724011689242,0.014626816787378271,0.010413028803923934
2023-03-16,57942,1919.12,82.62,158557.6944,50977.44446766441,6964.5555323355875,0.0453000020980835,51251.78224962853,6690.21775037147,True,False,-0.002610361648530115,-0.005524733298588238,0.010205420946447838
2023-03-17,59231,1987.93,82.52,164043.9836,52741.32608870385,6489.673911296151,0.04293000221252442,53014.82828836242,6216.17171163758,True,False,0.03401605494174845,0.02200254326966323,0.011534689555312191
2023-03-20,59424,1978.71,82.51,163263.36210000003,52490.350635780545,6933.649364219455,0.044650001525878905,52770.01090381529,6653.989096184712,True,False,-0.004769969206940684,0.003253131687796229,0.010665213538270674
2023-03-21,58520,1940.15,82.677,160405.78155,51571.61784043597,6948.382159564033,0.046050000190734866,51852.34946852494,6667.650531475061,True,False,-0.017657875984072036,-0.015329609018371701,0.011201360118361947
2023-03-22,58684,1969.58,82.505,162500.1979,52244.987830951504,6439.012169048496,0.04563000202178955,52527.57166456508,6156.428335434917,True,False,0.01297248025632071,0.0027985411254739666,0.011387523334818808
2023-03-23,59436,1993.5,82.236,163937.46600000001,52707.079910620996,6728.920089379004,0.04502999782562256,52989.54985199586,6446.450148004144,True,False,0.00880583061575515,0.012732986116703449,0.011447706057748218
2023-03-24,59226,1977.22,82.334,162792.43148,52338.943038564794,6887.056961435206,0.04502999782562256,52619.44004573719,6606.5599542628115,True,False,-0.007009087423788155,-0.0035394687302950623,0.011378669873763866
2023-03-27,58496,1956.56,82.18,160790.10080000001,51695.17925635379,6800.820743646211,0.045830001831054686,51975.64365962115,6520.35634037885,True,False,-0.012376170146389625,-0.01240225883212116,0.011675254106605925
2023-03-28,58986,1973.69,82.172,162182.05468,52142.7024868584,6843.297513141602,0.04627999782562256,52427.53390740997,6558.466092590032,True,False,0.00861970590843861,0.008341751781157477,0.011678269245423348
2023-03-29,58997,1964.04,82.178,161400.87912,51891.548899641515,7105.451100358485,0.04630000114440918,52175.0941659714,6821.905834028599,True,False,-0.00482829590805747,0.00018646754247421843,0.011732856856665572
2023-03-30,59389,1980.25,82.08,162538.91999999998,52257.43726590254,7131.562734097461,0.04664999961853027,52544.49334125693,6844.50665874307,True,False,0.007026278123548125,0.006622428879203958,0.011493736689349094
2023-03-31,59314,1967.9,82.16,161682.664,51982.14477470381,7331.855225296189,0.045850000381469726,52264.25197367921,7049.748026320791,True,False,-0.005281930833501381,-0.001263658205440481,0.011570700037470308
2023-04-03,59600,1984.11,82.19,163074.00089999998,52429.46964168019,7170.530358319811,0.04570000171661377,52713.3545846686,6886.645415331397,True,False,0.00856854108333017,0.004810208242224145,0.011631217417928325
2023-04-04,60435,2019.97,82.09,165819.3373,53312.11513173759,7122.884868262408,0.04728000164031983,53607.740463050526,6827.259536949474,True,False,0.016694775143315365,0.01391283324011616,0.01188043227058517
2023-04-05,60366,2020.35,81.92,165507.072,53211.719581397585,7154.280418602415,0.04704999923706055,53505.77670200972,6860.2232979902765,True,False,-0.0018849411558614078,-0.001142374773451677,0.011816676264748093
2023-04-06,60276,2008.02,81.82,164296.1964,52822.414326361984,7453.585673638016,0.04710000038146973,53114.53836260417,7161.461637395827,True,False,-0.007343050581498326,-0.001492017982060696,0.011896203396798656
2023-04-10,59867,1989.95,81.965,163106.25175000002,52439.838522995815,7427.161477004185,0.04837999820709229,52735.39454975828,7131.605450241717,True,False,-0.007269034769469475,-0.006808579442688798,0.011997779905094774
2023-04-11,60281,2003.14,82.04,164337.6056,52835.727683379686,7445.272316620314,0.04880000114440918,53135.3492224668,7145.650777533199,True,False,0.007521042931546297,0.006891527757641424,0.012020494089452492
2023-04-12,60404,2014.67,81.93,165061.9131,53068.59777838507,7335.4022216149315,0.04860000133514404,53368.66258081055,7035.337419189447,True,False,0.004397751825587116,0.0020383650426821004,0.012015157974229316
2023-04-13,60987,2039.73,81.65,166543.95450000002,53545.08479753083,7441.915202469172,0.04855000019073486,53847.622494680414,7139.377505319586,True,False,0.008938631143839713,0.009605398793494075,0.012064267680925639
2023-04-14,60145,2003.04,81.82,163888.73279999997,52691.41183468098,7453.588165319023,0.049029998779296875,52991.21671755484,7153.783282445162,True,False,-0.016071526541531822,-0.013902413261000873,0.012543858376727694
2023-04-17,60051,1994.77,81.98,163531.2446,52576.476795215975,7474.523204784025,0.04922999858856201,52876.496912609146,7174.5030873908545,True,False,-0.0021836684791982836,-0.001564112269357323,0.01257512855074595
2023-04-18,60331,2004.93,82.08,164564.6544,52908.72551320591,7422.274486794093,0.050300002098083496,53215.32140215046,7115.678597849539,True,False,0.0062994583020549765,0.004651866640028538,0.012551549026709867
2023-04-19,60172,1993.26,82.265,163975.5339,52719.319015544876,7452.680984455124,0.04994999885559082,53023.2919666137,7148.708033386298,True,False,-0.0035862956946817845,-0.0026389399811298626,0.012111377823305403
2023-04-20,60389,2004.34,82.12,164596.4008,52918.93221020142,7470.067789798581,0.04945000171661377,53221.86887328237,7167.131126717628,True,False,0.0037791885026060676,0.0035998413141776877,0.012089977281239186
2023-04-21,59810,1982.89,82.03,162656.46670000002,52295.2293793303,7514.770620669697,0.04949999809265137,52594.811756158684,7215.188243841316,True,False,-0.011856011155348466,-0.009634098093289377,0.012327453996235714
2023-04-24,59928,1988.88,81.95,162988.71600000001,52402.049930072186,7525.950069927814,0.04873000144958496,52698.9089649024,7229.091035097597,True,False,0.0020405609106983595,0.001970970589116201,0.011923051435994992
2023-04-25,60123,1997.87,81.965,163755.41455,52648.54905396498,7474.450946035016,0.04953000068664551,52950.28605788266,7172.7139421173415,True,False,0.0046929685062946135,0.0032486221938192715,0.010944020213611535
2023-04-26,59849,1989.48,81.74,162620.09519999998,52283.53567926439,7565.464320735613,0.04985000133514404,52584.5637655694,7264.436234430599,True,False,-0.006957163729524797,-0.004567740412767369,0.010974195425549848
2023-04-27,59913,1987.87,81.695,162399.03965,52212.46472261963,7700.535277380368,0.05,52513.73103004619,7399.26896995381,True,False,-0.0013602619684972479,0.0010687865281524631,0.010621137975303889
2023-04-28,60057,1989.65,81.72,162594.198,52275.209542334465,7781.790457665535,0.04922999858856201,52573.51052139648,7483.489478603522,True,False,0.0012009995953715276,0.0024006013029028283,0.010602819451626753
2023-05-01,59979,1982.05,81.77,162072.2285,52107.39257639815,7871.607423601847,0.04864999771118164,52402.23778943023,7576.7622105697665,True,False,-0.0032154230133664536,-0.0012996102998835666,0.008569416183700511
2023-05-02,60787,2016.28,81.75,164830.88999999998,52994.32218239104,7792.677817608957,0.050399999618530276,53301.85217232352,7485.147827676483,True,False,0.016877948424328812,0.013381449362987638,0.009084953831653671
2023-05-03,61073,2039.02,81.755,166700.0801,53595.28030607488,7477.719693925123,0.050949997901916504,53908.734608167215,7164.265391832785,True,False,0.011276231029327103,0.004693919663824403,0.00863547229456305
2023-05-04,61683,2051.11,81.71,167596.1981,53883.38871831145,7799.611281688551,0.05054999828338623,54196.74619641988,7486.253803580119,True,False,0.005361233162614859,0.009938496219956858,0.008388470810695745
2023-05-05,60799,2016.54,81.7,164751.318,52968.73920941373,7830.260790586268,0.05079999923706055,53277.87231027071,7521.127689729292,True,False,-0.01712033007253008,-0.014435024736133359,0.008880732169758135
2023-05-08,60916,2021.39,81.77,165289.0603,53141.62724452232,7774.372755477678,0.05083000183105469,53451.901155000676,7464.098844999324,True,False,0.0032586484030678255,0.0019225245210037194,0.008792124563233226
2023-05-09,61359,2034.17,82.1,167005.357,53693.42903531756,7665.57096468244,0.051230001449584964,54008.70030587243,7350.299694127571,True,False,0.010330067992898718,0.007245993674694541,0.008620460961576879
2023-05-10,61207,2029.51,81.9,166216.869,53439.92444580192,7767.075554198083,0.05065000057220459,53751.14476722748,7455.855232772519,True,False,-0.004732514280882916,-0.002480297601680053,0.008572153279957417
2023-05-11,60886,2015.55,82.09,165456.4995,53195.460157217036,7690.539842782964,0.050149998664855956,53503.057972372655,7382.942027627345,True,False,-0.004585058098134127,-0.005258298831698988,0.008566740823212377
2023-05-12,60843,2011.15,82.173,165262.22895000002,53133.00077161735,7709.9992283826505,0.050279998779296876,53440.80842999786,7402.191570002142,True,False,-0.0011748386506901043,-0.0007064873906551379,0.008492635057518108
2023-05-15,60987,2020.6,82.237,166168.08219999998,53424.2391370746,7562.760862925403,0.05,53732.49739183052,7254.502608169481,True,False,0.005466340736891487,0.00236395086693193,0.00846462350664818
2023-05-16,60280,1988.6,82.264,163590.1904,52595.42829585094,7684.571704149057,0.05058000087738037,52901.426125835635,7378.573874164365,True,False,-0.015635357963042027,-0.011660352948742096,0.008854216570622468
2023-05-17,60189,1981.72,82.4,163293.728,52500.11349205073,7688.886507949268,0.050879998207092283,52806.85884409309,7382.141155906909,True,False,-0.0018138700902404087,-0.001510762392121114,0.008284952297012572
2023-05-18,59758,1958.05,82.72,161969.896,52074.49193820631,7683.508061793691,0.05125,52380.343407338114,7377.656592661886,True,False,-0.00814010059660103,-0.00718653830379293,0.008398637428894257
2023-05-19,60389,1976.56,82.878,163813.33968,52667.17240181973,7721.827598180273,0.05085000038146972,52974.76322490868,7414.236775091318,True,False,0.011317116126962345,0.010503896087374379,0.008580252226151226
2023-05-22,60271,1969.43,82.84,163147.58120000002,52453.12623981224,7817.873760187758,0.050949997901916504,52759.90060472209,7511.09939527791,True,False,-0.004072409622012008,-0.0019559097897933154,0.008507670766846423
2023-05-23,60220,1974.73,82.83,163566.8859,52587.93573070555,7632.064269294453,0.05152999877929688,52898.020192269396,7321.979807730604,True,False,0.0025667974481558557,-0.0008465363063739016,0.008404270845548524
2023-05-24,59918,1957.01,82.67,161786.0167,52015.3734145675,7902.626585432503,0.05184999942779541,52323.45792902738,7594.542070972617,True,False,-0.010947417229488493,-0.005027562238792297,0.008582598284542038
2023-05-25,59493,1940.34,82.733,160530.14922,51611.60294500619,7881.397054993809,0.05163000106811524,51916.357183694214,7576.642816305786,True,False,-0.0077928069907316835,-0.007118302242993005,0.008479806022864115
2023-05-26,59430,1946.33,82.57,160708.46809999997,51668.9337534361,7761.066246563903,0.051149997711181644,51971.976060876375,7458.023939123625,True,False,0.0011101959023668466,-0.00105950919323321,0.008009759333557104
2023-05-30,59845,1959.14,82.665,161952.30810000002,52068.83730126835,7776.162698731649,0.0514300012588501,52375.430427834086,7469.569572165914,True,False,0.007709931006251453,0.0069587369467645184,0.00814707011500817
2023-05-31,60252,1962.3,82.68,162242.964,52162.28527336152,8089.714726638478,0.05248000144958496,52473.957022577175,7778.042977422825,True,False,0.0017930920213186563,0.006777880515234983,0.008061847387014123
2023-06-01,60033,1977.88,82.266,162712.27608,52313.1724982719,7719.827501728098,0.05203000068664551,52623.79940571682,7409.200594283182,True,False,0.002888474155300384,-0.0036413558130325664,0.008062312483639592
2023-06-02,59656,1947.63,82.398,160480.81674,51595.74219621586,8060.257803784138,0.052150001525878904,51902.621039306905,7753.378960693095,True,False,-0.013809050064403658,-0.006299680786042505,0.008391402475021561
2023-06-05,59805,1961.76,82.52,161884.43519999998,52047.01567347725,7757.984326522746,0.0514300012588501,52353.480309348015,7451.519690651985,True,False,0.008708304147386752,0.0024945392599343167,0.008300274067966925
2023-06-06,59902,1962.85,82.51,161954.7535,52069.6235150385,7832.376484961504,0.05157999992370606,52376.86700347697,7525.1329965230325,True,False,0.00043427913334055223,0.0016206240442120162,0.008290774190472576
2023-06-07,59511,1939.63,82.5,160019.475,51447.41749320816,8063.582506791841,0.05152999877929688,51750.77689552288,7760.223104477118,True,False,-0.012021470261630439,-0.006548724131558801,0.008508533629401049
2023-06-08,59809,1967.76,82.488,162316.58688,52185.955561271236,7623.044438728764,0.050999999046325684,52491.383089483,7317.616910516997,True,False,0.014253141612836308,0.004994981890505174,0.008850962453675996
2023-06-09,59777,1960.6,82.44,161631.864,51965.81220762937,7811.187792370627,0.050949997901916504,52269.73649546181,7507.26350453819,True,False,-0.0042273633217902095,-0.0005351797160834873,0.008880889523303435
2023-06-12,59595,1956.92,82.39,161230.63880000002,51836.81540662627,7758.184593373728,0.050949997901916504,52139.98525111968,7455.0147488803195,True,False,-0.002485425858143778,-0.0030492936538309957,0.008886941176034219
2023-06-13,59222,1943.33,82.229,159798.08257,51376.238227209156,7845.761772790844,0.050999999046325684,51676.926741614756,7545.073258385244,True,False,-0.008924844685587126,-0.006278583457302572,0.009012205887652119
2023-06-14,59249,1942.99,81.95,159228.0305,51192.96236757921,8056.03763242079,0.05079999923706055,51491.73178204796,7757.268217952042,True,False,-0.003573705432509916,0.0004558077583114652,0.008407863283475753
2023-06-15,59249,1957.65,81.9,160331.53500000003,51547.74703811469,7701.252961885308,0.05054999828338623,51847.52165137218,7401.4783486278175,True,False,0.006906436267026891,0.0,0.008220888310622143
2023-06-16,59249,1957.36,81.91,160327.3576,51546.40397382931,7702.596026170693,0.05065000057220459,51846.59692094578,7402.4030790542165,True,False,-2.6055101521820095e-05,0.0,0.008128722321806534
2023-06-20,58721,1935.91,82.0,158744.62,51037.54239876541,7683.457601234593,0.05074999809265137,51335.19378836387,7385.8062116361325,True,False,-0.009920962622261048,-0.008951488101677032,0.007748372472363537
2023-06-21,58630,1932.26,81.93,158310.06180000002,50897.82879740223,7732.171202597769,0.05135000228881836,51197.190124406734,7432.809875593266,True,False,-0.0027412209758219726,-0.001550903157880101,0.0077056197841318605
2023-06-22,58144,1913.52,81.95,156812.964,50416.501036860805,7727.4989631391945,0.05135000228881836,50713.03138029441,7430.968619705593,True,False,-0.00950174338887702,-0.008323818762362994,0.007509412092914927
2023-06-23,58188,1921.36,81.98,157513.0928,50641.59750510393,7546.402494896072,0.05138000011444092,50939.57737401023,7248.42262598977,True,False,0.004454800629510738,0.000756455697454821,0.007585265813730876
2023-06-26,58256,1922.85,81.97,157616.0145,50674.68757535326,7581.312424646741,0.0515500020980835,50973.574386149805,7282.425613850195,True,False,0.0006532034094936541,0.0011679435218622037,0.007579062184397883
2023-06-27,58015,1913.35,81.983,156862.17305,50432.322102014245,7582.677897985755,0.05179999828338623,50730.82179289273,7284.178207107267,True,False,-0.0047942459843079545,-0.004145493633568886,0.007600538149729962
2023-06-28,57796,1907.42,82.02,156446.5884,50298.70863407655,7497.291365923447,0.05170000076293945,50596.00164232982,7199.998357670178,True,False,-0.002652877575518133,-0.0037820286681439722,0.007478706025345844
2023-06-29,57578,1908.15,82.1,156659.115,50367.03747166717,7210.962528332828,0.05175000190734863,50664.94255732922,6913.057442670783,True,False,0.0013575391973456546,-0.0037790188333212084,0.007041865225595584
2023-06-30,58020,1919.57,82.091,157579.42086999997,50662.92245888726,7357.07754111274,0.05152999877929688,50961.65609072941,7058.3439092705885,True,False,0.005857387915082994,0.007647228395214396,0.007166121870948825
2023-07-03,58119,1921.43,81.94,157441.9742,50618.73236130982,7500.26763869018,0.05144999980926514,50916.87063384292,7202.129366157082,True,False,-0.0008726180562507808,0.0017048540796606062,0.0070447921384349495
2023-07-05,58308,1917.32,82.397,157981.41604,50792.166810809074,7515.833189190926,0.05192999839782715,51093.34228313311,7214.657716866888,True,False,0.003420433503784907,0.0032466724388477476,0.006710416172446695
2023-07-06,58385,1910.8,82.758,158133.9864,50841.21928400341,7543.780715996589,0.052129998207092285,51143.526323962295,7241.473676037705,True,False,0.0009652827459154403,0.0013197023159120657,0.006699296585618316
2023-07-07,58747,1924.28,82.61,158964.7708,51108.32247174755,7638.677528252447,0.052129998207092285,51412.21773431769,7334.782265682312,True,False,0.0052399215198669176,0.006181080363001186,0.00676637002638207
2023-07-10,58635,1924.99,82.52,158850.17479999998,51071.47902969118,7563.5209703088185,0.052249999046325685,51375.66193732504,7259.338062674957,True,False,-0.0007211492508639745,-0.0019082999776515947,0.006497676304045805
2023-07-11,58737,1931.99,82.39,159176.6561,51176.445126754224,7560.5548732457755,0.05243000030517578,51482.01486630371,7254.985133696289,True,False,0.0020531689968820593,0.0017380640302177728,0.006369786019792411
2023-07-12,59113,1957.09,81.98,160442.2382,51583.338916842156,7529.661083157844,0.052300000190734865,51890.78372801449,7222.216271985511,True,False,0.007919361069991034,0.006381014438850847,0.006540148971497903
2023-07-13,59185,1960.19,82.04,160813.98760000002,51702.85903515682,7482.14096484318,0.052230000495910645,52010.71696573058,7174.2830342694215,True,False,0.002314349332872879,0.0012172650237603894,0.006391749241035841
2023-07-14,59229,1954.93,82.049,160400.05157,51569.775610461846,7659.224389538154,0.052150001525878904,51876.500010657874,7352.499989342126,True,False,-0.002577323582765928,0.0007431554043445227,0.006393733176944486
2023-07-17,59061,1954.74,82.04,160366.8696,51559.10736733808,7501.8926326619185,0.052329998016357425,51866.53563532591,7194.464364674088,True,False,-0.00020689147121110956,-0.002840478704141619,0.006364062935235616
2023-07-18,59633,1978.71,82.06,162372.9426,52204.07433247062,7428.92566752938,0.05248000144958496,52515.995772992595,7117.004227007405,True,False,0.012431678770864549,0.00963830400995681,0.006272110481871531
2023-07-19,59683,1977.25,82.05,162233.3625,52159.19832173228,7523.801678267722,0.05244999885559082,52470.72223507838,7212.277764921622,True,False,-0.0008599962872545564,0.0008381106126050468,0.0060747411833489496
2023-07-20,59459,1969.62,82.07,161646.71339999998,51970.58639702927,7488.41360297073,0.05243000030517578,52280.897879396616,7178.102120603384,True,False,-0.003622635569312068,-0.003760223329021793,0.006111437923619882
2023-07-21,59221,1960.23,81.98,160699.65540000002,51666.100406706646,7554.899593293354,0.05248000144958496,51974.80743141849,7246.192568581508,True,False,-0.005876044011397747,-0.004010790681625855,0.005791413946121723
2023-07-24,59013,1954.51,81.79,159859.37290000002,51395.94351118042,7617.05648881958,0.0525,51703.12132279502,7309.878677204979,True,False,-0.005242618990057166,-0.0035184501002723323,0.005218832580406648
2023-07-25,59120,1964.58,81.85,160800.873,51698.642596492355,7421.357403507645,0.05264999866485596,52008.27073602072,7111.7292639792795,True,False,0.005872276451883652,0.0018115180222446619,0.005295847098146271
2023-07-26,59347,1972.1,81.95,161613.595,51959.938592119855,7387.0614078801445,0.0526800012588501,52271.260557505804,7075.739442494196,True,False,0.005041484189118917,0.003832295539168724,0.005360362657675193
2023-07-27,58878,1944.99,82.15,159780.9285,51370.723069750995,7507.276930249005,0.0526800012588501,51678.5147050513,7199.485294948703,True,False,-0.011404589871429975,-0.007934065726703535,0.005520713934692993
2023-07-28,59288,1959.2,82.225,161095.22,51793.27728390695,7494.722716093049,0.05255000114440918,52103.043964335804,7184.956035664196,True,False,0.008191938578646649,0.006939418196646128,0.005674129237065084
2023-07-31,59628,1964.19,82.24,161534.98559999999,51934.665101998165,7693.3348980018345,0.05248000144958496,52244.97681154927,7383.02318845073,True,False,0.002726129573240924,0.005718337759126038,0.005558702317687613
2023-08-01,59048,1944.08,82.34,160075.5472,51465.44511067886,7582.554889321138,0.05260000228881836,51773.463855375325,7274.536144624675,True,False,-0.009075874507533298,-0.009774589940432586,0.0058138610932642705
2023-08-02,59117,1933.56,82.73,159963.4188,51429.39501985307,7687.604980146927,0.05260000228881836,51737.19800611786,7379.801993882138,True,False,-0.0007007172032167564,0.0011678586356769426,0.005509948262081597
2023-08-03,59078,1933.74,82.75,160016.98500000002,51446.61694021573,7631.383059784268,0.05257999897003174,51754.43790904757,7323.56209095243,True,False,0.00033480925621853254,-0.0006599264167754394,0.005480813942050477
2023-08-04,59124,1941.62,82.668,160509.84216,51605.07407847991,7518.925921520087,0.05252999782562256,51913.62979621272,7210.370203787279,True,False,0.0030752967094694688,0.000778328663173374,0.005173039525722518
2023-08-07,59201,1936.39,82.75,160236.27250000002,51517.11945600978,7683.880543990221,0.05260000228881836,51825.44746971087,7375.552530289133,True,False,-0.0017058334541486116,0.0013015002893591264,0.005144194690511735
2023-08-08,58997,1924.82,82.853,159477.11146,51273.04369604707,7723.956303952931,0.05275000095367432,51580.54684051536,7416.453159484641,True,False,-0.004749018995625486,-0.0034518384838689935,0.005234983061061406
2023-08-09,58719,1914.59,82.844,158612.29395999998,50994.99862073399,7724.00137926601,0.0528000020980835,51301.04505807574,7417.954941924261,True,False,-0.005437588402052208,-0.004723240966820096,0.005258223845269055
2023-08-10,58605,1912.06,82.616,157966.74896,50787.45123860658,7817.5487613934165,0.0526800012588501,51091.74815590402,7513.251844095983,True,False,-0.004078260448209401,-0.001943337013352897,0.005292804751662287
2023-08-11,58629,1913.32,82.87,158556.8284,50977.1660424068,7651.833957593197,0.05264999866485596,51282.47318950799,7346.526810492011,True,False,0.003728506599835497,0.00040943754090590233,0.005326390640709021
2023-08-14,58663,1907.9,83.17,158680.043,51016.78042664009,7646.219573359907,0.05269999980926514,51322.5357470205,7340.464252979502,True,False,0.0007767987728038909,0.0005797497007863106,0.005226771283048423
2023-08-16,58413,1891.76,83.209,157411.45784000002,50608.92113106243,7804.0788689375695,0.05284999847412109,50912.85974004051,7500.140259959488,True,False,-0.008026738888656869,-0.004270736615241952,0.005437848439103759
2023-08-17,58027,1888.89,83.13,157023.4257,50484.165994180716,7542.834005819284,0.05277999877929687,50787.06317047835,7239.936829521648,True,False,-0.002468125244952809,-0.0066300483333309864,0.005416119030940876
2023-08-18,58098,1888.19,83.14,156984.1166,50471.527834488086,7626.472165511914,0.05277999877929687,50774.34918378513,7323.6508162148675,True,False,-0.00025037042051526804,0.0012228203891864109,0.00541162455677812
2023-08-21,58164,1893.94,83.09,157367.47460000002,50594.78020158504,7569.219798414961,0.0528000020980835,50898.4247284522,7265.575271547801,True,False,0.0024390408751153903,0.001135366793790174,0.005337417180731767
2023-08-22,58221,1897.47,83.04,157565.9088,50658.578230745734,7562.421769254266,0.05295000076293945,50963.23394580373,7257.766054196269,True,False,0.0012601663508483502,0.0009795077468286166,0.005344748300359403
2023-08-23,58430,1914.31,82.508,157945.88947999998,50780.74476505859,7649.255234941411,0.05295000076293945,51086.135177657794,7343.864822342206,True,False,0.0024086634210275758,0.0035833421682778567,0.005350468964474911
2023-08-24,58436,1917.43,82.58,158341.3694,50907.89441702702,7528.105582972981,0.05302999973297119,51214.38624183377,7221.613758166233,True,False,0.0025007654592581604,0.00010268170392185734,0.005152678846647719
2023-08-25,58273,1914.53,82.637,158211.01561,50865.984731621844,7407.015268378156,0.05315000057220459,51172.728956838204,7100.271043161796,True,False,-0.0008235843641741789,-0.0027932739717127265,0.005126635611342634
2023-08-28,58497,1919.66,82.6,158563.916,50979.44475702091,7517.555242979091,0.053229999542236325,51287.2104215375,7209.7895784625,True,False,0.0022280837325099586,0.003836606573004427,0.00513597611790322
2023-08-29,58843,1937.12,82.574,159955.74688,51426.928442136734,7416.071557863266,0.05320000171661377,51737.26802759953,7105.73197240047,True,False,0.008739427425787,0.005897409285946897,0.005399562296397337
2023-08-30,59117,1942.24,82.607,160442.61968,51583.461565418685,7533.5384345813145,0.05315000057220459,51894.53249101556,7222.467508984439,True,False,0.0030391738883099933,0.00464565094592203,0.004897729566315821
2023-08-31,59113,1939.74,82.702,160420.37748,51576.31053739933,7536.689462600669,0.05297999858856201,51886.61333459662,7226.386665403377,True,False,-0.00013863985708851818,-6.766472133170436e-05,0.00489715719378289
2023-09-01,59106,1938.8,82.689,160317.43319999997,51543.21320751683,7562.7867924831735,0.0526800012588501,51852.03833073405,7253.961669265947,True,False,-0.0006419217199042691,-0.0001184242804994736,0.004859075742961744
2023-09-05,59301,1925.81,83.033,159905.78173,51410.864285369804,7890.135714630196,0.05277999877929687,51719.32150787506,7581.678492124942,True,False,-0.0025710296915727815,0.003293727166305229,0.004764254373477446
2023-09-06,59111,1916.28,83.197,159428.74716,51257.49422412269,7853.505775877311,0.05300000190734863,51565.9636804884,7545.036319511601,True,False,-0.0029876814543159306,-0.003209136963491976,0.004698721947480006
2023-09-07,59016,1919.19,83.15,159580.6485,51306.33160255277,7709.668397447233,0.05282999992370605,51614.373763436364,7401.626236563636,True,False,0.000952331520932893,-0.0016084387224090959,0.004567476294310547
2023-09-08,58905,1917.81,83.004,159185.90124,51179.41750606845,7725.58249393155,0.05293000221252441,51487.12086708615,7417.879132913848,True,False,-0.0024767182259742785,-0.0018826168839185418,0.004472170215506127
2023-09-11,58941,1921.66,82.9,159305.61400000003,51217.906023437885,7723.093976562115,0.05293000221252441,51525.840786975044,7415.1592130249555,True,False,0.0007517485390311847,0.0006109668740533608,0.003973401464320586
2023-09-12,58642,1913.26,82.85,158513.591,50963.26490587876,7678.735094121243,0.05304999828338623,51270.1743631952,7371.825636804802,True,False,-0.004984120702103443,-0.005085780163344846,0.0037470878181701784
2023-09-13,58610,1906.3,82.934,158097.08419999998,50829.35496005272,7780.6450399472815,0.05304999828338623,51135.457988878385,7474.542011121615,True,False,-0.002631035987678303,-0.0005458329204531639,0.003713644486181668
2023-09-14,58608,1910.32,83.01,158575.6632,50983.22156670472,7624.77843329528,0.05295000076293945,51289.8296549068,7318.170345093196,True,False,0.003022548471754881,-3.412445187933677e-05,0.003419920637543776
2023-09-15,58992,1923.57,83.069,159789.03633,51373.32979568216,7618.6702043178375,0.05297999858856201,51682.41138315592,7309.5886168440775,True,False,0.007622572520754018,0.006530635455330195,0.0037125460018304916
2023-09-18,59212,1933.14,83.27,160972.5678,51753.8437153375,7458.156284662502,0.05300000190734863,52065.300220915036,7146.699779084964,True,False,0.0073795418515414804,0.003722382559456997,0.00395191121033218
2023-09-19,59265,1930.94,83.31,160866.61140000002,51719.77796710982,7545.222032890182,0.05309999942779541,52031.45710723143,7233.542892768572,True,False,-0.0006584431646354099,0.0008946884802180233,0.003916824511535158
2023-09-20,59363,1929.68,82.92,160009.0656,51444.07079589114,7918.929204108863,0.05315000057220459,51754.30113393571,7608.698866064289,True,False,-0.005345047338313265,0.0016522241341627426,0.004028607958454257
2023-09-21,58853,1919.57,83.102,159520.10614,51286.866796341244,7566.1332036587555,0.05304999828338623,51595.72503933246,7257.2749606675425,True,False,-0.0030605020442896506,-0.008628327198304095,0.003972053078621271
2023-09-22,58896,1924.99,82.97,159716.4203,51349.983217322806,7546.016782677194,0.05304999828338623,51659.22155814619,7236.778441853807,True,False,0.0012298980128334115,0.000730367169342881,0.003841168015366831
2023-09-25,58707,1915.66,83.13,159248.8158,51199.64499172119,7507.355008278813,0.05313000202178955,51508.31666969133,7198.683330308668,True,False,-0.0029320112793792827,-0.0032142064864869773,0.003802327598733307
2023-09-26,58478,1900.49,83.23,158177.7827,50855.30011091999,7622.69988908001,0.053249998092651366,51162.40040390662,7315.59959609338,True,False,-0.006748250899764965,-0.003908355019881401,0.003951853878489486
2023-09-27,57759,1874.7,83.181,155939.4207,50135.65055379619,7623.349446203807,0.053299999237060545,50438.61237973918,7320.387620260823,True,False,-0.014252004433898135,-0.012371433714988736,0.004717855481641803
2023-09-28,57146,1864.56,83.15,155038.16400000002,49845.89001237803,7300.109987621967,0.05308000087738037,50146.19410655124,6999.8058934487635,True,False,-0.005796297017136352,-0.010669784875083967,0.004612875406668339
2023-09-29,57061,1848.31,83.03,153465.1793,49340.16406513736,7720.83593486264,0.05300000190734863,49637.094959176364,7423.905040823636,True,False,-0.010197609624170717,-0.001488525496591307,0.004931110731215959
2023-10-03,56385,1822.81,83.214,151683.31134,48767.28064044239,7617.71935955761,0.053400001525878905,49062.376882884215,7322.623117115785,True,False,-0.011678826982715157,-0.011917705359381876,0.005316450468199988
2023-10-04,56229,1821.08,83.25,151604.91,48742.074043114124,7486.925956885876,0.053350000381469725,49036.816231441146,7192.183768558854,True,False,-0.0005170088135962194,-0.0027705276392933293,0.0052749653315267535
2023-10-05,56112,1820.01,83.2,151424.832,48684.17766489301,7427.82233510699,0.053249998092651366,48978.16718402066,7133.832815979338,True,False,-0.0011885171403262682,-0.002082944647135367,0.005253790733762603
2023-10-06,56582,1832.26,83.118,152293.78668,48963.55287347083,7618.447126529172,0.053480000495910646,49260.160678229164,7321.839321770836,True,False,0.005722119076960071,0.008341220030435376,0.005368567094335965
2023-10-09,57268,1860.88,83.254,154925.70352,49809.73315543267,7458.2668445673335,0.053480000495910646,50111.466888787545,7156.533111212455,True,False,0.017134207390619185,0.012051090069823502,0.006301515154679919
2023-10-10,57364,1860.09,83.162,154688.80458,49733.56843442056,7630.431565579442,0.053229999542236325,50033.812676211615,7330.187323788385,True,False,-0.0015302834979147133,0.0016749253688847126,0.0063032096520952655
2023-10-11,57636,1873.61,83.16,155809.40759999998,50093.85040268779,7542.149597312207,0.053350000381469725,50396.76675122796,7239.233248772041,True,False,0.007218127779484501,0.004730443603721741,0.0064486831629856686
2023-10-12,57613,1868.65,83.29,155639.85850000003,50039.339141897224,7573.660858102776,0.053350000381469725,50341.925862110955,7271.074137889045,True,False,-0.0010887751887948365,-0.00039913578955728013,0.006203685912563753
2023-10-13,58993,1931.7,83.255,160823.68349999998,51705.976337068176,7287.023662931824,0.053280000686645505,52018.341890479314,6974.658109520686,True,False,0.0327638923805698,0.023670556118028423,0.008719919503289965
2023-10-16,58993,1919.44,83.19,159678.2136,51337.69948719597,7655.300512804031,0.053280000686645505,51647.8402107099,7345.159789290097,True,False,-0.007148006221365487,0.0,0.008819294072143965
2023-10-17,58922,1923.07,83.24,160076.3468,51465.70218785667,7456.297812143333,0.053400001525878905,51777.1268793879,7144.873120612101,True,False,0.002490243799792387,-0.0012042574495282233,0.00883185653108384
2023-10-18,59680,1947.69,83.29,162223.1001,52155.89888597747,7524.101114022531,0.053299999237060545,52471.068753839034,7208.931246160966,True,False,0.013321680001245222,0.012782420545874982,0.009146473217722715
2023-10-19,59935,1973.7,83.097,164008.5489,52729.93357660714,7205.066423392862,0.05309999942779541,53047.70022220794,6887.299777792061,True,False,0.010946004977772424,0.004263685763557812,0.00931652853616591
2023-10-20,60405,1981.04,83.15,164723.476,52959.787805230924,7445.212194769076,0.05300000190734863,53278.501726010814,7126.498273989186,True,False,0.004349611069175224,0.007811241312464135,0.00933725663990689
2023-10-23,60402,1972.59,83.071,163865.02388999998,52683.789248798355,7718.210751201645,0.05293000221252441,53000.537266125466,7401.462733874534,True,False,-0.005225101081659081,-4.966599618590206e-05,0.009386479507283116
2023-10-24,60351,1970.11,83.01,163538.8311,52578.91590978508,7772.084090214921,0.05308000087738037,52895.685531332136,7455.314468667864,True,False,-0.00199260267071691,-0.0008446995607967796,0.009401996378704862
2023-10-25,60652,1979.62,83.14,164585.60679999998,52915.461861205324,7736.538138794676,0.05315000057220459,53234.5653335203,7417.434666479698,True,False,0.006380379698736671,0.004975093524148311,0.009386750695393183
2023-10-26,60735,1984.82,83.243,165222.37125999999,53120.18623627565,7614.813763724349,0.05300000190734863,53439.865440621885,7295.134559378115,True,False,0.003861430247742216,0.0013675272135413833,0.009368940716120305
2023-10-27,60952,2005.78,83.265,167011.2717,53695.33065410646,7256.669345893541,0.05304999828338623,54018.693076469186,6933.306923530814,True,False,0.010769034180723563,0.003566531018474454,0.009518773846960009
2023-10-30,61077,1995.88,83.25,166157.01,53420.67934476828,7656.320655231721,0.05313000202178955,53742.74116246879,7334.258837531212,True,False,-0.0051281206465864084,0.002048694059941272,0.009531140818230059
2023-10-31,60879,1982.7,83.256,165071.6712,53071.73507804588,7807.26492195412,0.05320000171661377,53392.000370235044,7486.999629764956,True,False,-0.006553434204112467,-0.0032470755677082423,0.009564219501575195
2023-11-01,60757,1982.15,83.237,164988.21955,53044.9047695597,7712.095230440304,0.05300000190734863,53364.130927313156,7392.869072686844,True,False,-0.0005056758128873831,-0.0020059857428795856,0.009563435811753227
2023-11-02,60805,1985.51,83.234,165261.93933999998,53132.90765990965,7672.092340090348,0.05269999980926514,53451.34541839695,7353.654581603048,True,False,0.0016576516032418027,0.0007897205129009149,0.009492379833604665
2023-11-03,60829,1992.27,83.14,165637.3278,53253.597762309706,7575.402237690294,0.05252999782562256,53572.01029000834,7256.989709991663,True,False,0.002268899682270283,0.0003946265075793646,0.009462104145698648
2023-11-06,60818,1977.68,83.218,164578.57424000002,52913.20084234893,7904.7991576510685,0.05260000228881836,53229.8843504053,7588.1156495947,True,False,-0.006412514851543307,-0.00018085115177491606,0.009565102602309845
2023-11-07,60365,1968.4,83.23,163829.93200000003,52672.506952593765,7692.493047406235,0.0527299976348877,52988.31607004751,7376.683929952487,True,False,-0.0045592213513294955,-0.007476331004416678,0.00959273996191806
2023-11-08,60043,1949.79,83.213,162247.87527,52163.86428215473,7879.135717845267,0.0526800012588501,52476.408083984956,7566.591916015044,True,False,-0.009703629677556865,-0.00534849457850888,0.00968916454048576
2023-11-09,60271,1958.19,83.315,163146.59985,52452.810728696124,7818.189271303876,0.05263000011444092,52766.86891981224,7504.131080187763,True,False,0.005523922094577066,0.0037900871541197605,0.009291042274463278
2023-11-10,59697,1936.79,83.309,161352.03811,51875.84616200749,7821.153837992511,0.0525,52185.89220477027,7511.107795229727,True,False,-0.01106063215821261,-0.009569291480323412,0.009481477427401717
2023-11-13,59844,1945.89,83.18,161859.1302,52038.8799331265,7805.120066873496,0.05260000228881836,52350.33066357177,7493.669336428233,True,False,0.0031378402468098974,0.002459408472347586,0.00923167967076748
2023-11-14,60083,1962.67,82.973,162848.61791,52357.00738180591,7725.99261819409,0.05252999782562256,52670.05903960349,7412.9409603965105,True,False,0.006094654523145497,0.003985763279365456,0.008902952341176537
2023-11-15,60120,1959.09,83.188,162972.77892,52396.92604369283,7723.073956307169,0.05255000114440918,52710.30304349651,7409.696956503489,True,False,0.0007621415733772758,0.0006156252534224652,0.008891717174012773
2023-11-16,60654,1980.85,83.152,164711.6392,52955.982188499685,7698.017811500315,0.05243000030517578,53272.17737643913,7381.822623560867,True,False,0.010613117412146478,0.008843020515201869,0.008987561126253808
2023-11-17,60678,1980.01,83.244,164823.95244,52992.091706721105,7685.908293278895,0.052329998016357425,53308.064340893776,7369.935659106224,True,False,0.0006816456079284187,0.000395608748112754,0.00897822865439257
2023-11-20,60657,1977.19,83.317,164733.53923,52963.02320639156,7693.976793608439,0.052379999160766605,53279.04147516009,7377.958524839909,True,False,-0.0005486946256946115,-0.00034614909481494097,0.008564470717572764
2023-11-21,61212,1998.37,83.308,166480.20796,53524.5898242963,7687.410175703699,0.05255000114440918,53844.71118715781,7367.288812842191,True,False,0.010547176479446519,0.00910820367551633,0.008673721201505164
2023-11-22,61065,1989.72,83.287,165717.80964000002,53279.47325542142,7785.526744578579,0.05264999866485596,53598.56914170774,7466.43085829226,True,False,-0.004590031355692707,-0.002404378105737963,0.0087176363531042
2023-11-24,61352,2001.97,83.34,166844.1798,53641.60940087129,7710.39059912871,0.05252999782562256,53962.34191767492,7389.658082325077,True,False,0.006773921872110675,0.004688899839506369,0.008738028221942112
2023-11-27,61557,2013.64,83.33,167796.6212,53947.82619319369,7609.173806806313,0.05257999897003174,54270.61266804505,7286.387331954953,True,False,0.005692336194258379,0.003335804377162001,0.006628573783394764
2023-11-28,62409,2040.89,83.34,170087.77260000003,54684.4479238671,7724.552076132903,0.05260000228881836,55011.73227879117,7397.267721208831,True,False,0.01356195526584966,0.013745920904635136,0.006782677391779524
2023-11-29,62470,2044.59,83.352,170420.66568,54791.47545453084,7678.524545469161,0.05239999771118164,55118.49427955694,7351.505720443063,True,False,0.0019552712863038346,0.0009769457611232789,0.006782333221030946
2023-11-30,62639,2035.75,83.357,169694.01275,54557.85128683267,8081.1487131673275,0.052379999160766605,54883.38553068066,7755.614469319342,True,False,-0.004272994267612607,0.002701645809537036,0.006533532222379491
2023-12-01,62876,2070.9,83.26,172423.13400000002,55435.28348899642,7440.7165110035785,0.052150001525878904,55764.99898371364,7111.001016286362,True,False,0.015954646923357706,0.0037764455509758975,0.00684001844900307
2023-12-04,62302,2029.74,83.426,169333.08924,54441.811770379536,7860.188229620464,0.052230000495910645,54765.97843777637,7536.021562223628,True,False,-0.018083819748961876,-0.0091710048591337,0.007707916388813909
2023-12-05,62600,2019.42,83.32,168258.07439999998,54096.18673139679,8503.813268603211,0.05243000030517578,54419.18997339984,8180.810026600157,True,False,-0.0063687595495980345,0.004771750099194959,0.007742109203182328
2023-12-06,62269,2024.9,83.332,168738.9668,54250.79711286511,8018.202887134888,0.05243000030517578,54574.72351891131,7694.276481088687,True,False,0.0028539878255498074,-0.005301568448119614,0.007730617884355498
2023-12-07,62290,2028.34,83.343,169047.94062,54350.13442860128,7939.865571398717,0.052329998016357425,54674.204579258614,7615.795420741386,True,False,0.001829401314162028,0.0003371896081209717,0.007666666195289088
2023-12-08,61597,2003.39,83.425,167132.81075,53734.40633690742,7862.593663092579,0.052329998016357425,54054.80512414427,7542.194875855726,True,False,-0.011393576697302715,-0.011187731211228123,0.007963077320289473
2023-12-11,60986,1981.3,83.35,165141.35499999998,53094.138923272294,7891.861076727706,0.052329998016357425,53410.720028006996,7575.279971993004,True,False,-0.011986966191202281,-0.009968838419272716,0.008023247351753453
2023-12-12,60984,1979.44,83.396,165077.37824000002,53073.56993264424,7910.430067355759,0.05248000144958496,53390.68664429403,7593.31335570597,True,False,-0.00038748111091523014,-3.279494958071814e-05,0.007972937685005236
2023-12-13,60992,2026.39,83.35,168899.6065,54302.443937177486,6689.556062822514,0.052230000495910645,54625.78075698912,6366.219243010877,True,False,0.022890171026141118,0.00013117334576417597,0.008921835175386441
2023-12-14,62229,2035.53,83.307,169573.89771,54519.233433536414,7709.766566463586,0.052150001525878904,54843.500486787976,7385.499513212024,True,False,0.003984312471313659,0.020078421000381066,0.008937445558125364
2023-12-15,61991,2018.19,83.02,167550.1338,53868.57871300657,8122.421286993427,0.052249999046325685,54189.421210900546,7801.578789099454,True,False,-0.012006193750826266,-0.0038319158142688732,0.009241231247846971
2023-12-18,62057,2027.0,83.144,168532.888,54184.54128956549,7872.458710434512,0.052249999046325685,54507.26566785664,7549.734332143358,True,False,0.005848299005391375,0.0010641043181309768,0.00928839949880766
2023-12-19,62211,2040.12,83.106,169546.21271999998,54510.33250920314,7700.667490796863,0.052379999160766605,54835.58321935287,7375.4167806471305,True,False,0.0059946193205336114,0.0024785154478329154,0.009242528877765298
2023-12-20,62151,2029.19,83.139,168704.82741,54239.82105229315,7911.178947706852,0.052300000190734865,54563.0989147116,7587.901085288402,True,False,-0.0049749265813090245,-0.0009649250519515553,0.009251444677177353
2023-12-21,62257,2045.49,83.214,170213.40486,54724.83960326009,7532.160396739913,0.052100000381469724,55050.10331272913,7206.89668727087,True,False,0.008902368002161733,0.0017040708901475455,0.009133623498623811
2023-12-22,62657,2052.98,83.166,170738.13468,54893.54403202212,7763.455967977883,0.052080001831054684,55219.719691050326,7437.280308949674,True,False,0.0030780341100374825,0.006404428122106098,0.009108248419796745
2023-12-26,62722,2066.6,83.158,171854.3228,55252.40657803784,7469.593421962163,0.05203000068664551,55580.486168026226,7141.513831973774,True,False,0.0065161508672657385,0.0010368563447355685,0.008832493054926942
2023-12-27,63292,2077.16,83.263,172950.57308,55604.85896442523,7687.141035574772,0.052350001335144045,55936.502548272474,7355.497451727526,True,False,0.006358691461846919,0.009046675567885944,0.008865034051916628
2023-12-28,63119,2064.86,83.169,171732.34134,55213.18865722507,7905.811342774927,0.052179999351501465,55541.720128347006,7577.279871652994,True,False,-0.0070687391898646736,-0.0027371052836538336,0.00899096603362325
2023-12-29,62954,2062.59,83.19,171586.8621,55166.41603035028,7787.5839696497205,0.05179999828338623,55492.935957365014,7461.0640426349855,True,False,-0.0008474868125620342,-0.0026175326074226427,0.009001987243010445
2024-01-02,63039,2058.88,83.27,171442.9376,55120.14326361985,7918.8567363801485,0.052129998207092285,55447.89321900649,7591.106780993512,True,False,-0.0008391370578955329,0.0013492815139832242,0.00885331783119532
2024-01-03,62294,2040.78,83.282,169960.23995999998,54643.445258572174,7650.554741427826,0.052350001335144045,54969.35469089189,7324.645309108113,True,False,-0.008685958768969318,-0.011888469510362983,0.009040380960390268
2024-01-04,62444,2043.26,83.243,170087.09217999998,54684.22916392045,7759.770836079551,0.052280001640319824,55010.06534754032,7433.934652459677,True,False,0.0007460856998110761,0.0024050421251396166,0.009035708892349196
2024-01-05,62627,2045.5,83.103,169987.18649999998,54652.1087658945,7974.891234105497,0.052199997901916505,54977.39204674098,7649.607953259023,True,False,-0.0005875521269169792,0.0029263399284059246,0.008859802318098527
2024-01-08,62140,2027.84,83.045,168401.9728,54142.45110678862,7997.54889321138,0.052199997901916505,54464.70096185874,7675.29903814126,True,False,-0.009369243976145485,-0.0078065910579247265,0.008999965192244492
2024-01-09,62211,2029.59,83.109,168677.19530999998,54230.93713247705,7980.062867522953,0.052300000190734865,54554.162045336445,7656.837954663555,True,False,0.0016329847537188415,0.0011419290189117104,0.008925724638888181
2024-01-10,62047,2023.4,83.023,167988.7382,54009.5931969071,8037.4068030928975,0.052249999046325685,54331.27558032126,7715.724419678743,True,False,-0.0040898588251606655,-0.0026396706083699983,0.008903018581050953
2024-01-11,61830,2028.09,83.063,168459.23967,54160.86281929687,7669.137180703132,0.052179999351501465,54483.132703938434,7346.867296061566,True,False,0.0027968768288492013,-0.003503478804965658,0.008549052516514662
2024-01-12,62372,2048.72,82.857,169750.79304,54576.10656035494,7795.893439645057,0.05197999954223633,54899.94477161246,7472.055228387537,True,False,0.00763761877799545,0.00872777315216172,0.008663401181440464
2024-01-16,62065,2027.59,83.084,168460.28756,54161.199723503785,7903.800276496215,0.05203000068664551,54482.79990889063,7582.200091109371,True,False,-0.0076313983608614746,-0.004934233754727907,0.008740123660212982
2024-01-17,61561,2005.72,83.182,166839.80104000002,53640.20159789092,7920.7984021090815,0.052150001525878904,53959.240384985605,7601.7596150143945,True,False,-0.009665963070264563,-0.008153669814680178,0.00834563551199453
2024-01-18,61791,2022.67,83.165,168215.35055000003,54082.45070490461,7708.549295095392,0.051999998092651364,54403.44913447627,7387.550865523728,True,False,0.008210930240515467,0.0037291696372192453,0.007867196844896174
2024-01-19,62021,2029.09,83.086,168588.97173999998,54202.57261722956,7818.427382770438,0.05197999954223633,54524.19439034942,7496.8056096505825,True,False,0.0022186255848253927,0.0037153145828872094,0.0077916519115964365
2024-01-22,61888,2020.99,83.1,167944.269,53995.29602777822,7892.703972221781,0.051999998092651364,54315.77716358595,7572.2228364140465,True,False,-0.0038314404084722597,-0.002146737542508435,0.007804741815483685
2024-01-23,62003,2028.69,83.15,168685.57350000003,54233.63078110181,7769.369218898188,0.052100000381469724,54555.97493146794,7447.025068532057,True,False,0.004404277961765314,0.0018564711404188228,0.007841415605204002
2024-01-24,62072,2012.59,83.13,167306.60669999997,53790.282990660206,8281.717009339794,0.052100000381469724,54109.99204975975,7962.007950240251,True,False,-0.008208372836347264,0.0011122306204002614,0.007703173199707224
2024-01-25,62036,2019.75,83.144,167930.094,53990.73866285145,8045.2613371485495,0.05195000171661377,54310.96956904329,7725.030430956707,True,False,0.0037196883132608496,-0.0005801398944417572,0.007385130857673022
2024-01-29,62234,2031.75,83.134,168907.5045,54304.98320124745,7929.016798752549,0.051999998092651364,54627.30243971227,7606.697560287728,True,False,0.0058034687792388245,0.0031866124977742733,0.007444056920955849
2024-01-30,62371,2036.12,83.12,169242.2944,54412.62057324739,7958.37942675261,0.05203000068664551,54735.71365377505,7635.286346224952,True,False,0.001980128395634797,0.0021989495638844825,0.006171028855352822
2024-01-31,62865,2037.19,83.095,169280.30305,54424.84062886813,8440.159371131871,0.05188000202178955,54747.33130480013,8117.668695199871,True,False,0.0002245560588626959,0.007889146286279448,0.0061267610971336185
2024-02-01,63079,2054.89,82.947,170446.96083,54799.929535261304,8279.070464738696,0.051999998092651364,55125.186454875366,7953.813545124634,True,False,0.006868229254605527,0.0033983390388095964,0.005818840958854558
2024-02-02,62639,2038.59,82.999,169200.93141,54399.32207307858,8239.677926921417,0.052100000381469724,54722.65102969806,7916.348970301937,True,False,-0.007337216207938138,-0.006999821768938538,0.005903865738362035
2024-02-05,62542,2024.67,83.036,168120.49812,54051.9549632678,8490.045036732197,0.052280001640319824,54374.02373870269,8167.976261297314,True,False,-0.006405978928024337,-0.0015497562635559564,0.0059133369152007615
2024-02-06,62322,2035.46,83.062,169069.37852,54357.026868358866,7964.973131641134,0.052230000495910645,54680.68869511502,7641.311304884977,True,False,0.005628181452039388,-0.0035238375777303177,0.005939950336793291
2024-02-07,62305,2034.22,82.977,168793.47294,54268.32123072966,8036.6787692703365,0.052230000495910645,54591.45487133635,7713.545128663653,True,False,-0.0016332404710292239,-0.00027281407889847,0.005706737546928549
2024-02-08,62219,2033.18,82.978,168709.21004,54241.23009950649,7977.769900493513,0.052179999351501465,54563.97818838583,7655.02181161417,True,False,-0.0004993317446059217,-0.0013812600570674845,0.005671432797276927
2024-02-09,62105,2024.16,83.0,168005.28,54014.91150513608,8090.088494863921,0.052199997901916505,54336.40225866373,7768.597741336271,True,False,-0.0041811747717650895,-0.00183391834160639,0.005556827318939747
2024-02-12,61856,2019.79,82.97,167581.97629999998,53878.81630684649,7977.183693153507,0.052280001640319824,54199.85343495073,7656.146565049268,True,False,-0.00252276519180916,-0.004017397970236706,0.005399110957166164
2024-02-13,61267,1992.13,83.098,165542.01874,53222.95521082836,8044.044789171639,0.052329998016357425,53540.30440039218,7726.695599607818,True,False,-0.012247590028747393,-0.009567741090834829,0.005673948009346511
2024-02-14,61170,1992.39,83.034,165436.11126000003,53188.90519073417,7981.094809265829,0.052179999351501465,53505.39169866184,7664.608301338158,True,False,-0.0006399666564951353,-0.0015844886806121213,0.005674548992459823
2024-02-15,61306,2004.09,82.988,166315.42092,53471.60960020576,7834.39039979424,0.052179999351501465,53789.778265925714,7516.221734074286,True,False,0.005301025820951614,0.0022208441800464244,0.005798030598605163
2024-02-16,61498,2013.1,83.013,167113.47030000002,53728.188242480755,7769.811757519245,0.052230000495910645,54048.1057316579,7449.894268342097,True,False,0.004786933135897133,0.0031269365239518314,0.005704169346481114
2024-02-20,61810,2023.53,82.89,167730.4017,53926.53614544987,7883.463854550129,0.052129998207092285,54247.18879200227,7562.811207997729,True,False,0.0036848940635864635,0.005060509712710169,0.005752457323935984
2024-02-21,61744,2024.99,82.93,167932.42070000002,53991.48671371389,7752.513286286106,0.052350001335144045,54313.507675271096,7430.492324728904,True,False,0.0012037021136130253,-0.0010683588759189875,0.005760433133415207
2024-02-22,61661,2024.11,82.837,167671.20007,53907.5023936213,7753.4976063787035,0.052329998016357425,54228.933289900146,7432.066710099854,True,False,-0.001556721480857592,-0.0013451644992582383,0.00551247904034358
2024-02-23,61910,2035.72,82.859,168677.72348,54231.106942948536,7678.893057051464,0.05239999771118164,54554.781250406544,7355.218749593456,True,False,0.00598501344306101,0.0040300772351360425,0.005617152016807055
2024-02-26,61766,2030.66,82.846,168232.05836000002,54087.82238654814,7678.177613451859,0.0525,54411.088733669196,7354.911266330804,True,False,-0.0026456066517799703,-0.002328666274333442,0.0055869983479676965
2024-02-27,61839,2029.64,82.877,168210.47428,54080.88294886427,7758.117051135727,0.05244999885559082,54403.884237908685,7435.1157620913145,True,False,-0.00012830767774963113,0.0011811821283511104,0.005562847641580298
2024-02-28,61792,2034.62,82.9,168669.998,54228.62314530519,7563.376854694812,0.05239999771118164,54552.28262840265,7239.717371597348,True,False,0.0027281130419593977,-0.0007603271390543995,0.005398707368840405
2024-02-29,62293,2043.24,82.9,169384.59600000002,54458.37156590095,7834.628434099053,0.052230000495910645,54782.63683644033,7510.3631635596685,True,False,0.00422771396721521,0.008075153683934593,0.0052694055868569315
2024-03-01,63135,2083.39,82.841,172590.11099,55488.96779783625,7646.032202163748,0.052150001525878904,55819.00259367964,7315.997406320363,True,False,0.01874763724820722,0.013426230960605136,0.005948049462482155
2024-03-04,63605,2114.99,82.911,175355.93589,56378.20048869098,7226.799511309022,0.052230000495910645,56713.897130149795,6891.102869850205,True,False,0.015898345053452296,0.007416792717530597,0.006411201198980248
2024-03-05,64193,2127.55,82.891,176354.74705000003,56699.32549391549,7493.674506084513,0.052249999046325685,57037.027984959284,7155.972015040716,True,False,0.005679746982646413,0.00920208687516045,0.006457678845080974
2024-03-06,65042,2148.29,82.78,177835.4462,57175.3809699873,7866.619030012698,0.052300000190734865,57516.155231117664,7525.844768882336,True,False,0.008361088501283752,0.013139044590942391,0.0064940670443717425
2024-03-07,65246,2159.16,82.708,178579.80527999997,57414.69779285289,7831.302207147113,0.052280001640319824,57756.803483991614,7489.1965160083855,True,False,0.0041769265435593166,0.0031315265674471317,0.006491184984302049
2024-03-08,65847,2177.51,82.739,180164.99989000004,57924.34931438586,7922.650685614142,0.052280001640319824,58269.49176601826,7577.508233981738,True,False,0.008837507355198277,0.009169127423204188,0.006319631151762137
2024-03-11,65872,2182.47,82.72,180533.9184,58042.95928110984,7829.040718890159,0.05239999771118164,58389.384344273145,7482.615655726855,True,False,0.0020455766287865865,0.0003795959626203409,0.006315588959204616
2024-03-12,65334,2157.99,82.786,178651.36013999998,57437.70319738935,7896.296802610646,0.05239999771118164,57780.51583486606,7553.4841651339375,True,False,-0.010482475818273166,-0.008200890435570008,0.006702159853539146
2024-03-13,65717,2174.4,82.82,180083.808,57898.245535068396,7818.754464931604,0.052379999160766605,58243.711148831164,7473.288851168836,True,False,0.007986144657637733,0.005845069330673401,0.0067946433580610005
2024-03-14,65435,2161.01,82.915,179180.14415000004,57607.71107753148,7827.2889224685205,0.052379999160766605,57951.443138511,7483.556861489,True,False,-0.0050306508647845185,-0.004300360415208413,0.006910606568829365
2024-03-15,65367,2155.54,82.883,178657.62182,57439.71637275548,7927.28362724452,0.052379999160766605,57782.4460476824,7584.553952317598,True,False,-0.002920444687922646,-0.0010397395471934215,0.006898751197081359
2024-03-18,65429,2159.99,82.9,179063.171,57570.103364573115,7858.896635426885,0.052379999160766605,57913.611028914725,7515.3889710852745,True,False,0.002267407217520384,0.0009480412955091787,0.006690953946489616
2024-03-19,65431,2157.23,83.007,179065.19061000002,57570.752683781575,7860.247316218425,0.052379999160766605,57914.26422246267,7516.735777537331,True,False,1.127869343251225e-05,3.056701818972391e-05,0.0065169576151546055
2024-03-20,65556,2185.96,83.173,181812.85108,58454.145379137386,7101.854620862614,0.052280001640319824,58802.44462259945,6753.555377400553,True,False,0.015227934363490571,0.0019085869276315576,0.006919313254289502
2024-03-21,65939,2180.81,83.174,181386.69094,58317.13181474754,7621.8681852524605,0.052280001640319824,58664.61466237468,7274.385337625317,True,False,-0.002346700842197853,0.005825333025220195,0.0069349414157456124
2024-03-22,65686,2164.15,83.582,180883.9853,58155.50831899947,7530.491681000531,0.052199997901916505,58501.64344484302,7184.356555156977,True,False,-0.0027753058452551793,-0.00384425924522489,0.006980038455962977
2024-03-25,65862,2171.45,83.405,181109.78725,58228.105277541115,7633.894722458885,0.052179999351501465,58574.576212343214,7287.423787656786,True,False,0.0012475462088497868,0.0026758309516582784,0.006875195278071357
2024-03-26,66027,2178.58,83.309,181495.32121999998,58352.05723471635,7674.942765283653,0.052179999351501465,58699.26571284513,7327.734287154868,True,False,0.0021264681951364563,0.0025021053474101906,0.0068100796553211915
2024-03-27,66295,2194.02,83.294,182748.70187999998,58755.02817367819,7539.971826321809,0.052150001525878904,59104.48869705142,7190.51130294858,True,False,0.0068821203784127215,0.004050730286037464,0.0062377736142598264
2024-03-28,67592,2232.38,83.352,186073.33776000002,59823.92263250117,7768.07736749883,0.05203000068664551,60179.14712360179,7412.85287639821,True,False,0.018028889685119984,0.01937515328386167,0.00674236424810033
2024-04-01,68263,2250.36,83.36,187590.00960000002,60311.54358834215,7951.456411657848,0.052179999351501465,60670.41147158873,7592.588528411266,True,False,0.008117896388785429,0.009878259266715221,0.00678178011478382
2024-04-02,68802,2280.1,83.322,189982.4922,61080.74403202212,7721.255967977879,0.052129998207092285,61443.936323372545,7358.063676627455,True,False,0.012673140176213326,0.007864922166963294,0.006963250319682042
2024-04-03,69725,2299.17,83.504,191989.89168000003,61726.13747005965,7998.86252994035,0.052100000381469724,62093.014241015255,7631.985758984745,True,False,0.010510801542889303,0.013326119229330349,0.007054220187768478
2024-04-04,69612,2289.43,83.34,190801.0962,61343.93113315222,8268.068866847781,0.05203000068664551,61708.181181627755,7903.818818372245,True,False,-0.006211218861152434,-0.0016219672416250379,0.007299439020962182
2024-04-05,70701,2329.5,83.293,194031.04350000003,62382.382529297356,8318.617470702644,0.052150001525878904,62753.4176683414,7947.582331658603,True,False,0.016786660022343317,0.015522750802140207,0.007559416616358751
2024-04-08,70607,2338.89,83.27,194759.37029999998,62616.54485829568,7990.4551417043185,0.052230000495910645,62989.38690764242,7617.6130923575765,True,False,0.003746633796124095,-0.0013304273482787848,0.007559048806648536
2024-04-09,71130,2352.58,83.182,195692.30956,62916.49157168807,8213.508428311929,0.052199997901916505,63290.96354102148,7839.036458978517,True,False,0.004778778443332568,0.007379899019634867,0.0074275228807610255
2024-04-10,71127,2332.79,83.389,194529.02531,62542.4872795666,8584.512720433398,0.05243000030517578,62915.922587577144,8211.077412422856,True,False,-0.00596219423214246,-4.2177186366179284e-05,0.007640808983932694
2024-04-11,71514,2373.24,83.324,197747.84975999998,63577.36259906441,7936.637400935593,0.052379999160766605,63956.714207886485,7557.285792113515,True,False,0.016411350751106446,0.005426223169568841,0.007913587413701082
2024-04-12,71857,2343.43,83.54,195770.1422,62941.51532785699,8915.484672143008,0.052300000190734865,63316.656656456704,8540.343343543296,True,False,-0.010051505910709354,0.004784798242252501,0.00839517466529374
2024-04-15,72329,2382.51,83.484,198901.46484,63948.25818316267,8380.741816837333,0.052379999160766605,64329.822841264875,7999.177158735125,True,False,0.015868323387933855,0.006547122272823403,0.008245651534878825
2024-04-16,73109,2382.83,83.637,199292.75271,64074.06006076487,9034.939939235133,0.052329998016357425,64456.11045521967,8652.88954478033,True,False,0.001965312295852769,0.010726322948554362,0.007983093491235202
2024-04-17,72695,2360.81,83.65,197481.75650000002,63491.81169321781,9203.188306782191,0.05239999771118164,63870.757824645225,8824.242175354775,True,False,-0.009128654911834264,-0.005678871808867813,0.008342350350228525
2024-04-18,73016,2378.25,83.53,198655.2225,63869.089491536324,9146.910508463676,0.05243000030517578,64250.44581655759,8765.554183442408,True,False,0.005924563949536456,0.004405988831187176,0.008307917982977107
2024-04-19,73246,2390.45,83.358,199263.1311,64064.53649910782,9181.463500892183,0.05244999885559082,64447.165752605964,8798.834247394036,True,False,0.00305544626147762,0.003145043683023731,0.008308176441085939
2024-04-22,71936,2326.29,83.36,193919.5344,62346.53154789654,9589.468452103458,0.05244999885559082,62718.89991467154,9217.100085328457,True,False,-0.027182916245753717,-0.01804680406642881,0.009969738989836132
2024-04-23,71590,2321.81,83.269,193334.79689,62158.53421319144,9431.465786808563,0.05244999885559082,62529.77975470665,9060.220245293349,True,False,-0.0030199169235766462,-0.004821435423077528,0.010019635900479567
2024-04-24,71692,2315.82,83.319,192951.80658000003,62035.40006108639,9656.599938913612,0.05255000114440918,62406.4231156937,9285.576884306298,True,False,-0.001982934080827916,0.0014237659612571802,0.009763098036583415
2024-04-25,71725,2331.78,83.31,194260.59180000002,62456.183966434655,9268.816033565345,0.05244999885559082,62829.207238799274,8895.792761200726,True,False,0.006760063518596722,0.0004601964980776276,0.009742173673792404
2024-04-26,72107,2337.72,83.4,194965.848,62682.92893082772,9424.071069172278,0.052379999160766605,63056.9436581379,9050.056341862102,True,False,0.0036238903615167413,0.005311765089441162,0.009638277195736636
2024-04-29,72250,2334.44,83.41,194715.6404,62602.48537945891,9647.514620541093,0.05243000030517578,62976.278930479726,9273.721069520274,True,False,-0.0012841648465862661,0.001981200035671896,0.009609290937125385
2024-04-30,70969,2285.57,83.45,190730.81650000002,61321.335701769895,9647.664298230105,0.05244999885559082,61687.58102539608,9281.41897460392,True,False,-0.020677143617245517,-0.017889165015679578,0.0105279999545985
2024-05-01,71274,2317.9,83.455,193440.3445,62192.46853248027,9081.53146751973,0.0525,62564.17386713497,8709.826132865033,True,False,0.01410607147902991,0.004288442558595654,0.010743672821937968
2024-05-02,71119,2303.29,83.435,192175.00115,61785.651502242516,9333.348497757484,0.052379999160766605,62154.31237997198,8964.687620028017,True,False,-0.006562746559550556,-0.002177074171068805,0.010594236956898966
2024-05-03,70998,2301.56,83.376,191894.86656,61695.586207340006,9302.413792659994,0.052350001335144045,62063.55666349114,8934.443336508863,True,False,-0.0014587691627447315,-0.0017028227339119613,0.010583349721022381
2024-05-06,71321,2323.57,83.48,193971.62360000002,62363.27860208659,8957.72139791341,0.05239999771118164,62735.489168129,8585.510831870997,True,False,0.010764226205140604,0.004539106578560081,0.010666469866602083
2024-05-07,71136,2313.79,83.458,193104.28582,62084.42323854228,9051.57676145772,0.05243000030517578,62455.12348925515,8680.876510744849,True,False,-0.004481494252217367,-0.0025972764272507065,0.010737539191631874
2024-05-08,71129,2308.65,83.462,192684.54630000002,61949.47394987703,9179.526050122971,0.05244999885559082,62319.47086653894,8809.52913346106,True,False,-0.002176007445917449,-9.840790082803041e-05,0.010766386768726438
2024-05-09,71586,2345.88,83.441,195742.57308,62932.651656565984,8653.348343434016,0.05239999771118164,63308.260483117585,8277.739516882415,True,False,0.015746016744642863,0.006404394240760236,0.011023704968695038
2024-05-10,72595,2360.14,83.541,197168.45573999998,63391.0832350057,9203.916764994297,0.05243000030517578,63769.58542963653,8825.414570363471,True,False,0.007258075314713834,0.013996524813932796,0.010662913239831914
2024-05-13,71819,2336.05,83.46,194966.733,62683.21346472262,9135.78653527738,0.05239999771118164,63057.333538074265,8761.666461925735,True,False,-0.011229524613031002,-0.01074698393278401,0.010859069190535768
2024-05-14,72213,2357.97,83.482,196848.05154,63288.07096950504,8924.92903049496,0.052350001335144045,63665.53946887726,8547.460531122742,True,False,0.009603175134251107,0.005471020089547365,0.010762089269883535
2024-05-15,73001,2386.04,83.411,199021.98244,63987.00546240776,9013.99453759224,0.05239999771118164,64368.907120825774,8632.092879174226,True,False,0.010983164002186645,0.010853054592288356,0.010776542168715963
2024-05-16,72896,2376.44,83.45,198313.918,63759.357628562706,9136.642371437294,0.05243000030517578,64140.05875495292,8755.941245047077,True,False,-0.003564063497581221,-0.0014393718599857556,0.010724485953099288
2024-05-17,73593,2414.89,83.28,201112.0392,64658.97381323645,8934.026186763549,0.05239999771118164,65044.886064519866,8548.113935480134,True,False,0.014010942070865635,0.00951614469134265,0.010597377014885218
2024-05-20,74283,2425.12,83.28,201963.9936,64932.88330895236,9350.116691047639,0.05239999771118164,65320.43036858342,8962.569631416583,True,False,0.004227270288289444,0.009332210875015836,0.010601730353726668
2024-05-21,73970,2421.64,83.25,201601.53,64816.34864243574,9153.65135756426,0.05239999771118164,65203.20017362185,8766.799826378148,True,False,-0.0017963065537936508,-0.004222517791299137,0.010593386596217693
2024-05-22,73027,2378.25,83.22,197917.965,63632.055877955856,9394.944122044144,0.05244999885559082,64012.10211522901,9014.897884770988,True,False,-0.018440498794904794,-0.012830369820150091,0.011108303163679497
2024-05-23,71632,2328.37,83.24,193813.5188,62312.44676644107,9319.55323355893,0.05244999885559082,62684.611559832156,8947.388440167844,True,False,-0.020956173185478457,-0.019287334281016495,0.01136350407065565
2024-05-24,71380,2333.76,83.06,193842.1056,62321.63762920572,9058.362370794282,0.05244999885559082,62693.85731557116,8686.142684428843,True,False,0.00014748554259258963,-0.0035241834365954527,0.011224869715483433
2024-05-28,72145,2360.95,83.16,196336.60199999998,63123.636246724636,9021.363753275364,0.05248000144958496,63500.802508186665,8644.197491813335,True,False,0.012786604385428538,0.010660264687204738,0.011084747091710472
2024-05-29,71993,2338.77,83.34,194913.0918,62665.96743131802,9327.032568681978,0.0525,63040.502723856756,8952.497276143244,True,False,-0.007276767261165058,-0.0021090906817725734,0.011144074883033808
2024-05-30,71852,2343.0,83.28,195125.04,62734.1103091292,9117.889690870797,0.05248000144958496,63108.9491374717,8743.050862528296,True,False,0.0010868076917700297,-0.0019604441608572372,0.011034468376524187
2024-05-31,71703,2326.97,83.424,194125.14528,62412.63693153504,9290.363068464962,0.05244999885559082,62785.40011664443,8917.599883355571,True,False,-0.005137553980027602,-0.002075860172140811,0.011000605663668403
2024-06-03,71818,2350.35,83.083,195274.12905,62782.04351600302,9035.956483996983,0.05243000030517578,63156.90919176564,8661.09080823436,True,False,0.0059013315137270445,0.0016025532794740774,0.011046895273295259
2024-06-04,71782,2327.68,83.524,194417.14432,62506.516732843564,9275.483267156436,0.05239999771118164,62879.582204960876,8902.417795039124,True,False,-0.004398282281823733,-0.000501392768164118,0.009883509022042096
2024-06-05,72485,2354.78,83.37,196318.00860000003,63117.65833427107,9367.341665728927,0.05239999771118164,63494.37135934741,8990.62864065259,True,False,0.009729758183874756,0.009745895657102497,0.010018569455684748
2024-06-06,72963,2375.61,83.466,198282.66426,63749.30932531708,9213.690674682919,0.052329998016357425,64129.42334885267,8833.576651147327,True,False,0.009957772650946575,0.006572819438928652,0.010152396314290253
2024-06-07,71308,2292.71,83.521,191489.43191,61565.23603774495,9742.763962255049,0.052379999160766605,61932.58174671548,9375.418253284523,True,False,-0.0348609886697275,-0.022943940252174406,0.012000761556003575
2024-06-10,71303,2310.6,83.5,192935.1,62030.02877489672,9272.971225103283,0.052329998016357425,62399.89135171825,8903.108648281748,True,False,0.007521241674249147,-7.012081819842599e-05,0.01206761605223682
2024-06-11,71346,2316.27,83.6,193640.172,62256.71451765878,9089.28548234122,0.05244999885559082,62628.546446880195,8717.453553119805,True,False,0.00364779039373816,0.0006028784120801817,0.01208801419842073
2024-06-12,71796,2322.55,83.43,193770.34650000004,62298.56656003345,9497.433439966553,0.05243000030517578,62670.54544037392,9125.45455962608,True,False,0.0006720235960714176,0.006287483512398315,0.011451667439989075
2024-06-13,71030,2303.19,83.54,192408.49260000003,61860.720690597525,9169.279309402475,0.05239999771118164,62229.93177731657,8800.068222683432,True,False,-0.007052999323309805,-0.010726441186176428,0.01123606019348683
2024-06-14,71691,2332.52,83.547,194875.04843999998,62653.73621618146,9037.26378381854,0.05239999771118164,63027.68035677891,8663.31964322109,True,False,0.012737898357415003,0.009262893704631174,0.011409118577117463
2024-06-17,71285,2318.87,83.5,193625.645,62252.043982188494,9032.956017811506,0.05243000030517578,62623.74508059316,8661.254919406842,True,False,-0.006431946034613983,-0.005679290108425426,0.011473980894456535
2024-06-18,71503,2328.33,83.33,194019.7389,62378.74801871172,9124.251981288282,0.052350001335144045,62750.793051000444,8752.206948999556,True,False,0.002033270881787588,0.0030534802557816414,0.011308931266079575
2024-06-20,72258,2359.63,83.62,197312.2606,63437.31753661164,8820.682463388359,0.052249999046325685,63815.15166374864,8442.848336251358,True,False,0.01682765221902589,0.010503640644691906,0.011680315919659259
2024-06-21,71429,2320.34,83.558,193882.96972000002,62334.775739064746,9094.224260935254,0.052150001525878904,62705.52772457542,8723.472275424581,True,False,-0.017532824844162367,-0.011539098157519285,0.012139047090885946
2024-06-24,71512,2332.93,83.45,194683.0085,62591.99398781487,8920.006012185127,0.052100000381469724,62964.01708180906,8547.982918190937,True,False,0.0041179102411301035,0.0011613184366728946,0.01180686104833507
2024-06-25,71201,2319.01,83.403,193412.39103000003,62183.481289887,9017.518710113,0.052230000495910645,62553.744718699694,8647.255281300306,True,False,-0.006547988002265778,-0.004358404522430427,0.011775931397724886
2024-06-26,70919,2297.91,83.56,192013.3596,61733.68257591589,9185.31742408411,0.052300000190734865,62101.625031388234,8817.374968611766,True,False,-0.007259699551288437,-0.003968482551336368,0.011674715195490636
2024-06-27,71303,2327.45,83.438,194197.7731,62435.98730046458,8867.012699535422,0.052230000495910645,62807.754243383155,8495.245756616845,True,False,0.011312137890074694,0.005400021559632063,0.01172979620438235
2024-06-28,71275,2325.71,83.355,193859.55705,62327.248396482704,8947.751603517296,0.052129998207092285,62697.85252905218,8577.14747094782,True,False,-0.0017431245816587283,-0.0003927674726809542,0.011530417165183968
2024-07-01,71329,2331.7,83.438,194552.3846,62549.99746009291,8779.002539907087,0.052179999351501465,62922.1846708663,8406.8153291337,True,False,0.0035674921932526936,0.0007573420462406528,0.011546591289510511
2024-07-02,71357,2329.28,83.5,194494.88,62531.50931567187,8825.490684328128,0.052280001640319824,62904.10354737135,8452.89645262865,True,False,-0.00029561755422126006,0.00039247018431261857,0.011211267674993666
2024-07-03,72160,2356.06,83.52,196778.13119999997,63265.5910749594,8894.408925040603,0.052300000190734865,63642.663945971166,8517.336054028834,True,False,0.011671017687865971,0.011190428725079242,0.011414119686899107
2024-07-05,73255,2391.46,83.5,199686.91,64200.78447763114,9054.21552236886,0.052249999046325685,64583.16583148672,8671.834168513276,True,False,0.014673833458468752,0.015060629198908108,0.011758776995838187
2024-07-08,72332,2358.8,83.5,196959.80000000002,63323.99890687544,9008.001093124563,0.052179999351501465,63700.79160847713,8631.208391522872,True,False,-0.013751042949878852,-0.012679873430543158,0.011538669117704192
2024-07-09,72385,2363.58,83.465,197276.2047,63425.72530422621,8959.27469577379,0.052249999046325685,63803.490387759615,8581.509612240385,True,False,0.0016051540912708122,0.0007324640832736576,0.010851399377172933
2024-07-10,72629,2371.07,83.51,198008.05570000003,63661.02068898999,8967.979311010007,0.052249999046325685,64040.187197264764,8588.812802735236,True,False,0.003702914128151445,0.0033651955020291184,0.010865802495814782
2024-07-11,73205,2414.78,83.507,201651.03346000004,64832.26436253156,8372.735637468439,0.05197999954223633,65216.95953128125,7988.040468718747,True,False,0.018230931104396962,0.007899433537409555,0.011117038848859291
2024-07-12,73159,2411.27,83.513,201372.39151000002,64742.67896217468,8416.32103782532,0.05197999954223633,65126.84255808719,8032.157441912808,True,False,-0.001382758307005132,-0.0006285698876028369,0.011019381375563325
2024-07-15,73311,2422.07,83.551,202366.37057000003,65062.25041233303,8248.749587666971,0.05192999839782715,65448.04127790857,7862.958722091433,True,False,0.004923882280207629,0.0020755110884793653,0.01104162832060242
2024-07-16,74025,2468.57,83.524,206184.84068000002,66289.91614448535,7735.083855514647,0.05192999839782715,66682.98653424646,7342.013465753538,True,False,0.018693281026497015,0.009692208141332896,0.011419631279921497
2024-07-17,73924,2458.38,83.58,205471.4004,66060.53993923514,7863.460060764861,0.05195000171661377,66452.35948258989,7471.640517410109,True,False,-0.003466197876325685,-0.0013653355641451352,0.011437587638803433
2024-07-18,73965,2444.97,83.58,204350.59259999997,65700.19213271818,8264.807867281823,0.05192999839782715,66089.76571541363,7875.234284586375,True,False,-0.005469743515536921,0.0005544699206892708,0.011458929452089508
2024-07-19,72872,2400.79,83.724,201003.74196,64624.15546803415,8247.84453196585,0.05192999839782715,65007.34862100839,7864.6513789916135,True,False,-0.01651358533047315,-0.014887530901690371,0.011817812761712568
2024-07-22,72641,2397.65,83.651,200565.82014999999,64483.36044175093,8157.639558249073,0.05190000057220459,64865.55881033756,7775.441189662437,True,False,-0.0021810516778115094,-0.0031749767244047145,0.011700186790282995
2024-07-23,68648,2409.21,83.676,201593.05596,64813.62417734339,3834.3758226566133,0.05172999858856201,65196.869060269964,3451.1309397300356,True,False,0.005108618036732708,-0.05653750221328417,0.009643627135150755
2024-07-24,69028,2397.59,83.71,200702.2589,64527.22648576526,4500.773514234737,0.05170000076293945,64908.617853399635,4119.382146600365,True,False,-0.004428580115046865,0.005520220880512686,0.009642279132975093
2024-07-25,67491,2364.5,83.72,197955.94,63644.265114858455,3846.7348851415445,0.05159999847412109,64019.911490325,3471.088509674999,True,False,-0.013778030166486809,-0.02251796372986077,0.010014627573549774
2024-07-26,68173,2385.57,83.703,199679.36571,64198.358933882046,3974.6410661179543,0.0515500020980835,64577.01036082152,3595.9896391784787,True,False,0.008668427963973548,0.01005433637890386,0.010118773808936093
2024-07-29,68206,2383.54,83.748,199616.70792000002,64178.21400163969,4027.785998360312,0.05146999835968018,64556.32210962807,3649.6778903719314,True,False,-0.00031384125541073155,0.0004839454849215845,0.010007999900542066
2024-07-30,68617,2408.43,83.72,201633.7596,64826.710691722794,3790.289308277206,0.05135000228881836,65207.99631031487,3409.0036896851307,True,False,0.010053913122810166,0.006007779922949837,0.009913087188456281
2024-07-31,69083,2448.1,83.699,204903.5219,65877.96289806614,3205.0371019338636,0.05135000228881836,66265.43157520791,2817.568424792087,True,False,0.01608626297074819,0.006768362802936522,0.010169464498484498
2024-08-01,69412,2445.42,83.71,204706.1082,65814.49296702944,3597.507032970563,0.051149997711181644,66200.50007735449,3211.499922645511,True,False,-0.0009639114941558715,0.004751082983074021,0.010182692591627221
2024-08-02,69381,2443.29,83.794,204733.04226,65823.15246194157,3557.8475380584277,0.050300002098083496,66204.58497135185,3176.4150286481454,True,False,0.00013156563073446337,-0.0004467084149128731,0.009780633461305852
2024-08-05,68641,2407.65,84.018,202285.9377,65036.39066343016,3604.60933656984,0.05059999942779541,65414.876974854924,3226.123025145076,True,False,-0.012024667971397418,-0.010723030975192326,0.00946278943561663
2024-08-06,68742,2389.37,83.93,200539.8241,64475.00252383172,4266.997476168282,0.05079999923706055,64851.28781503252,3890.7121849674804,True,False,-0.008669378683244218,0.0014703423013916514,0.009623438397687858
2024-08-07,68752,2381.53,83.885,199774.64405000003,64228.99160866141,4523.00839133859,0.05079999923706055,64603.84114514752,4148.158854852481,True,False,-0.003822899459184709,0.00014546089309552958,0.009562521118535746
2024-08-08,69396,2426.75,83.99,203822.73249999998,65530.48129631713,3865.518703682872,0.05083000183105469,65913.08905113391,3482.9109488660906,True,False,0.020060706243268757,0.009323401931442132,0.010030491722744676
2024-08-09,69604,2430.93,83.945,204064.41884999996,65608.18520423745,3995.814795762548,0.05074999809265137,65990.81270895732,3613.1872910426755,True,False,0.0011850649253597354,0.0029928079892505136,0.009875133505366803
2024-08-12,70354,2472.25,83.93,207495.9425,66711.44485347308,3642.5551465269236,0.05072999954223633,67100.39628391163,3253.6037160883716,True,False,0.01667606258960512,0.010717603555000378,0.010223229080406737
2024-08-13,70356,2465.03,83.91,206840.6673,66500.76914173645,3855.230858263545,0.05052999973297119,66887.39273113551,3468.6072688644927,True,False,-0.003163011574730866,2.8427261746030714e-05,0.010267436455716759
2024-08-14,69874,2447.64,83.96,205503.85439999998,66070.97413474366,3803.0258652563352,0.05063000202178955,66455.64519380743,3418.3548061925685,True,False,-0.006483983723195147,-0.0068744476673475155,0.01037758438253579
2024-08-16,70938,2507.28,83.88,210310.6464,67616.39249602135,3321.607503978652,0.05074999809265137,68010.73188307151,2927.2681169284915,True,False,0.023120916284171074,0.015112636006300601,0.010946735650091115
2024-08-19,71138,2503.92,83.85,209953.69199999998,67501.62907711351,3636.37092288649,0.05063000202178955,67894.62953587274,3243.3704641272634,True,False,-0.0016987141340399305,0.002815396437225244,0.010709845838175512
2024-08-20,71340,2513.74,83.75,210525.72499999998,67685.5418200524,3654.4581799476,0.050329999923706056,68077.93436864454,3262.0656313554646,True,False,0.002720862566745238,0.0028355273844888934,0.010306567872751329
2024-08-21,71407,2511.95,83.87,210677.2465,67734.2570771778,3672.7429228222027,0.05005000114440918,68125.36421431675,3281.6357856832474,True,False,0.000719470263927536,0.0009387238249497709,0.010309658660051638
2024-08-22,70796,2483.29,83.93,208422.5297,67009.34933367628,3786.6506663237233,0.050250000953674316,67397.37864339161,3398.6213566083898,True,False,-0.01075991294415919,-0.008593401827187798,0.010571339582837347
2024-08-23,71295,2512.07,83.809,210534.07463000002,67688.2262864308,3606.7737135692005,0.05,68078.78785248405,3216.212147515951,True,False,0.010080102747559333,0.007023696805575054,0.010231331895641892
2024-08-26,71500,2516.89,83.84,211016.0576,67843.18729403443,3656.812705965567,0.04998000144958496,68234.53082793258,3265.4691720674164,True,False,0.0022867182011190234,0.0028712509658795457,0.010218385802872312
2024-08-27,71551,2524.57,83.91,211836.6687,68107.01969231758,3443.9803076824173,0.04967999935150146,68498.19607568518,3052.8039243148232,True,False,0.0038813141273162386,0.0007130324452224595,0.010208316255875411
2024-08-28,71328,2502.25,83.9,209938.77500000002,67496.83315382514,3831.166846174863,0.04954999923706055,67883.77955946988,3444.2204405301163,True,False,-0.008999606487260815,-0.0031215249417261832,0.009847999817036995
2024-08-29,71666,2521.18,83.88,211476.57839999997,67991.2480589001,3674.751941099894,0.04965000152587891,68381.59090144602,3284.4090985539806,True,False,0.007298311338475191,0.004727479887246409,0.009890695825907318
2024-08-30,71195,2503.03,83.867,209921.61701000002,67491.31673605865,3703.683263941348,0.04967999935150146,67878.95679590561,3316.043204094385,True,False,-0.00738004322048187,-0.00659384585774688,0.009939548441946356
2024-09-03,70807,2492.76,83.95,209267.20200000002,67280.91758162265,3526.082418377351,0.0496999979019165,67667.46042847515,3139.539571524845,True,False,-0.0031222948321386005,-0.005464725364108578,0.009417709446407171
2024-09-04,71053,2494.19,83.96,209412.1924,67327.53304290514,3725.466957094861,0.04947999954223633,67713.11930171552,3339.8806982844835,True,False,0.0006926082713185457,0.0034682115689275783,0.009395217783886077
2024-09-05,71890,2516.32,83.961,211272.74352000002,67925.71367209479,3964.286327905211,0.04932000160217285,68313.82735653098,3576.172643469021,True,False,0.008845399927996822,0.01171109555800343,0.009470022742830292
2024-09-06,71409,2497.03,83.985,209713.06455,67424.26561319466,3984.734386805343,0.049079999923706055,67808.1765171239,3600.823482876105,True,False,-0.0074096849635910235,-0.006713261173760101,0.00955036406085397
2024-09-09,71573,2505.25,83.928,210260.622,67600.3092899513,3972.6907100487006,0.048949999809265135,67984.49616489153,3588.503835108466,True,False,0.002607581273755043,0.0022939960543243636,0.009106866160533855
2024-09-10,71821,2516.12,83.949,211225.75788,67910.60744932242,3910.392550677585,0.04835000038146973,68293.18985125305,3527.810148746954,True,False,0.004579685669236891,0.0034590045227928046,0.009034087930887492
2024-09-11,71878,2511.44,83.96,210860.5024,67793.17517321202,4084.8248267879826,0.04875,68177.337414317,3700.662585683007,True,False,-0.0017307152852157612,0.0007933249777588665,0.009049609426195319
2024-09-12,72681,2558.75,83.92,214730.30000000002,69037.34306428536,3643.6569357146363,0.04840000152587891,69426.55838451684,3254.441615483156,True,False,0.01818603331189706,0.011109764999734133,0.009418810308244
2024-09-13,73367,2576.5,83.88,216116.81999999998,69483.11926310543,3883.880736894571,0.04763000011444092,69870.42567379102,3496.574326208982,True,False,0.006436272738457034,0.00939424086672347,0.009083414476819396
2024-09-16,73422,2582.58,83.84,216523.5072,69613.87213657626,3808.1278634237387,0.04744999885559082,70000.87173366039,3421.1282663396123,True,False,0.0018800250194804442,0.0007493749882325101,0.00906866198054575
2024-09-17,73022,2569.52,83.747,215189.59144,69185.00858102787,3836.991418972131,0.04735000133514404,69569.05223793161,3452.94776206839,True,False,-0.006179659635927104,-0.005462852622956686,0.009182884058811598
2024-09-18,73029,2558.8,83.65,214043.62000000002,68816.5704824216,4212.429517578406,0.04614999771118164,69191.74420344844,3837.255796551559,True,False,-0.005339634176735888,9.585692676345306e-05,0.008916596141875925
2024-09-19,73357,2586.48,83.62,216281.45760000002,69536.05144115615,3820.9485588438547,0.045929999351501466,69913.88342543413,3443.1165745658654,True,False,0.010400777876289376,0.004481310356341541,0.00881756229518344
2024-09-20,73977,2621.96,83.485,218894.33060000002,70376.10899094958,3600.8910090504214,0.04545000076293945,70755.71401758159,3221.2859824184125,True,False,0.012008500792964224,0.008416301189933594,0.008898298184987078
2024-09-23,74183,2628.4,83.53,219550.252,70586.99246065556,3596.007539344442,0.04502999782562256,70965.2851616741,3217.7148383259046,True,False,0.002992040113458692,0.0027807793297143337,0.00829836870699063
2024-09-24,74886,2656.7,83.6,222100.11999999997,71406.79344768272,3479.2065523172787,0.04494999885559082,71789.00762694245,3096.992373057554,True,False,0.011547126388008283,0.00943194375298907,0.008456847132741889
2024-09-25,75167,2656.82,83.6,222110.152,71410.01880817271,3756.98119182729,0.044869999885559085,71791.77820059302,3375.2217994069797,True,False,4.516779837869923e-05,0.0037453476902192624,0.00805288964677291
2024-09-26,75339,2670.2,83.601,223231.3902,71770.50499139968,3568.4950086003228,0.044679999351501465,72153.0647643303,3185.9352356697054,True,False,0.005035418719682913,0.0022856241595477942,0.008001147175200457
2024-09-27,74878,2657.97,83.71,222498.66869999998,71534.92973459577,3343.070265404225,0.044819998741149905,71917.06134639429,2960.9386536057136,True,False,-0.003287739497852767,-0.00613780660321396,0.007897422664306469
2024-09-30,74844,2634.49,83.755,220651.70994999996,70941.1191505779,3902.880849422101,0.04498000144958496,71321.0166224302,3522.983377569806,True,False,-0.008335632928635433,-0.0004541750789389381,0.007137225323679056
2024-10-01,75660,2662.82,83.9,223410.59800000003,71828.12159403284,3831.87840596716,0.044819998741149905,72211.81940402612,3448.180595973885,True,False,0.01242583979118482,0.010843671872897238,0.007374062123491246
2024-10-03,75827,2655.9,83.99,223069.041,71718.30855048468,4108.691449515318,0.044650001525878905,72100.41233049936,3726.5876695006446,True,False,-0.0015300006396452494,0.002204810546800035,0.007401928742503598
2024-10-04,75759,2652.25,84.023,222850.00175,71647.88584885946,4111.114151140544,0.04505000114440918,72031.98256146471,3727.0174385352875,True,False,-0.0009824171951312952,-0.0008971805385891875,0.007418023619995256
2024-10-07,75657,2643.58,83.98,222007.84840000002,71377.1274615397,4279.872538460302,0.04525000095367432,71760.9522884359,3896.047711564097,True,False,-0.00378617284485598,-0.001347281864914333,0.0071114486792127046
2024-10-08,74799,2621.94,83.945,220098.75329999998,70763.33959200732,4035.6604079926765,0.04527999877929687,71144.03923417212,3654.9607658278837,True,False,-0.008636410127676238,-0.011405451441071078,0.00720799658870309
2024-10-09,74512,2607.77,83.95,218922.2915,70385.09862234154,4126.901377658462,0.04534999847412109,70764.17049955015,3747.8295004498505,True,False,-0.005359490757923935,-0.0038443296670872666,0.007312943032165893
2024-10-10,74834,2629.48,83.94,220718.5512,70962.60909543942,3871.3909045605833,0.0453000020980835,71344.49808546083,3489.5019145391707,True,False,0.008171532400109479,0.004312140920464579,0.0074079882069119805
2024-10-11,75738,2656.0,84.101,223372.256,71815.79436397833,3922.2056360216666,0.04514999866485596,72201.38463519923,3536.615364800775,True,False,0.011951323213784103,0.012007688838293616,0.007384309166334008
2024-10-14,75553,2651.05,84.045,222807.49725000001,71634.22034497726,3918.779655022736,0.0451800012588501,72019.01331305718,3533.9866869428224,True,False,-0.0025315315071920675,-0.002445619266286805,0.007362253818013213
2024-10-15,75838,2660.99,84.04,223629.5996,71898.53219091098,3939.467809089023,0.04514999866485596,72284.56669451013,3553.4333054898743,True,False,0.0036829523579448064,0.0037650895585277654,0.007164099589805585
2024-10-16,76163,2673.24,84.03,224632.3572,72220.92600511196,3942.0739948880364,0.04502999782562256,72607.97534970279,3555.024650297215,True,False,0.004473987843201981,0.004276294172596548,0.007106857470364504
2024-10-17,76540,2692.55,84.035,226268.43925,72746.93820631118,3793.0617936888157,0.04514999866485596,73137.52793496188,3402.4720650381205,True,False,0.0072569808838771335,0.004937699533939369,0.007154588245079486
2024-10-18,77159,2720.25,84.065,228677.81625,73521.57032166798,3637.429678332017,0.04513000011444092,73916.19767435074,3242.8023256492597,True,False,0.01059201827322617,0.00805474787304501,0.007214184597505436
2024-10-21,77508,2719.65,84.07,228640.9755,73509.72575433632,3998.274245663677,0.0451800012588501,73904.5932550857,3603.406744914304,True,False,-0.00016111627488009568,0.004512928967734822,0.00698373807562921
2024-10-22,78241,2748.38,84.07,231056.30659999998,74286.2721558667,3954.7278441333037,0.045,74684.20604842222,3556.7939515777834,True,False,0.010508451629375241,0.009412649992641266,0.007120724696625935
2024-10-23,77482,2717.54,84.056,228425.54223999998,73440.46240455253,4041.537595447473,0.04505000114440918,73834.16892984071,3647.8310701592854,True,False,-0.011451129631775525,-0.009748155512273447,0.007594963036002147
2024-10-24,77872,2735.7,84.05,229935.58499999996,73925.9520632726,3946.0479367273947,0.044869999885559085,74321.16168532269,3550.838314677312,True,False,0.006588901777621421,0.005020801772394616,0.0075829041653358185
2024-10-25,78009,2747.69,84.095,231066.99055,74289.70712299258,3719.2928770074213,0.04510000228881836,74688.27330359661,3320.7266964033915,True,False,0.0049084663799665975,0.0017577515575851312,0.007026195726039466
2024-10-28,78159,2741.98,84.06,230490.8388,74104.47017216712,4054.5298278328846,0.044819998741149905,74500.32798223874,3658.6720177612588,True,False,-0.002496554115715921,0.0019210087358284844,0.0070404477703974325
2024-10-29,78865,2775.13,84.05,233249.6765,74991.45642773321,3873.54357226679,0.044800000190734865,75391.92849634343,3473.071503656567,True,False,0.011898336058122495,0.008992316554925207,0.007261502110593654
2024-10-30,79257,2786.19,84.08,234262.8552,75317.20070088576,3939.7992991142382,0.044629998207092285,75718.35431853952,3538.6456814604753,True,False,0.004334344931857578,0.004958206992967587,0.007080594685287097
2024-10-31,78326,2743.8,84.061,230646.57180000003,74154.53945697431,4171.4605430256925,0.04432000160217285,74547.60108611257,3778.3989138874313,True,False,-0.015557251053736364,-0.011816132859979173,0.007705337332535101
2024-11-01,78829,2735.16,84.08,229972.2528,73937.74102592956,4891.2589740704425,0.04400000095367432,74327.69854896421,4501.30145103579,True,False,-0.0029278850351059696,0.006401345393114052,0.007617248455920652
2024-11-04,78401,2736.39,84.13,230212.49069999997,74014.97924670856,4386.0207532914355,0.04418000221252441,74406.44494167154,3994.555058328464,True,False,0.0010440933786595107,-0.005444267088482531,0.007382167348135945
2024-11-05,78490,2743.59,84.109,230760.61131,74191.20398347454,4298.796016525463,0.04422999858856201,74583.90821855523,3906.091781444775,True,False,0.0023781034768799556,0.0011345457616649297,0.007379256438295738
2024-11-06,76689,2659.24,84.31,224200.5244,72082.08863954217,4606.911360457831,0.04429999828338623,72464.04595076873,4224.954049231266,True,False,-0.02884000888276965,-0.023212945956683984,0.00901583502509914
2024-11-07,77386,2706.99,84.293,228180.30807,73361.6178468661,4024.3821531339054,0.04420000076293945,73749.7491328167,3636.2508671833057,True,False,0.01759529166726442,0.009047603500173217,0.009551287535724318
2024-11-08,77248,2683.77,84.395,226496.76914999998,72820.34791904448,4427.652080955522,0.04422999858856201,73205.79602464777,4042.203975352226,True,False,-0.007405460702696467,-0.0017848602071451624,0.009635198737271719
2024-11-11,75382,2620.2,84.379,221089.8558,71081.98620734,4300.01379266,0.04414999961853027,71457.76307082744,3924.2369291725627,True,False,-0.024161474369104107,-0.024452505751382924,0.010620290844375166
2024-11-12,74918,2597.27,84.38,219157.6426,70460.76570160914,4457.23429839086,0.04422999858856201,70833.72421437588,4084.2757856241224,True,False,-0.008777906126388938,-0.006174337645601446,0.010632257043039935
2024-11-13,74514,2573.78,84.416,217268.21248000002,69853.30026524347,4660.699734756534,0.04389999866485596,70221.1387264658,4292.861273534203,True,False,-0.008658707556911322,-0.005407154884131346,0.010462584845596949
2024-11-14,74151,2566.19,84.461,216742.97359,69684.43216679795,4466.567833202047,0.04382999897003174,70050.97835798604,4100.021642013962,True,False,-0.0024203945118268936,-0.004883472524278147,0.010465610150162513
2024-11-15,73965,2561.24,84.424,216230.12576,69519.5478836787,4445.452116321307,0.0439300012588501,69885.80118378784,4079.198816212156,True,False,-0.002368960430154158,-0.0025115463254731913,0.010468778402593174
2024-11-18,75039,2612.2,84.398,220464.4556,70880.9155239764,4158.084476023607,0.04402999877929688,71254.92662510059,3784.07337489941,True,False,0.019393245211402357,0.014415970038962379,0.011093205513828674
2024-11-19,75555,2631.68,84.39,222087.4752,71402.728053113,4152.2719468870055,0.04407999992370606,71779.78754815013,3775.212451849875,True,False,0.007334853894359815,0.006852889482561964,0.011059174396465499
2024-11-20,76008,2650.05,84.36,223558.21800000002,71875.58249071648,4132.417509283521,0.04409999847412109,72255.25777583104,3752.7422241689637,True,False,0.00660052666091625,0.005977730038724844,0.011063698829215632
2024-11-21,76689,2669.69,84.495,225575.45655,72524.13926085489,4164.860739145108,0.04413000106811524,72907.42026666246,3781.5797333375376,True,False,0.008982858462103335,0.00891968427758985,0.01108356963586594
2024-11-22,77579,2712.55,84.426,229009.74630000003,73628.28823122801,3950.7117687719874,0.04414999961853027,74017.52618998138,3561.4738100186223,True,False,0.015109841093247114,0.011538489826624622,0.01120818250284713
2024-11-25,75377,2625.26,84.26,221204.40760000004,71118.81543877699,4258.18456122301,0.0440500020980835,71494.19938960238,3882.800610397622,True,False,-0.03467736760197272,-0.028794583316650402,0.012943056588940379
2024-11-26,75293,2631.89,84.319,221918.33291,71348.34758467696,3944.652415323042,0.04394999980926514,71724.3535358327,3568.6464641672937,True,False,0.00322224910820637,-0.0011150196947352505,0.012938513208050811
2024-11-27,75788,2635.51,84.41,222463.3991,71523.59030334206,4264.409696657938,0.04385000228881836,71899.92883792208,3888.0711620779184,True,False,0.0024531452311583224,0.0065527997728384284,0.012918282858935882
2024-11-29,76485,2653.55,84.559,224381.53445,72140.28467857315,4344.715321426847,0.043730001449584964,72519.1528326751,3965.8471673249005,True,False,0.00858529206743762,0.009154674405113018,0.012947403920321673
2024-12-02,75815,2638.93,84.74,223622.92819999997,71896.38728760427,3918.6127123957267,0.04380000114440918,72274.39035752954,3540.609642470459,True,False,-0.0033866045465543097,-0.00879848092232614,0.012793295172811886
2024-12-03,75934,2643.44,84.676,223835.92544000002,71964.8674393557,3969.132560644299,0.043569998741149904,72341.86296539976,3592.137034600237,True,False,0.0009520305804883541,0.0015683796847841608,0.012796661119791762
2024-12-04,76036,2649.79,84.693,224418.66447,72152.22224830004,3883.777751699963,0.043449997901916504,72529.48388438944,3506.5161156105605,True,False,0.002600037440342843,0.001342370406220233,0.012638107764903551
2024-12-05,76353,2632.05,84.684,222892.5222,71661.5564807819,4691.443519218097,0.043299999237060544,72035.36447265118,4317.635527348815,True,False,-0.006823653139882178,0.004160411279640005,0.012533601039292025
2024-12-06,76185,2632.91,84.668,222923.22388,71671.4272927484,4513.572707251602,0.04295000076293945,72043.21427690715,4141.785723092849,True,False,0.00013773259611620783,-0.002202730702229051,0.012457259083515521
2024-12-09,76999,2658.78,84.829,225541.64862,72513.26976706802,4485.730232931979,0.04293000221252442,72889.3038992469,4109.696100753106,True,False,0.011677411788323294,0.010627841835046885,0.012628694540254233
2024-12-10,77745,2693.64,84.88,228636.16319999998,73508.17856511324,4236.821434886762,0.0428499984741211,73888.88615520373,3856.113844796273,True,False,0.013627096640794877,0.009641805553414746,0.012894597854694845
2024-12-11,78287,2717.93,84.795,230466.87435,74096.765428328,4190.234571672001,0.04255000114440918,74478.68491269276,3808.3150873072445,True,False,0.007975206886572732,0.006947320805724937,0.012786383393525795
2024-12-12,77400,2681.33,84.825,227443.81725,73124.83072644557,4275.169273554435,0.04223000049591064,73499.80735968008,3900.1926403199177,True,False,-0.013203889212406355,-0.011394780519823143,0.01296218142634822
2024-12-13,76592,2648.39,84.782,224535.80097999997,72189.88248267879,4402.1175173212105,0.04217999935150146,72559.76659893595,4032.233401064048,True,False,-0.012868086436768318,-0.010494147945528233,0.01286687911519911
2024-12-16,76486,2652.5,84.89,225170.725,72394.01514299033,4091.9848570096656,0.04228000164031982,72765.54327156492,3720.456728435078,True,False,0.0028237279434345755,-0.0013849151013501815,0.01287838996023501
2024-12-17,76314,2645.54,84.902,224611.63708,72214.26433681096,4099.735663189043,0.04239999771118164,72585.58586483233,3728.4141351676662,True,False,-0.0024860388271471315,-0.0022513098514005576,0.0128780006341454
2024-12-18,76115,2587.63,84.867,219604.39521000002,70604.39989390262,5510.6001060973795,0.0423199987411499,70966.97696531299,5148.0230346870085,True,False,-0.02254512937615823,-0.0026110531861850564,0.013455472188603657
2024-12-19,75191,2593.85,85.088,220705.50879999998,70958.41586959666,4232.584130403338,0.0421999979019165,71322.10747145071,3868.892528549288,True,False,0.0050015494785811895,-0.012213811568811631,0.012480790192771186
2024-12-20,75786,2620.77,84.947,222626.54919000002,71576.04423617921,4209.955763820792,0.04215000152587891,71942.60580837906,3843.394191620944,True,False,0.008666426796740146,0.007882036077487478,0.012135494153627078
2024-12-23,75506,2612.93,85.095,222347.27834999998,71486.25664314305,4019.743356856954,0.04215000152587891,71852.35838717526,3653.6416128247365,True,False,-0.001255223832879859,-0.0037014557238276313,0.012072215454847544
2024-12-24,75562,2613.2,85.176,222581.9232,71561.69665793238,4000.303342067622,0.04199999809265137,71927.29795137513,3634.7020486248657,True,False,0.0010547515017494586,0.0007413880181779847,0.011224414778755399
2024-12-26,76114,2634.43,85.254,224595.69522,72209.13891362709,3904.861086372912,0.04215000152587891,72578.94274631776,3535.0572536822438,True,False,0.009006647694693812,0.00727870509582333,0.011202197385723898
2024-12-27,75783,2620.0,85.388,223716.56000000003,71926.49058787596,3856.50941212404,0.04177999973297119,72292.64836410509,3490.3516358949128,True,False,-0.003921982219598621,-0.0043582233213390505,0.011096921619168617
2024-12-30,75517,2605.39,85.474,222693.10486,71597.44236500715,3919.557634992845,0.04182000160217285,71962.16164676702,3554.8383532329754,True,False,-0.004585281250495915,-0.003516196616795812,0.011126761500065294
2024-12-31,76232,2623.81,85.554,224477.44074,72171.119243815,4060.880756184997,0.04208000183105469,72540.31101221278,3691.6889877872163,True,False,0.007980603230307172,0.009423525573954821,0.011182130680900456
2025-01-02,76849,2657.16,85.76,227878.0416,73264.43699262141,3584.563007378587,0.04208000183105469,73639.22163414257,3209.7783658574335,True,False,0.01503536512675617,0.00806113549231251,0.010964468469601144
2025-01-03,76813,2639.12,85.761,226333.57031999997,72767.87831594514,4045.1216840548586,0.04192999839782715,73139.22106612768,3673.7789338723233,True,False,-0.006800694619168311,-0.00046856087593094884,0.01099110053473828
2025-01-06,77149,2635.33,85.7,225847.781,72611.6935393123,4537.3064606877015,0.04190000057220459,72982.0593178941,4166.940682105895,True,False,-0.002148649012069364,0.004364720300096936,0.010943221838756276
2025-01-07,77514,2649.49,85.803,227334.19046999997,73089.58492452618,4424.415075473822,0.04203000068664551,73463.17319832282,4050.8268016771763,True,False,0.006559902616950597,0.004719948243853464,0.010886023626230139
2025-01-08,77737,2662.06,85.917,228716.20902,73533.91387464434,4203.086125355665,0.04204999923706055,73909.89476711972,3827.105232880276,True,False,0.006060833548651211,0.002872769300868668,0.010581444310260642
2025-01-10,78398,2689.63,86.165,231751.96895000004,74509.93262816082,3888.067371839177,0.04212999820709228,74891.39635956733,3506.6036404326733,True,False,0.013185727305713775,0.008467082319801903,0.008602556918406204
2025-01-13,78159,2662.12,86.646,230662.04952,74159.51565579436,3999.4843442056444,0.04217999935150146,74539.49171292376,3619.5082870762417,True,False,-0.004714050201069339,-0.0030532034423776636,0.008671198039219202
2025-01-14,78151,2677.16,86.525,231641.269,74474.34179433182,3676.65820566818,0.04212999820709228,74855.62331362515,3295.376686374846,True,False,0.0042362704535892646,-0.00010236069358304918,0.00868555844272943
2025-01-15,78658,2695.82,86.38,232864.9316,74867.7581622647,3790.2418377353024,0.04204999923706055,75250.55903669477,3407.4409633052273,True,False,0.0052686721040366355,0.006466488105941816,0.008611044721884292
2025-01-16,79160,2713.77,86.57,234931.06889999998,75532.03623386435,3627.9637661356537,0.04195000171661377,75917.60961261373,3242.390387386273,True,False,0.008833554511462515,0.006361779937494133,0.008673590999778226
2025-01-17,79003,2701.55,86.571,233875.88505,75192.78700146286,3810.212998537143,0.04192999839782715,75576.50433616072,3426.495663839276,True,False,-0.004501578412951624,-0.0019852943048192144,0.008745454215289649
2025-01-21,79179,2744.39,86.452,237258.00428,76280.16277267832,2898.837227321681,0.04197000026702881,76669.681185543,2509.3188144570013,True,False,0.014357605792355994,0.002225285716804765,0.009056120219265808
2025-01-22,79535,2755.02,86.45,238171.479,76573.85149581237,2961.1485041876294,0.04215000152587891,76966.00828085463,2568.9917191453715,True,False,0.00384273957003076,0.004486064203973169,0.008911899382467418
2025-01-23,79594,2753.69,86.43,238001.4267,76519.17845258572,3074.821547414278,0.04212999820709228,76910.92879119294,2683.0712088070577,True,False,-0.000714246044635118,0.0007415367746113589,0.00892008459071816
2025-01-24,79944,2771.3,86.2,238886.06000000003,76803.59445078528,3140.4055492147163,0.04204999923706055,77196.2933085688,2747.7066914312018,True,False,0.003710033663585881,0.004387676434553088,0.00874449525771379
2025-01-27,79510,2741.1,86.35,236693.985,76098.82649862554,3411.173501374462,0.04188000202178955,76486.85314841538,3023.146851584621,True,False,-0.009218597571673762,-0.005443589646096086,0.008684021229914601
2025-01-28,80163,2763.11,86.584,239241.11624000003,76917.74759753727,3245.2524024627346,0.04190000057220459,77310.0769881236,2852.9230118763953,True,False,0.010703793657190831,0.008179261872559813,0.008771767206718442
2025-01-29,80310,2757.71,86.63,238900.4173,76808.21042647933,3501.7895735206694,0.04188000202178955,77199.85421311088,3110.1457868891157,True,False,-0.0014250968542226915,0.00183208441441895,0.00835648800581878
2025-01-30,81539,2793.88,86.545,241796.3446,77739.27197903773,3799.7280209622695,0.04182000160217285,78135.27790472687,3403.7220952731295,True,False,0.012049019527779389,0.015187287195985407,0.008099291885999832
2025-01-31,81836,2801.0,86.536,242387.336,77929.27998456766,3906.7200154323364,0.04188000202178955,78326.64008621775,3509.3599137822457,True,False,0.00244118799197768,0.003635811197223746,0.008099014771914489
2025-02-03,82625,2813.49,86.96,244661.09039999996,78660.30845403249,3964.6915459675074,0.04190000057220459,79061.52601230759,3563.473987692414,True,False,0.00933693980006645,0.009595053578270429,0.008137806215424589
2025-02-04,83162,2841.94,87.07,247447.71579999998,79556.22865593903,3605.771344060966,0.04212999820709228,79963.52758601823,3198.47241398177,True,False,0.011325361993514227,0.006478214552814615,0.006718910941278709
2025-02-05,83976,2865.09,87.336,250225.50024,80449.3064253219,3526.6935746780946,0.04210000038146973,80860.97821944705,3115.0217805529537,True,False,0.011163201864298759,0.009740531008831632,0.006844252882882211
2025-02-06,83856,2856.5,87.58,250172.27,80432.19251852685,3423.8074814731517,0.04212999820709228,80843.97606470773,3012.0239352922654,True,False,-0.00021275170820705722,-0.0014300016736861114,0.0068357307878710045
2025-02-07,84378,2860.39,87.627,250647.39452999996,80584.94848811226,3793.0515118877374,0.04228000164031982,80998.51271775103,3379.4872822489706,True,False,0.0018973882464717912,0.006205662056355262,0.00677791743170934
2025-02-10,85308,2907.34,87.469,254302.12245999998,81759.96992621408,3548.0300737859216,0.04228000164031982,82179.5643990307,3128.4356009693,True,False,0.014475869875056129,0.010961532619180701,0.007015998716859099
2025-02-11,85113,2898.34,86.789,251544.03026000003,80873.22335428488,4239.776645715116,0.04224999904632568,81288.06656476489,3824.9334352351143,True,False,-0.010904973844136285,-0.002288451365751852,0.007494683144647031
2025-02-12,85024,2903.66,86.9,252328.054,81125.29265195235,3898.707348047654,0.04228000164031982,81541.62994308773,3482.370056912274,True,False,0.0031119976566793325,-0.0010462157921914553,0.007354224135958341
2025-02-13,85368,2929.03,86.69,253917.61070000002,81636.34661694022,3731.6533830597764,0.04212999820709228,82054.29499376002,3313.7050062399794,True,False,0.006279804587539747,0.004037753736860666,0.007181767124305194
2025-02-14,84331,2883.18,86.62,249741.0516,80293.55268699663,4037.447313003373,0.04212999820709228,80704.62644770877,3626.373552291232,True,False,-0.016585259619899168,-0.012221791621808682,0.008098349578234177
2025-02-18,85742,2935.58,86.867,255005.02786,81985.95909142058,3756.0409085794236,0.04212999820709228,82405.69735684122,3336.3026431587787,True,False,0.020858674604741917,0.016593255540753863,0.008445367964438674
2025-02-19,85719,2932.64,86.89,254817.08959999998,81925.53558281221,3793.464417187788,0.04217999935150146,82345.30291426914,3373.6970857308625,True,False,-0.0007372699695707292,-0.0002682825848204973,0.008254584797907288
2025-02-20,85830,2938.7,86.561,254376.8107,81783.98273506196,4046.01726493804,0.04204999923706055,82202.14645298047,3627.8535470195347,True,False,-0.001729317690032093,0.0012940910817401405,0.008244248139925366
2025-02-21,85795,2936.03,86.572,254177.98916000003,81720.0601732924,4074.939826707603,0.04197000026702881,82137.35697734836,3657.6430226516386,True,False,-0.0007819080664830285,-0.00040786599254423234,0.008273486387044107
2025-02-24,86030,2951.19,86.66,255750.1254,82225.51333451219,3804.4866654878133,0.04190000057220459,82644.91570320832,3385.0842967916833,True,False,0.006166128818196163,0.0027353428956724828,0.008274535745220048
2025-02-25,85589,2915.12,87.13,253994.40559999997,81661.03673220055,3927.9632677994523,0.04182000160217285,82077.02023218226,3511.979767817742,True,False,-0.006888653575068343,-0.005139302415890481,0.008294660329733276
2025-02-26,85837,2916.19,87.113,254038.05947,81675.07176684297,4161.928233157028,0.04192999839782715,82091.86893714895,3745.1310628510546,True,False,0.00017185464752326622,0.002893378752509884,0.008184090407682114
2025-02-27,85123,2876.19,87.33,251177.6727,80755.43675149098,4367.563248509017,0.04195000171661377,81167.67436817918,3955.325631820815,True,False,-0.011323548146591074,-0.00835287963670758,0.008599800138606619
2025-02-28,84269,2858.6,87.466,250030.30759999997,80386.5505811243,3882.4494188756944,0.04192999839782715,80796.77228143107,3472.227718568931,True,False,-0.004578407165624878,-0.010083206238515741,0.008685830706569532
2025-03-03,85355,2893.71,87.26,252505.13460000002,81182.22534441463,4172.774655585366,0.04192999839782715,81596.50746343483,3758.4925365651725,True,False,0.00984944264373017,0.012804966738063348,0.008713830715465025
2025-03-04,86007,2917.49,87.255,254565.58994999997,81844.6766280322,4162.3233719677955,0.04195000171661377,82262.4745595273,3744.525440472702,True,False,0.008126940053252289,0.00760965845720716,0.008673636651268529
2025-03-05,85848,2918.84,86.88,253588.8192,81530.63777388397,4317.362226116034,0.04204999923706055,81947.50613215698,3900.493867843019,True,False,-0.0038443903483413996,-0.001850397665096969,0.008473457571504186
2025-03-06,86002,2909.99,87.011,253201.13988999996,81405.99607439675,4596.003925603247,0.04197000026702881,81821.68913581644,4180.310864183557,True,False,-0.0015299410679598922,0.0017922611722227624,0.008494703024489247
2025-03-07,85896,2910.79,87.1,253529.80899999998,81511.66556818364,4384.334431816358,0.04197000026702881,81927.89822223151,3968.10177776849,True,False,0.001297213666579224,-0.0012332896652145786,0.008480141713096459
2025-03-10,85460,2889.4,87.29,252215.72600000002,81089.17838828429,4370.8216117157135,0.04184999942779541,81502.44977673498,3957.550223265018,True,False,-0.005196629001293211,-0.005088831915955449,0.008577430625186061
2025-03-11,86113,2916.04,87.176,254208.70304,81729.93490764705,4383.0650923529465,0.04195000171661377,82147.14710949658,3965.852890503418,True,False,0.007870818287636213,0.0076119570445405405,0.008385060559495958
2025-03-12,86661,2932.06,87.15,255529.029,82154.42924429727,4506.5707557027345,0.04197000026702881,82573.94411849079,4087.055881509208,True,False,0.0051804244802179066,0.006343568333946974,0.00825562146415061
2025-03-13,87694,2987.75,86.897,259626.51175,83471.79955632004,4222.200443679962,0.04188000202178955,83897.42087302133,3796.5791269786714,True,False,0.015908085372444338,0.01184952639204337,0.008593132658604698
2025-03-14,87924,2984.42,86.941,259468.45922000002,83420.98452585723,4503.015474142769,0.04188000202178955,83846.34673756392,4077.6532624360843,True,False,-0.0006089542134796673,0.002619322979417443,0.008431211242242196
2025-03-17,87976,3001.47,86.69,260197.43429999996,83655.35528155994,4320.64471844006,0.04188000202178955,84081.91254584928,3894.087454150722,True,False,0.0028055547506392986,0.0005912450428062842,0.008431607613304496
2025-03-18,88660,3033.95,86.51,262467.0145,84385.04171556256,4274.958284437438,0.04195000171661377,84815.80761666228,3844.1923833377223,True,False,0.008684709550439365,0.007744779308274101,0.008413828502734503
2025-03-19,88564,3047.18,86.31,263002.1058,84557.07743501535,4006.9225649846485,0.04190000057220459,84988.37226223029,3575.6277377697115,True,False,0.0020366239015166456,-0.0010833748181918036,0.008240969870711894
2025-03-20,88646,3044.41,86.32,262793.47119999997,84489.99990354782,4156.000096452175,0.04182000160217285,84920.39421740636,3725.605782593644,True,False,-0.0007935959147475526,0.0009254557401108708,0.008071524590533799
2025-03-21,87785,3023.63,85.99,260001.9437,83592.50364106933,4192.496358930672,0.04184999942779541,84018.53323873517,3766.4667612648336,True,False,-0.010679336318253801,-0.00976026701765477,0.008374596363160295
2025-03-24,87313,3012.27,85.56,257729.8212,82861.99983924639,4451.0001607536105,0.04182000160217285,83284.1010773393,4028.8989226606936,True,False,-0.008777275188253346,-0.005391279663480368,0.008572109068730878
2025-03-25,87566,3019.85,85.583,258447.82254999998,83092.84246145931,4473.15753854069,0.04182000160217285,83516.11961802909,4049.8803819709137,True,False,0.0027819950041399464,0.002893431189662227,0.008192309473657532
2025-03-26,87506,3019.29,85.625,258526.70625,83118.20414101306,4387.795858986938,0.04190000057220459,83542.15980008802,3963.8401999119815,True,False,0.0003051744185358853,-0.0006854323061264275,0.007902868793823969
2025-03-27,88213,3056.1,85.64,261724.40399999998,84146.28707380198,4066.7129261980153,0.04188000202178955,84575.34759112929,3637.6524088707083,True,False,0.012293056012237662,0.008046982000591488,0.008164411020135164
2025-03-28,88759,3084.03,85.534,263789.42202000006,84810.20528879388,3948.794711206123,0.04188000202178955,85242.65111404972,3516.348885950283,True,False,0.007859083992073435,0.006170487222921286,0.008203168621437358
